arm,graph_id,seed,result_sha256,audited_ok,status,value_ticks,contact_seconds,wall_seconds,cpu_seconds,peak_rss_bytes,input_sha256,dimacs_sha256,metis_sha256,source_sha256,binary_sha256,runner_sha256
grasp,CP-SCALE-AU-L002__g0340,67,5baf1d7ebb33406edb9cb88719085657e8dcbfb249e82b1118d5b7a7946ded6f,True,ok,1554974513122,1554974.513122,898.543647274375,897.952609422,16265216,f45451c354383da570944ddf0fc7898e9cd7056ac0ff54e97a2a2c4b69036697,c8b742a3cb5d2b2c2fa20e188a036793824945f3cf054e1fcf612f13ab2608e0,b9e304855edfdb5fb7e8495a92ae1f2f358142e5cfb628fd6a50a8d0aea57dbb,e3326bab571697a65ffa915c7aba3011cb3fe82fd0ef18f268579259d35f3133,3d0ab08225265c96f0695bf867f189c168d4ec1cb5da5f7c43d9012f4682b8a5,5fb57c0554483ddcc94060a2845965d92d7454230612bfaab3ee222252868d59
grasp,CP-SCALE-AU-L002__g0340,71,dda28e1efbb5424c8be67a4e04a318126b2470f6d62efcc4e844866e5f182913,True,ok,1555013792110,1555013.79211,898.5409571416676,898.3525415940001,16195584,f45451c354383da570944ddf0fc7898e9cd7056ac0ff54e97a2a2c4b69036697,c8b742a3cb5d2b2c2fa20e188a036793824945f3cf054e1fcf612f13ab2608e0,b9e304855edfdb5fb7e8495a92ae1f2f358142e5cfb628fd6a50a8d0aea57dbb,e3326bab571697a65ffa915c7aba3011cb3fe82fd0ef18f268579259d35f3133,3d0ab08225265c96f0695bf867f189c168d4ec1cb5da5f7c43d9012f4682b8a5,5fb57c0554483ddcc94060a2845965d92d7454230612bfaab3ee222252868d59
grasp,CP-SCALE-AU-L002__g0340,73,6c0a02161a3d04343965ea44d17ae49be9105f88713a454e83a8613aedfea27b,True,ok,1557559856626,1557559.856626,898.5566867701709,897.6489784680001,16134144,f45451c354383da570944ddf0fc7898e9cd7056ac0ff54e97a2a2c4b69036697,c8b742a3cb5d2b2c2fa20e188a036793824945f3cf054e1fcf612f13ab2608e0,b9e304855edfdb5fb7e8495a92ae1f2f358142e5cfb628fd6a50a8d0aea57dbb,e3326bab571697a65ffa915c7aba3011cb3fe82fd0ef18f268579259d35f3133,3d0ab08225265c96f0695bf867f189c168d4ec1cb5da5f7c43d9012f4682b8a5,5fb57c0554483ddcc94060a2845965d92d7454230612bfaab3ee222252868d59
grasp,CP-SCALE-AU-L002__g0340,79,3b593633539dd47e575576a4f805ae9b4e88bf4205055eecf3b65518d7f5f651,True,ok,1555998942404,1555998.942404,898.5370085835457,897.531084697,16199680,f45451c354383da570944ddf0fc7898e9cd7056ac0ff54e97a2a2c4b69036697,c8b742a3cb5d2b2c2fa20e188a036793824945f3cf054e1fcf612f13ab2608e0,b9e304855edfdb5fb7e8495a92ae1f2f358142e5cfb628fd6a50a8d0aea57dbb,e3326bab571697a65ffa915c7aba3011cb3fe82fd0ef18f268579259d35f3133,3d0ab08225265c96f0695bf867f189c168d4ec1cb5da5f7c43d9012f4682b8a5,5fb57c0554483ddcc94060a2845965d92d7454230612bfaab3ee222252868d59
grasp,CP-SCALE-AU-L002__g0340,83,686346f495181b0d8f92767925afea0c2efa06a1a8a6796f083d1d5fc9c45e08,True,ok,1555617172325,1555617.172325,898.5827128402889,897.2619258349999,16199680,f45451c354383da570944ddf0fc7898e9cd7056ac0ff54e97a2a2c4b69036697,c8b742a3cb5d2b2c2fa20e188a036793824945f3cf054e1fcf612f13ab2608e0,b9e304855edfdb5fb7e8495a92ae1f2f358142e5cfb628fd6a50a8d0aea57dbb,e3326bab571697a65ffa915c7aba3011cb3fe82fd0ef18f268579259d35f3133,3d0ab08225265c96f0695bf867f189c168d4ec1cb5da5f7c43d9012f4682b8a5,5fb57c0554483ddcc94060a2845965d92d7454230612bfaab3ee222252868d59
grasp,CP-SCALE-AU-L002__g0680,67,9f0fe360b7e23f187391fb90122d7806c664e96e98623054e2353b65d3903be1,True,ok,1146056781893,1146056.781893,898.5451444908977,897.3525147779999,16134144,00df7ab3f84b2c1c98462e6a24a6844edfbe3af85b434c40e44bf86efcce2a7b,995f0804ff410a99dd874f895231582da58d09dcab11f9f9d73696aef3f83ad9,5f22ba9d7d7cff36e51798729d4ad89b593c5e36a7ac51ec9678121129022f5d,e3326bab571697a65ffa915c7aba3011cb3fe82fd0ef18f268579259d35f3133,3d0ab08225265c96f0695bf867f189c168d4ec1cb5da5f7c43d9012f4682b8a5,5fb57c0554483ddcc94060a2845965d92d7454230612bfaab3ee222252868d59
grasp,CP-SCALE-AU-L002__g0680,71,aee8d39f56853fdae80731ff4f5786edcb8ae854fccdcd29a392f0321ab09ddb,True,ok,1147043207979,1147043.207979,898.5677259936929,897.640173061,16265216,00df7ab3f84b2c1c98462e6a24a6844edfbe3af85b434c40e44bf86efcce2a7b,995f0804ff410a99dd874f895231582da58d09dcab11f9f9d73696aef3f83ad9,5f22ba9d7d7cff36e51798729d4ad89b593c5e36a7ac51ec9678121129022f5d,e3326bab571697a65ffa915c7aba3011cb3fe82fd0ef18f268579259d35f3133,3d0ab08225265c96f0695bf867f189c168d4ec1cb5da5f7c43d9012f4682b8a5,5fb57c0554483ddcc94060a2845965d92d7454230612bfaab3ee222252868d59
grasp,CP-SCALE-AU-L002__g0680,73,72a0071f5d77126c09de4dd35c77a0b92ffde38be945c10a1b7cb98363d496da,True,ok,1147372785989,1147372.785989,898.5809181630611,897.6437434070001,16199680,00df7ab3f84b2c1c98462e6a24a6844edfbe3af85b434c40e44bf86efcce2a7b,995f0804ff410a99dd874f895231582da58d09dcab11f9f9d73696aef3f83ad9,5f22ba9d7d7cff36e51798729d4ad89b593c5e36a7ac51ec9678121129022f5d,e3326bab571697a65ffa915c7aba3011cb3fe82fd0ef18f268579259d35f3133,3d0ab08225265c96f0695bf867f189c168d4ec1cb5da5f7c43d9012f4682b8a5,5fb57c0554483ddcc94060a2845965d92d7454230612bfaab3ee222252868d59
grasp,CP-SCALE-AU-L002__g0680,79,f39a869031224f97699ff131ea8394269bb8c10bc6eed5217f75ffb6b41a3bfb,True,ok,1146881949713,1146881.949713,898.5626885220408,898.398465234,16134144,00df7ab3f84b2c1c98462e6a24a6844edfbe3af85b434c40e44bf86efcce2a7b,995f0804ff410a99dd874f895231582da58d09dcab11f9f9d73696aef3f83ad9,5f22ba9d7d7cff36e51798729d4ad89b593c5e36a7ac51ec9678121129022f5d,e3326bab571697a65ffa915c7aba3011cb3fe82fd0ef18f268579259d35f3133,3d0ab08225265c96f0695bf867f189c168d4ec1cb5da5f7c43d9012f4682b8a5,5fb57c0554483ddcc94060a2845965d92d7454230612bfaab3ee222252868d59
grasp,CP-SCALE-AU-L002__g0680,83,d4ed1083535d1e2ebff7643abb697aacbda92c22d6f9268cc2a7809147349a99,True,ok,1146888090790,1146888.09079,898.5512839108706,898.396970431,16195584,00df7ab3f84b2c1c98462e6a24a6844edfbe3af85b434c40e44bf86efcce2a7b,995f0804ff410a99dd874f895231582da58d09dcab11f9f9d73696aef3f83ad9,5f22ba9d7d7cff36e51798729d4ad89b593c5e36a7ac51ec9678121129022f5d,e3326bab571697a65ffa915c7aba3011cb3fe82fd0ef18f268579259d35f3133,3d0ab08225265c96f0695bf867f189c168d4ec1cb5da5f7c43d9012f4682b8a5,5fb57c0554483ddcc94060a2845965d92d7454230612bfaab3ee222252868d59
grasp,CP-SCALE-AU-L002__g1200,67,14ae53b7241e7bd1ba5182273819850a22ca9a7aa816495f438d163fec6d77d5,True,ok,842164495448,842164.495448,898.5739612132311,896.366378132,18280448,daaf6d54933abd24eb20b16c253177d674328b8555bf6b795088f76ab2e671b0,a15324e866e47e95f8c8416d3641a391f84447a9a2c830b3edd9159a7899e8ee,569d6192fc75989df45e581b6fe9404450d8a53bfb862ec952c5befbbf718e96,e3326bab571697a65ffa915c7aba3011cb3fe82fd0ef18f268579259d35f3133,3d0ab08225265c96f0695bf867f189c168d4ec1cb5da5f7c43d9012f4682b8a5,5fb57c0554483ddcc94060a2845965d92d7454230612bfaab3ee222252868d59
grasp,CP-SCALE-AU-L002__g1200,71,da064de8041f8069156eb01dfe2604f36ed61d0d614d479eef5f0d583e068da7,True,ok,843456919544,843456.919544,898.5802426077425,896.856116921,18198528,daaf6d54933abd24eb20b16c253177d674328b8555bf6b795088f76ab2e671b0,a15324e866e47e95f8c8416d3641a391f84447a9a2c830b3edd9159a7899e8ee,569d6192fc75989df45e581b6fe9404450d8a53bfb862ec952c5befbbf718e96,e3326bab571697a65ffa915c7aba3011cb3fe82fd0ef18f268579259d35f3133,3d0ab08225265c96f0695bf867f189c168d4ec1cb5da5f7c43d9012f4682b8a5,5fb57c0554483ddcc94060a2845965d92d7454230612bfaab3ee222252868d59
grasp,CP-SCALE-AU-L002__g1200,73,bd1656aa25882e418f377ecd3b3f623acda6a4ef06697517bf175a1f22030fb3,True,ok,842374601056,842374.601056,898.5687086209655,896.8196748830001,18243584,daaf6d54933abd24eb20b16c253177d674328b8555bf6b795088f76ab2e671b0,a15324e866e47e95f8c8416d3641a391f84447a9a2c830b3edd9159a7899e8ee,569d6192fc75989df45e581b6fe9404450d8a53bfb862ec952c5befbbf718e96,e3326bab571697a65ffa915c7aba3011cb3fe82fd0ef18f268579259d35f3133,3d0ab08225265c96f0695bf867f189c168d4ec1cb5da5f7c43d9012f4682b8a5,5fb57c0554483ddcc94060a2845965d92d7454230612bfaab3ee222252868d59
grasp,CP-SCALE-AU-L002__g1200,79,120c48f6d0dfff6f10d6ece7f149f087319430b8d957bbaa817dbbd4a7abc052,True,ok,842027571667,842027.571667,898.6266790963709,898.450623322,18169856,daaf6d54933abd24eb20b16c253177d674328b8555bf6b795088f76ab2e671b0,a15324e866e47e95f8c8416d3641a391f84447a9a2c830b3edd9159a7899e8ee,569d6192fc75989df45e581b6fe9404450d8a53bfb862ec952c5befbbf718e96,e3326bab571697a65ffa915c7aba3011cb3fe82fd0ef18f268579259d35f3133,3d0ab08225265c96f0695bf867f189c168d4ec1cb5da5f7c43d9012f4682b8a5,5fb57c0554483ddcc94060a2845965d92d7454230612bfaab3ee222252868d59
grasp,CP-SCALE-AU-L002__g1200,83,d271234ad7c5fde937f9bcc2d390a4efd4f964aaf0ea2e6305a0e02250ed7be9,True,ok,843361353544,843361.353544,898.59614373371,897.54385904,18268160,daaf6d54933abd24eb20b16c253177d674328b8555bf6b795088f76ab2e671b0,a15324e866e47e95f8c8416d3641a391f84447a9a2c830b3edd9159a7899e8ee,569d6192fc75989df45e581b6fe9404450d8a53bfb862ec952c5befbbf718e96,e3326bab571697a65ffa915c7aba3011cb3fe82fd0ef18f268579259d35f3133,3d0ab08225265c96f0695bf867f189c168d4ec1cb5da5f7c43d9012f4682b8a5,5fb57c0554483ddcc94060a2845965d92d7454230612bfaab3ee222252868d59
grasp,CP-SCALE-AU-L002__g1800,67,54a9d547e471da3f025be9f08d311c1291c90de40077ab17aca159ce0e9df536,True,ok,627071165355,627071.165355,898.5909188389778,897.758995366,22499328,929df9f700cdd73c14aa1aed2a4b8ec88eb4dbaddb0252134dc68e9409a0829b,c7e8de6c6fdeb54f21118cfc4e2a9db35d7fd4504796793a135eb76213e4af14,de86543e54fed4c347730800c3f3e9ea4d90ca640b32121400956d3de1f7ed32,e3326bab571697a65ffa915c7aba3011cb3fe82fd0ef18f268579259d35f3133,3d0ab08225265c96f0695bf867f189c168d4ec1cb5da5f7c43d9012f4682b8a5,5fb57c0554483ddcc94060a2845965d92d7454230612bfaab3ee222252868d59
grasp,CP-SCALE-AU-L002__g1800,71,32c475f7fdee8b597c1c576663e262346e00553aadbfa88725faddbbc28702ac,True,ok,629516689443,629516.689443,898.6035689078271,897.7668281549999,22441984,929df9f700cdd73c14aa1aed2a4b8ec88eb4dbaddb0252134dc68e9409a0829b,c7e8de6c6fdeb54f21118cfc4e2a9db35d7fd4504796793a135eb76213e4af14,de86543e54fed4c347730800c3f3e9ea4d90ca640b32121400956d3de1f7ed32,e3326bab571697a65ffa915c7aba3011cb3fe82fd0ef18f268579259d35f3133,3d0ab08225265c96f0695bf867f189c168d4ec1cb5da5f7c43d9012f4682b8a5,5fb57c0554483ddcc94060a2845965d92d7454230612bfaab3ee222252868d59
grasp,CP-SCALE-AU-L002__g1800,73,0302153e9d160e2af69c6b21312500d9c1349d64fa06d9ec8fbaef651260dabc,True,ok,627605477300,627605.4773,898.6180455796421,898.3707903159999,22589440,929df9f700cdd73c14aa1aed2a4b8ec88eb4dbaddb0252134dc68e9409a0829b,c7e8de6c6fdeb54f21118cfc4e2a9db35d7fd4504796793a135eb76213e4af14,de86543e54fed4c347730800c3f3e9ea4d90ca640b32121400956d3de1f7ed32,e3326bab571697a65ffa915c7aba3011cb3fe82fd0ef18f268579259d35f3133,3d0ab08225265c96f0695bf867f189c168d4ec1cb5da5f7c43d9012f4682b8a5,5fb57c0554483ddcc94060a2845965d92d7454230612bfaab3ee222252868d59
grasp,CP-SCALE-AU-L002__g1800,79,29fe262bd525f0d0c78934ee5cd7f8a019e972475360959d09eab637d32843c3,True,ok,628215971052,628215.971052,898.5842000842094,897.2113964360001,22618112,929df9f700cdd73c14aa1aed2a4b8ec88eb4dbaddb0252134dc68e9409a0829b,c7e8de6c6fdeb54f21118cfc4e2a9db35d7fd4504796793a135eb76213e4af14,de86543e54fed4c347730800c3f3e9ea4d90ca640b32121400956d3de1f7ed32,e3326bab571697a65ffa915c7aba3011cb3fe82fd0ef18f268579259d35f3133,3d0ab08225265c96f0695bf867f189c168d4ec1cb5da5f7c43d9012f4682b8a5,5fb57c0554483ddcc94060a2845965d92d7454230612bfaab3ee222252868d59
grasp,CP-SCALE-AU-L002__g1800,83,55edd7d2aebf7e6c33d464ba98d81a30ba83236a549a66598e3223eceb923542,True,ok,627791117875,627791.117875,898.602018661797,897.8230930860001,22556672,929df9f700cdd73c14aa1aed2a4b8ec88eb4dbaddb0252134dc68e9409a0829b,c7e8de6c6fdeb54f21118cfc4e2a9db35d7fd4504796793a135eb76213e4af14,de86543e54fed4c347730800c3f3e9ea4d90ca640b32121400956d3de1f7ed32,e3326bab571697a65ffa915c7aba3011cb3fe82fd0ef18f268579259d35f3133,3d0ab08225265c96f0695bf867f189c168d4ec1cb5da5f7c43d9012f4682b8a5,5fb57c0554483ddcc94060a2845965d92d7454230612bfaab3ee222252868d59
grasp,CP-SCALE-AU-L002__gW0340_gE1200_s0150,67,a4500a6c3c2273f58da66cc493fb22dafebf368bfedea619e8b03b8c7449116a,True,ok,1196097636579,1196097.636579,898.5404322072864,897.885361699,16334848,c19525c20997580aae8cc683586362d193926c2b0a5acb702c039bb37584a967,c0a413b3ea01bfbca43e364a298c87d3eaecdaa35c400e70f9e622ecbeb2a61d,0a4e0c1bf13759311125be9766c84c8b097c68abe0d87e720532c989161b0979,e3326bab571697a65ffa915c7aba3011cb3fe82fd0ef18f268579259d35f3133,3d0ab08225265c96f0695bf867f189c168d4ec1cb5da5f7c43d9012f4682b8a5,5fb57c0554483ddcc94060a2845965d92d7454230612bfaab3ee222252868d59
grasp,CP-SCALE-AU-L002__gW0340_gE1200_s0150,71,65b7a30d3b495a23d753be3e8ec298f7fefc4f9bae8fcb61dfcd1052bced583f,True,ok,1195101161148,1195101.161148,898.610361866653,898.4468934380001,16228352,c19525c20997580aae8cc683586362d193926c2b0a5acb702c039bb37584a967,c0a413b3ea01bfbca43e364a298c87d3eaecdaa35c400e70f9e622ecbeb2a61d,0a4e0c1bf13759311125be9766c84c8b097c68abe0d87e720532c989161b0979,e3326bab571697a65ffa915c7aba3011cb3fe82fd0ef18f268579259d35f3133,3d0ab08225265c96f0695bf867f189c168d4ec1cb5da5f7c43d9012f4682b8a5,5fb57c0554483ddcc94060a2845965d92d7454230612bfaab3ee222252868d59
grasp,CP-SCALE-AU-L002__gW0340_gE1200_s0150,73,c511c5ece662da15498a84403f79396550674bf8915ab311ce1a44472dcf9fc8,True,ok,1195357368859,1195357.368859,898.5583924241364,898.171177517,16269312,c19525c20997580aae8cc683586362d193926c2b0a5acb702c039bb37584a967,c0a413b3ea01bfbca43e364a298c87d3eaecdaa35c400e70f9e622ecbeb2a61d,0a4e0c1bf13759311125be9766c84c8b097c68abe0d87e720532c989161b0979,e3326bab571697a65ffa915c7aba3011cb3fe82fd0ef18f268579259d35f3133,3d0ab08225265c96f0695bf867f189c168d4ec1cb5da5f7c43d9012f4682b8a5,5fb57c0554483ddcc94060a2845965d92d7454230612bfaab3ee222252868d59
grasp,CP-SCALE-AU-L002__gW0340_gE1200_s0150,79,4a6e0d0895e6918840a082d0cf2a49ca9be91ae1b5660571338e2e44c300a750,True,ok,1196072987350,1196072.98735,898.5551108643413,897.896157581,16269312,c19525c20997580aae8cc683586362d193926c2b0a5acb702c039bb37584a967,c0a413b3ea01bfbca43e364a298c87d3eaecdaa35c400e70f9e622ecbeb2a61d,0a4e0c1bf13759311125be9766c84c8b097c68abe0d87e720532c989161b0979,e3326bab571697a65ffa915c7aba3011cb3fe82fd0ef18f268579259d35f3133,3d0ab08225265c96f0695bf867f189c168d4ec1cb5da5f7c43d9012f4682b8a5,5fb57c0554483ddcc94060a2845965d92d7454230612bfaab3ee222252868d59
grasp,CP-SCALE-AU-L002__gW0340_gE1200_s0150,83,769451ffe19eb17adfb8e928958961d86a86baad906282b86d48ce20effaf6bb,True,ok,1196024220248,1196024.220248,898.5583738796413,896.810631144,16203776,c19525c20997580aae8cc683586362d193926c2b0a5acb702c039bb37584a967,c0a413b3ea01bfbca43e364a298c87d3eaecdaa35c400e70f9e622ecbeb2a61d,0a4e0c1bf13759311125be9766c84c8b097c68abe0d87e720532c989161b0979,e3326bab571697a65ffa915c7aba3011cb3fe82fd0ef18f268579259d35f3133,3d0ab08225265c96f0695bf867f189c168d4ec1cb5da5f7c43d9012f4682b8a5,5fb57c0554483ddcc94060a2845965d92d7454230612bfaab3ee222252868d59
grasp,CP-SCALE-AU-L002__gW0680_gE1200_s0150,67,14e2ad0d54ccd0a0108b688e342fe3725605f52e1e384ced3b646c268dbbbb64,True,ok,993004761761,993004.761761,898.5802370645106,897.475338862,16293888,76b3ce4a426bc2159d59d0c133f7d5e3b01cafc6f3edf2313428f26881023dd4,c4d9762c3eec266e23b4fe68f5c4e6f47a655cb33364632e971d228a8742d61e,684e834ac8a79ee2835e1af7db316a91062e2acae7ae3b20f468c39554ed2496,e3326bab571697a65ffa915c7aba3011cb3fe82fd0ef18f268579259d35f3133,3d0ab08225265c96f0695bf867f189c168d4ec1cb5da5f7c43d9012f4682b8a5,5fb57c0554483ddcc94060a2845965d92d7454230612bfaab3ee222252868d59
grasp,CP-SCALE-AU-L002__gW0680_gE1200_s0150,71,ac3525fe42d02fd49ead621ecbb70e9f8ea9665385e3d1aa78f60767bc682087,True,ok,992236714168,992236.714168,898.5828924328089,897.4021924779998,16257024,76b3ce4a426bc2159d59d0c133f7d5e3b01cafc6f3edf2313428f26881023dd4,c4d9762c3eec266e23b4fe68f5c4e6f47a655cb33364632e971d228a8742d61e,684e834ac8a79ee2835e1af7db316a91062e2acae7ae3b20f468c39554ed2496,e3326bab571697a65ffa915c7aba3011cb3fe82fd0ef18f268579259d35f3133,3d0ab08225265c96f0695bf867f189c168d4ec1cb5da5f7c43d9012f4682b8a5,5fb57c0554483ddcc94060a2845965d92d7454230612bfaab3ee222252868d59
grasp,CP-SCALE-AU-L002__gW0680_gE1200_s0150,73,8646c0e59be591126c91001723abcd517745b524af046fa49f5d95997dabede5,True,ok,992902836524,992902.836524,898.596849553287,897.817917535,16392192,76b3ce4a426bc2159d59d0c133f7d5e3b01cafc6f3edf2313428f26881023dd4,c4d9762c3eec266e23b4fe68f5c4e6f47a655cb33364632e971d228a8742d61e,684e834ac8a79ee2835e1af7db316a91062e2acae7ae3b20f468c39554ed2496,e3326bab571697a65ffa915c7aba3011cb3fe82fd0ef18f268579259d35f3133,3d0ab08225265c96f0695bf867f189c168d4ec1cb5da5f7c43d9012f4682b8a5,5fb57c0554483ddcc94060a2845965d92d7454230612bfaab3ee222252868d59
grasp,CP-SCALE-AU-L002__gW0680_gE1200_s0150,79,9e339ac3c7141d7ecb6c9d2aa5fcb7fb6ce2695809338a106ce8e807fffbda87,True,ok,991690364158,991690.364158,898.5544201210141,897.9507759159999,16273408,76b3ce4a426bc2159d59d0c133f7d5e3b01cafc6f3edf2313428f26881023dd4,c4d9762c3eec266e23b4fe68f5c4e6f47a655cb33364632e971d228a8742d61e,684e834ac8a79ee2835e1af7db316a91062e2acae7ae3b20f468c39554ed2496,e3326bab571697a65ffa915c7aba3011cb3fe82fd0ef18f268579259d35f3133,3d0ab08225265c96f0695bf867f189c168d4ec1cb5da5f7c43d9012f4682b8a5,5fb57c0554483ddcc94060a2845965d92d7454230612bfaab3ee222252868d59
grasp,CP-SCALE-AU-L002__gW0680_gE1200_s0150,83,23dcf6578e2452b7895b0956eb443f6ca385897cd914c73e4a9ab2c18666acd2,True,ok,990994248951,990994.248951,898.5453004874289,897.734771356,16359424,76b3ce4a426bc2159d59d0c133f7d5e3b01cafc6f3edf2313428f26881023dd4,c4d9762c3eec266e23b4fe68f5c4e6f47a655cb33364632e971d228a8742d61e,684e834ac8a79ee2835e1af7db316a91062e2acae7ae3b20f468c39554ed2496,e3326bab571697a65ffa915c7aba3011cb3fe82fd0ef18f268579259d35f3133,3d0ab08225265c96f0695bf867f189c168d4ec1cb5da5f7c43d9012f4682b8a5,5fb57c0554483ddcc94060a2845965d92d7454230612bfaab3ee222252868d59
grasp,CP-SCALE-AU-L002__gW1200_gE0340_s0150,67,4e25ad87ed88ce6f89bfb1ca9bb3432bd5d0bfbed597f6b4cf44dd6587a64af3,True,ok,1195793915088,1195793.915088,898.5505869910121,897.961870749,16138240,68fd21ef61b7cfaa228bcc78aa122ab7ed1946dc1e9330e3ca3d0fbf6ff06af3,c60b0b6c328db05347dcc78d12178c8ae2632ee4b8c01108b7c47009d3a727c0,84bf3a1a010641df1372c6299d8a74bcf4a52b002b3d5595b886b47fd47e029a,e3326bab571697a65ffa915c7aba3011cb3fe82fd0ef18f268579259d35f3133,3d0ab08225265c96f0695bf867f189c168d4ec1cb5da5f7c43d9012f4682b8a5,5fb57c0554483ddcc94060a2845965d92d7454230612bfaab3ee222252868d59
grasp,CP-SCALE-AU-L002__gW1200_gE0340_s0150,71,8783ae62419db7eaa019a7fcf1b90f4009ccce08c8cdc088bf8b331cfe4c5297,True,ok,1195966718250,1195966.71825,898.5664193630219,897.8077459049999,16199680,68fd21ef61b7cfaa228bcc78aa122ab7ed1946dc1e9330e3ca3d0fbf6ff06af3,c60b0b6c328db05347dcc78d12178c8ae2632ee4b8c01108b7c47009d3a727c0,84bf3a1a010641df1372c6299d8a74bcf4a52b002b3d5595b886b47fd47e029a,e3326bab571697a65ffa915c7aba3011cb3fe82fd0ef18f268579259d35f3133,3d0ab08225265c96f0695bf867f189c168d4ec1cb5da5f7c43d9012f4682b8a5,5fb57c0554483ddcc94060a2845965d92d7454230612bfaab3ee222252868d59
grasp,CP-SCALE-AU-L002__gW1200_gE0340_s0150,73,ff238177f080bfcbaa4c39942b21cc9cb1014ab453c7bdf8f55e077fd829dd71,True,ok,1195703449327,1195703.449327,898.5471407063305,898.3905259159999,16265216,68fd21ef61b7cfaa228bcc78aa122ab7ed1946dc1e9330e3ca3d0fbf6ff06af3,c60b0b6c328db05347dcc78d12178c8ae2632ee4b8c01108b7c47009d3a727c0,84bf3a1a010641df1372c6299d8a74bcf4a52b002b3d5595b886b47fd47e029a,e3326bab571697a65ffa915c7aba3011cb3fe82fd0ef18f268579259d35f3133,3d0ab08225265c96f0695bf867f189c168d4ec1cb5da5f7c43d9012f4682b8a5,5fb57c0554483ddcc94060a2845965d92d7454230612bfaab3ee222252868d59
grasp,CP-SCALE-AU-L002__gW1200_gE0340_s0150,79,8bcb414c4d21017dad3f2e1d2340c9a9d6102dae9cf4b4dd1156080ad6754374,True,ok,1195806680092,1195806.680092,898.578679561615,897.934802805,16269312,68fd21ef61b7cfaa228bcc78aa122ab7ed1946dc1e9330e3ca3d0fbf6ff06af3,c60b0b6c328db05347dcc78d12178c8ae2632ee4b8c01108b7c47009d3a727c0,84bf3a1a010641df1372c6299d8a74bcf4a52b002b3d5595b886b47fd47e029a,e3326bab571697a65ffa915c7aba3011cb3fe82fd0ef18f268579259d35f3133,3d0ab08225265c96f0695bf867f189c168d4ec1cb5da5f7c43d9012f4682b8a5,5fb57c0554483ddcc94060a2845965d92d7454230612bfaab3ee222252868d59
grasp,CP-SCALE-AU-L002__gW1200_gE0340_s0150,83,0eb27e391fb8db4b6962f0b3e6bc5c53cf15e46d81371d147bb35215f53bbd6f,True,ok,1195012830426,1195012.830426,898.6004058979452,897.8177759600001,16203776,68fd21ef61b7cfaa228bcc78aa122ab7ed1946dc1e9330e3ca3d0fbf6ff06af3,c60b0b6c328db05347dcc78d12178c8ae2632ee4b8c01108b7c47009d3a727c0,84bf3a1a010641df1372c6299d8a74bcf4a52b002b3d5595b886b47fd47e029a,e3326bab571697a65ffa915c7aba3011cb3fe82fd0ef18f268579259d35f3133,3d0ab08225265c96f0695bf867f189c168d4ec1cb5da5f7c43d9012f4682b8a5,5fb57c0554483ddcc94060a2845965d92d7454230612bfaab3ee222252868d59
grasp,CP-SCALE-AU-L002__gW1200_gE0680_s0150,67,13c74005579f630cc2d9a21a6761f833141a6a8e0621e3efd1bf7f31bddb0948,True,ok,992161646960,992161.64696,898.5561461932957,897.86410213,16277504,97eed4ff2c5b4a84d1d1b8e9645e81fe0d40ff8e9fc4daac45e73da590f4615c,ab5a91fbccf56215712576c935c29f84474ad0f33f4d4c89f78aa06d9f04b2b2,c1d3dde9d56b734a24b1c67a89488e78a1b05309bab794ac59978e5243d88d48,e3326bab571697a65ffa915c7aba3011cb3fe82fd0ef18f268579259d35f3133,3d0ab08225265c96f0695bf867f189c168d4ec1cb5da5f7c43d9012f4682b8a5,5fb57c0554483ddcc94060a2845965d92d7454230612bfaab3ee222252868d59
grasp,CP-SCALE-AU-L002__gW1200_gE0680_s0150,71,6bb82cc942114305a24e173163c1d7468e8a0536bd7d22c17fde6fefdc4e30ab,True,ok,992781319514,992781.319514,898.5778368972242,896.777522904,16265216,97eed4ff2c5b4a84d1d1b8e9645e81fe0d40ff8e9fc4daac45e73da590f4615c,ab5a91fbccf56215712576c935c29f84474ad0f33f4d4c89f78aa06d9f04b2b2,c1d3dde9d56b734a24b1c67a89488e78a1b05309bab794ac59978e5243d88d48,e3326bab571697a65ffa915c7aba3011cb3fe82fd0ef18f268579259d35f3133,3d0ab08225265c96f0695bf867f189c168d4ec1cb5da5f7c43d9012f4682b8a5,5fb57c0554483ddcc94060a2845965d92d7454230612bfaab3ee222252868d59
grasp,CP-SCALE-AU-L002__gW1200_gE0680_s0150,73,619721dbcead73ab74700639c6c7b6a003be996b414a30fb20ff66d432da5e5a,True,ok,994291348401,994291.348401,898.600446626544,897.6441927470001,16289792,97eed4ff2c5b4a84d1d1b8e9645e81fe0d40ff8e9fc4daac45e73da590f4615c,ab5a91fbccf56215712576c935c29f84474ad0f33f4d4c89f78aa06d9f04b2b2,c1d3dde9d56b734a24b1c67a89488e78a1b05309bab794ac59978e5243d88d48,e3326bab571697a65ffa915c7aba3011cb3fe82fd0ef18f268579259d35f3133,3d0ab08225265c96f0695bf867f189c168d4ec1cb5da5f7c43d9012f4682b8a5,5fb57c0554483ddcc94060a2845965d92d7454230612bfaab3ee222252868d59
grasp,CP-SCALE-AU-L002__gW1200_gE0680_s0150,79,6e0971d0ae0f1c38ab93f51276d314f009a2d12601107f8b3c677a5f7ac13f6f,True,ok,992411229605,992411.229605,898.5790845304728,897.742282685,16355328,97eed4ff2c5b4a84d1d1b8e9645e81fe0d40ff8e9fc4daac45e73da590f4615c,ab5a91fbccf56215712576c935c29f84474ad0f33f4d4c89f78aa06d9f04b2b2,c1d3dde9d56b734a24b1c67a89488e78a1b05309bab794ac59978e5243d88d48,e3326bab571697a65ffa915c7aba3011cb3fe82fd0ef18f268579259d35f3133,3d0ab08225265c96f0695bf867f189c168d4ec1cb5da5f7c43d9012f4682b8a5,5fb57c0554483ddcc94060a2845965d92d7454230612bfaab3ee222252868d59
grasp,CP-SCALE-AU-L002__gW1200_gE0680_s0150,83,e9be50e87c48da0b87455be7891578758409d12c142ce8e4ccdfa23010b1cad4,True,ok,991528046840,991528.04684,898.5653330907226,897.8937872600001,16351232,97eed4ff2c5b4a84d1d1b8e9645e81fe0d40ff8e9fc4daac45e73da590f4615c,ab5a91fbccf56215712576c935c29f84474ad0f33f4d4c89f78aa06d9f04b2b2,c1d3dde9d56b734a24b1c67a89488e78a1b05309bab794ac59978e5243d88d48,e3326bab571697a65ffa915c7aba3011cb3fe82fd0ef18f268579259d35f3133,3d0ab08225265c96f0695bf867f189c168d4ec1cb5da5f7c43d9012f4682b8a5,5fb57c0554483ddcc94060a2845965d92d7454230612bfaab3ee222252868d59
simulated_annealing,CP-SCALE-AU-L002__g0340,67,23b1cdb4461eb8e689fe1539dd5941b35f3fc2fe982ee004f5b29c56cfc12980,True,ok,1623748445189,1623748.445189,898.5528482086957,897.993201819,16269312,f45451c354383da570944ddf0fc7898e9cd7056ac0ff54e97a2a2c4b69036697,c8b742a3cb5d2b2c2fa20e188a036793824945f3cf054e1fcf612f13ab2608e0,b9e304855edfdb5fb7e8495a92ae1f2f358142e5cfb628fd6a50a8d0aea57dbb,e3326bab571697a65ffa915c7aba3011cb3fe82fd0ef18f268579259d35f3133,3d0ab08225265c96f0695bf867f189c168d4ec1cb5da5f7c43d9012f4682b8a5,5fb57c0554483ddcc94060a2845965d92d7454230612bfaab3ee222252868d59
simulated_annealing,CP-SCALE-AU-L002__g0340,71,a954ee481e0577baa434a226cf49c7f04cc538951089722e630f641cdf549ef7,True,ok,1624336125870,1624336.12587,898.5536769293249,897.5206092779999,16142336,f45451c354383da570944ddf0fc7898e9cd7056ac0ff54e97a2a2c4b69036697,c8b742a3cb5d2b2c2fa20e188a036793824945f3cf054e1fcf612f13ab2608e0,b9e304855edfdb5fb7e8495a92ae1f2f358142e5cfb628fd6a50a8d0aea57dbb,e3326bab571697a65ffa915c7aba3011cb3fe82fd0ef18f268579259d35f3133,3d0ab08225265c96f0695bf867f189c168d4ec1cb5da5f7c43d9012f4682b8a5,5fb57c0554483ddcc94060a2845965d92d7454230612bfaab3ee222252868d59
simulated_annealing,CP-SCALE-AU-L002__g0340,73,ff4f25a256b4f12eb052fd4bad060523b5f9fb468b30ffd0d50670071c890833,True,ok,1624037942339,1624037.942339,898.564768858254,897.5462064479999,16097280,f45451c354383da570944ddf0fc7898e9cd7056ac0ff54e97a2a2c4b69036697,c8b742a3cb5d2b2c2fa20e188a036793824945f3cf054e1fcf612f13ab2608e0,b9e304855edfdb5fb7e8495a92ae1f2f358142e5cfb628fd6a50a8d0aea57dbb,e3326bab571697a65ffa915c7aba3011cb3fe82fd0ef18f268579259d35f3133,3d0ab08225265c96f0695bf867f189c168d4ec1cb5da5f7c43d9012f4682b8a5,5fb57c0554483ddcc94060a2845965d92d7454230612bfaab3ee222252868d59
simulated_annealing,CP-SCALE-AU-L002__g0340,79,0d3e226087deefb626875769ecfed825e2e5105d6f4a8649ae98a171d9c8a4ab,True,ok,1624826996276,1624826.996276,898.5373890139163,898.413598211,16142336,f45451c354383da570944ddf0fc7898e9cd7056ac0ff54e97a2a2c4b69036697,c8b742a3cb5d2b2c2fa20e188a036793824945f3cf054e1fcf612f13ab2608e0,b9e304855edfdb5fb7e8495a92ae1f2f358142e5cfb628fd6a50a8d0aea57dbb,e3326bab571697a65ffa915c7aba3011cb3fe82fd0ef18f268579259d35f3133,3d0ab08225265c96f0695bf867f189c168d4ec1cb5da5f7c43d9012f4682b8a5,5fb57c0554483ddcc94060a2845965d92d7454230612bfaab3ee222252868d59
simulated_annealing,CP-SCALE-AU-L002__g0340,83,5318ea1ebd9720fe45f196471f599c43a77e822688d59908f07cdcf354c7f9f6,True,ok,1624198484018,1624198.484018,898.5784085392952,897.554027883,16203776,f45451c354383da570944ddf0fc7898e9cd7056ac0ff54e97a2a2c4b69036697,c8b742a3cb5d2b2c2fa20e188a036793824945f3cf054e1fcf612f13ab2608e0,b9e304855edfdb5fb7e8495a92ae1f2f358142e5cfb628fd6a50a8d0aea57dbb,e3326bab571697a65ffa915c7aba3011cb3fe82fd0ef18f268579259d35f3133,3d0ab08225265c96f0695bf867f189c168d4ec1cb5da5f7c43d9012f4682b8a5,5fb57c0554483ddcc94060a2845965d92d7454230612bfaab3ee222252868d59
simulated_annealing,CP-SCALE-AU-L002__g0680,67,0fd8add40864482921deeb032b49db4804968dfa6b09fe05912596b1e8d37a15,True,ok,1253098444495,1253098.444495,898.5786711499095,897.734704611,16138240,00df7ab3f84b2c1c98462e6a24a6844edfbe3af85b434c40e44bf86efcce2a7b,995f0804ff410a99dd874f895231582da58d09dcab11f9f9d73696aef3f83ad9,5f22ba9d7d7cff36e51798729d4ad89b593c5e36a7ac51ec9678121129022f5d,e3326bab571697a65ffa915c7aba3011cb3fe82fd0ef18f268579259d35f3133,3d0ab08225265c96f0695bf867f189c168d4ec1cb5da5f7c43d9012f4682b8a5,5fb57c0554483ddcc94060a2845965d92d7454230612bfaab3ee222252868d59
simulated_annealing,CP-SCALE-AU-L002__g0680,71,b07815605a1fd619b0ee7839f00f091e37709d9928dfc21e8bf001c4f1c46c01,True,ok,1252745586925,1252745.586925,898.5651578344405,897.4983926240001,16199680,00df7ab3f84b2c1c98462e6a24a6844edfbe3af85b434c40e44bf86efcce2a7b,995f0804ff410a99dd874f895231582da58d09dcab11f9f9d73696aef3f83ad9,5f22ba9d7d7cff36e51798729d4ad89b593c5e36a7ac51ec9678121129022f5d,e3326bab571697a65ffa915c7aba3011cb3fe82fd0ef18f268579259d35f3133,3d0ab08225265c96f0695bf867f189c168d4ec1cb5da5f7c43d9012f4682b8a5,5fb57c0554483ddcc94060a2845965d92d7454230612bfaab3ee222252868d59
simulated_annealing,CP-SCALE-AU-L002__g0680,73,c58a1a8735dc8b82da33fb3bd6d7469533043599d09fcb79ebfa265969b32da2,True,ok,1252829014792,1252829.014792,898.5572225227952,897.055059749,16330752,00df7ab3f84b2c1c98462e6a24a6844edfbe3af85b434c40e44bf86efcce2a7b,995f0804ff410a99dd874f895231582da58d09dcab11f9f9d73696aef3f83ad9,5f22ba9d7d7cff36e51798729d4ad89b593c5e36a7ac51ec9678121129022f5d,e3326bab571697a65ffa915c7aba3011cb3fe82fd0ef18f268579259d35f3133,3d0ab08225265c96f0695bf867f189c168d4ec1cb5da5f7c43d9012f4682b8a5,5fb57c0554483ddcc94060a2845965d92d7454230612bfaab3ee222252868d59
simulated_annealing,CP-SCALE-AU-L002__g0680,79,cc6c93a9a46118c3d5559cdd2c51b8cf2a8d297e22e22f8f98ee31ca7831c590,True,ok,1252868423030,1252868.42303,898.5454672574997,897.385551848,16265216,00df7ab3f84b2c1c98462e6a24a6844edfbe3af85b434c40e44bf86efcce2a7b,995f0804ff410a99dd874f895231582da58d09dcab11f9f9d73696aef3f83ad9,5f22ba9d7d7cff36e51798729d4ad89b593c5e36a7ac51ec9678121129022f5d,e3326bab571697a65ffa915c7aba3011cb3fe82fd0ef18f268579259d35f3133,3d0ab08225265c96f0695bf867f189c168d4ec1cb5da5f7c43d9012f4682b8a5,5fb57c0554483ddcc94060a2845965d92d7454230612bfaab3ee222252868d59
simulated_annealing,CP-SCALE-AU-L002__g0680,83,8d561a1b5f920a896c7d1fb7c0058bd6adda94284185ac1d32c4b341080498d3,True,ok,1252962542933,1252962.542933,898.5487533546984,897.468177398,16199680,00df7ab3f84b2c1c98462e6a24a6844edfbe3af85b434c40e44bf86efcce2a7b,995f0804ff410a99dd874f895231582da58d09dcab11f9f9d73696aef3f83ad9,5f22ba9d7d7cff36e51798729d4ad89b593c5e36a7ac51ec9678121129022f5d,e3326bab571697a65ffa915c7aba3011cb3fe82fd0ef18f268579259d35f3133,3d0ab08225265c96f0695bf867f189c168d4ec1cb5da5f7c43d9012f4682b8a5,5fb57c0554483ddcc94060a2845965d92d7454230612bfaab3ee222252868d59
simulated_annealing,CP-SCALE-AU-L002__g1200,67,7bd59e3bd003a5e67d9091b8bf649edc1180aedf05692dfeb5006d4f5d96bf6b,True,ok,898706666260,898706.66626,898.5759062618017,897.840445892,18153472,daaf6d54933abd24eb20b16c253177d674328b8555bf6b795088f76ab2e671b0,a15324e866e47e95f8c8416d3641a391f84447a9a2c830b3edd9159a7899e8ee,569d6192fc75989df45e581b6fe9404450d8a53bfb862ec952c5befbbf718e96,e3326bab571697a65ffa915c7aba3011cb3fe82fd0ef18f268579259d35f3133,3d0ab08225265c96f0695bf867f189c168d4ec1cb5da5f7c43d9012f4682b8a5,5fb57c0554483ddcc94060a2845965d92d7454230612bfaab3ee222252868d59
simulated_annealing,CP-SCALE-AU-L002__g1200,71,9c20e20b033b8e47f40e4367d82f986efcdde4e9b6e231464ff5b88188a0bac7,True,ok,899298765474,899298.765474,898.5813242942095,897.9749441670001,18153472,daaf6d54933abd24eb20b16c253177d674328b8555bf6b795088f76ab2e671b0,a15324e866e47e95f8c8416d3641a391f84447a9a2c830b3edd9159a7899e8ee,569d6192fc75989df45e581b6fe9404450d8a53bfb862ec952c5befbbf718e96,e3326bab571697a65ffa915c7aba3011cb3fe82fd0ef18f268579259d35f3133,3d0ab08225265c96f0695bf867f189c168d4ec1cb5da5f7c43d9012f4682b8a5,5fb57c0554483ddcc94060a2845965d92d7454230612bfaab3ee222252868d59
simulated_annealing,CP-SCALE-AU-L002__g1200,73,6d7dc574ed3a32e6c74ad0b524fb49dca47db60b0403f1cea0f3990e20358ed4,True,ok,898622878911,898622.878911,898.5677146352828,898.294928845,18198528,daaf6d54933abd24eb20b16c253177d674328b8555bf6b795088f76ab2e671b0,a15324e866e47e95f8c8416d3641a391f84447a9a2c830b3edd9159a7899e8ee,569d6192fc75989df45e581b6fe9404450d8a53bfb862ec952c5befbbf718e96,e3326bab571697a65ffa915c7aba3011cb3fe82fd0ef18f268579259d35f3133,3d0ab08225265c96f0695bf867f189c168d4ec1cb5da5f7c43d9012f4682b8a5,5fb57c0554483ddcc94060a2845965d92d7454230612bfaab3ee222252868d59
simulated_annealing,CP-SCALE-AU-L002__g1200,79,4de3d25bdea9d3b246a445fee0703fc76fd786b1f33ecbded481c74504707549,True,ok,897875172151,897875.172151,898.5626570470631,897.6950656639999,18255872,daaf6d54933abd24eb20b16c253177d674328b8555bf6b795088f76ab2e671b0,a15324e866e47e95f8c8416d3641a391f84447a9a2c830b3edd9159a7899e8ee,569d6192fc75989df45e581b6fe9404450d8a53bfb862ec952c5befbbf718e96,e3326bab571697a65ffa915c7aba3011cb3fe82fd0ef18f268579259d35f3133,3d0ab08225265c96f0695bf867f189c168d4ec1cb5da5f7c43d9012f4682b8a5,5fb57c0554483ddcc94060a2845965d92d7454230612bfaab3ee222252868d59
simulated_annealing,CP-SCALE-AU-L002__g1200,83,38297a810da593396fb11864dba8af45da974ac84cebd203f775a86e70ed9f2d,True,ok,898922586693,898922.586693,898.5721288621426,897.822975032,18231296,daaf6d54933abd24eb20b16c253177d674328b8555bf6b795088f76ab2e671b0,a15324e866e47e95f8c8416d3641a391f84447a9a2c830b3edd9159a7899e8ee,569d6192fc75989df45e581b6fe9404450d8a53bfb862ec952c5befbbf718e96,e3326bab571697a65ffa915c7aba3011cb3fe82fd0ef18f268579259d35f3133,3d0ab08225265c96f0695bf867f189c168d4ec1cb5da5f7c43d9012f4682b8a5,5fb57c0554483ddcc94060a2845965d92d7454230612bfaab3ee222252868d59
simulated_annealing,CP-SCALE-AU-L002__g1800,67,5a796d91875b32de4ad1622f0170774f1c30826a07690df45fc44fb58f15b533,True,ok,691892772553,691892.772553,898.5752409733832,896.960011698,22581248,929df9f700cdd73c14aa1aed2a4b8ec88eb4dbaddb0252134dc68e9409a0829b,c7e8de6c6fdeb54f21118cfc4e2a9db35d7fd4504796793a135eb76213e4af14,de86543e54fed4c347730800c3f3e9ea4d90ca640b32121400956d3de1f7ed32,e3326bab571697a65ffa915c7aba3011cb3fe82fd0ef18f268579259d35f3133,3d0ab08225265c96f0695bf867f189c168d4ec1cb5da5f7c43d9012f4682b8a5,5fb57c0554483ddcc94060a2845965d92d7454230612bfaab3ee222252868d59
simulated_annealing,CP-SCALE-AU-L002__g1800,71,6e88ace41192a7ccede101aa0733aff1fd3a337d80d286a34ffa8c6c6c47d931,True,ok,691867023126,691867.023126,898.5626025646925,897.1700166090001,22491136,929df9f700cdd73c14aa1aed2a4b8ec88eb4dbaddb0252134dc68e9409a0829b,c7e8de6c6fdeb54f21118cfc4e2a9db35d7fd4504796793a135eb76213e4af14,de86543e54fed4c347730800c3f3e9ea4d90ca640b32121400956d3de1f7ed32,e3326bab571697a65ffa915c7aba3011cb3fe82fd0ef18f268579259d35f3133,3d0ab08225265c96f0695bf867f189c168d4ec1cb5da5f7c43d9012f4682b8a5,5fb57c0554483ddcc94060a2845965d92d7454230612bfaab3ee222252868d59
simulated_annealing,CP-SCALE-AU-L002__g1800,73,06f68771d1a7dceb552b241d614c4a24bf12ec8da9c998dc5226728c3f72cf01,True,ok,692361901530,692361.90153,898.5711356401443,897.411015287,22421504,929df9f700cdd73c14aa1aed2a4b8ec88eb4dbaddb0252134dc68e9409a0829b,c7e8de6c6fdeb54f21118cfc4e2a9db35d7fd4504796793a135eb76213e4af14,de86543e54fed4c347730800c3f3e9ea4d90ca640b32121400956d3de1f7ed32,e3326bab571697a65ffa915c7aba3011cb3fe82fd0ef18f268579259d35f3133,3d0ab08225265c96f0695bf867f189c168d4ec1cb5da5f7c43d9012f4682b8a5,5fb57c0554483ddcc94060a2845965d92d7454230612bfaab3ee222252868d59
simulated_annealing,CP-SCALE-AU-L002__g1800,79,0fdd06f7218c518823ff5fafabddcb3001f8dcd7fb4ea88e1a3788ac9b6541d6,True,ok,692006552034,692006.552034,898.5604241341352,897.843454976,22503424,929df9f700cdd73c14aa1aed2a4b8ec88eb4dbaddb0252134dc68e9409a0829b,c7e8de6c6fdeb54f21118cfc4e2a9db35d7fd4504796793a135eb76213e4af14,de86543e54fed4c347730800c3f3e9ea4d90ca640b32121400956d3de1f7ed32,e3326bab571697a65ffa915c7aba3011cb3fe82fd0ef18f268579259d35f3133,3d0ab08225265c96f0695bf867f189c168d4ec1cb5da5f7c43d9012f4682b8a5,5fb57c0554483ddcc94060a2845965d92d7454230612bfaab3ee222252868d59
simulated_annealing,CP-SCALE-AU-L002__g1800,83,a26c86ec75c7dcf86ffd4894deb5ea9b99ae8e1faadb10e59d84c5893bdc2446,True,ok,691501941601,691501.941601,898.5999470315874,897.6715203389999,22474752,929df9f700cdd73c14aa1aed2a4b8ec88eb4dbaddb0252134dc68e9409a0829b,c7e8de6c6fdeb54f21118cfc4e2a9db35d7fd4504796793a135eb76213e4af14,de86543e54fed4c347730800c3f3e9ea4d90ca640b32121400956d3de1f7ed32,e3326bab571697a65ffa915c7aba3011cb3fe82fd0ef18f268579259d35f3133,3d0ab08225265c96f0695bf867f189c168d4ec1cb5da5f7c43d9012f4682b8a5,5fb57c0554483ddcc94060a2845965d92d7454230612bfaab3ee222252868d59
simulated_annealing,CP-SCALE-AU-L002__gW0340_gE1200_s0150,67,8141ea786d0c80ee22dc84701028c393479668b0ed6b80606b1d170fd5aa9174,True,ok,1266598739440,1266598.73944,898.554994482547,898.220621516,16269312,c19525c20997580aae8cc683586362d193926c2b0a5acb702c039bb37584a967,c0a413b3ea01bfbca43e364a298c87d3eaecdaa35c400e70f9e622ecbeb2a61d,0a4e0c1bf13759311125be9766c84c8b097c68abe0d87e720532c989161b0979,e3326bab571697a65ffa915c7aba3011cb3fe82fd0ef18f268579259d35f3133,3d0ab08225265c96f0695bf867f189c168d4ec1cb5da5f7c43d9012f4682b8a5,5fb57c0554483ddcc94060a2845965d92d7454230612bfaab3ee222252868d59
simulated_annealing,CP-SCALE-AU-L002__gW0340_gE1200_s0150,71,a13626ee3067770b169b5c33eeb3d7310ba1925fc63dfac77f8d5318fc6c5d6c,True,ok,1266396707044,1266396.707044,898.5801943093538,897.7203398419999,16138240,c19525c20997580aae8cc683586362d193926c2b0a5acb702c039bb37584a967,c0a413b3ea01bfbca43e364a298c87d3eaecdaa35c400e70f9e622ecbeb2a61d,0a4e0c1bf13759311125be9766c84c8b097c68abe0d87e720532c989161b0979,e3326bab571697a65ffa915c7aba3011cb3fe82fd0ef18f268579259d35f3133,3d0ab08225265c96f0695bf867f189c168d4ec1cb5da5f7c43d9012f4682b8a5,5fb57c0554483ddcc94060a2845965d92d7454230612bfaab3ee222252868d59
simulated_annealing,CP-SCALE-AU-L002__gW0340_gE1200_s0150,73,e0572421175169c71aae0521a60907600f6c07b3b3fb35bd550903beee82090c,True,ok,1266373674245,1266373.674245,898.554418835789,898.397400703,16138240,c19525c20997580aae8cc683586362d193926c2b0a5acb702c039bb37584a967,c0a413b3ea01bfbca43e364a298c87d3eaecdaa35c400e70f9e622ecbeb2a61d,0a4e0c1bf13759311125be9766c84c8b097c68abe0d87e720532c989161b0979,e3326bab571697a65ffa915c7aba3011cb3fe82fd0ef18f268579259d35f3133,3d0ab08225265c96f0695bf867f189c168d4ec1cb5da5f7c43d9012f4682b8a5,5fb57c0554483ddcc94060a2845965d92d7454230612bfaab3ee222252868d59
simulated_annealing,CP-SCALE-AU-L002__gW0340_gE1200_s0150,79,2510240beb4593a92cf130617e24ed067a38e9c3519b20c59a336d26065b3f71,True,ok,1266069382580,1266069.38258,898.573523581028,897.829579959,16138240,c19525c20997580aae8cc683586362d193926c2b0a5acb702c039bb37584a967,c0a413b3ea01bfbca43e364a298c87d3eaecdaa35c400e70f9e622ecbeb2a61d,0a4e0c1bf13759311125be9766c84c8b097c68abe0d87e720532c989161b0979,e3326bab571697a65ffa915c7aba3011cb3fe82fd0ef18f268579259d35f3133,3d0ab08225265c96f0695bf867f189c168d4ec1cb5da5f7c43d9012f4682b8a5,5fb57c0554483ddcc94060a2845965d92d7454230612bfaab3ee222252868d59
simulated_annealing,CP-SCALE-AU-L002__gW0340_gE1200_s0150,83,0a9a5c01a5aa218d1308c8b96ef5689b8dc485217a4cba64b54887f08fd61b04,True,ok,1267330163423,1267330.163423,898.5885382331908,898.4139406840001,16199680,c19525c20997580aae8cc683586362d193926c2b0a5acb702c039bb37584a967,c0a413b3ea01bfbca43e364a298c87d3eaecdaa35c400e70f9e622ecbeb2a61d,0a4e0c1bf13759311125be9766c84c8b097c68abe0d87e720532c989161b0979,e3326bab571697a65ffa915c7aba3011cb3fe82fd0ef18f268579259d35f3133,3d0ab08225265c96f0695bf867f189c168d4ec1cb5da5f7c43d9012f4682b8a5,5fb57c0554483ddcc94060a2845965d92d7454230612bfaab3ee222252868d59
simulated_annealing,CP-SCALE-AU-L002__gW0680_gE1200_s0150,67,f17c17a26851a1ebe73c9122a7c36445e39924fcb1f865ecded8920331d0b6f1,True,ok,1075113475542,1075113.475542,898.547614518553,898.2391285339999,16285696,76b3ce4a426bc2159d59d0c133f7d5e3b01cafc6f3edf2313428f26881023dd4,c4d9762c3eec266e23b4fe68f5c4e6f47a655cb33364632e971d228a8742d61e,684e834ac8a79ee2835e1af7db316a91062e2acae7ae3b20f468c39554ed2496,e3326bab571697a65ffa915c7aba3011cb3fe82fd0ef18f268579259d35f3133,3d0ab08225265c96f0695bf867f189c168d4ec1cb5da5f7c43d9012f4682b8a5,5fb57c0554483ddcc94060a2845965d92d7454230612bfaab3ee222252868d59
simulated_annealing,CP-SCALE-AU-L002__gW0680_gE1200_s0150,71,8aeb149b93a3a8fc61b4f56bbae99d2381ec58ab39961af9a55eb718054e62f2,True,ok,1074570895664,1074570.895664,898.5583254210651,897.38471326,16277504,76b3ce4a426bc2159d59d0c133f7d5e3b01cafc6f3edf2313428f26881023dd4,c4d9762c3eec266e23b4fe68f5c4e6f47a655cb33364632e971d228a8742d61e,684e834ac8a79ee2835e1af7db316a91062e2acae7ae3b20f468c39554ed2496,e3326bab571697a65ffa915c7aba3011cb3fe82fd0ef18f268579259d35f3133,3d0ab08225265c96f0695bf867f189c168d4ec1cb5da5f7c43d9012f4682b8a5,5fb57c0554483ddcc94060a2845965d92d7454230612bfaab3ee222252868d59
simulated_annealing,CP-SCALE-AU-L002__gW0680_gE1200_s0150,73,91bac523d18726739122017329d4386aa59cbf3508781b0c8e189da85b8d767b,True,ok,1075457856217,1075457.856217,898.5911918841302,898.395475205,16277504,76b3ce4a426bc2159d59d0c133f7d5e3b01cafc6f3edf2313428f26881023dd4,c4d9762c3eec266e23b4fe68f5c4e6f47a655cb33364632e971d228a8742d61e,684e834ac8a79ee2835e1af7db316a91062e2acae7ae3b20f468c39554ed2496,e3326bab571697a65ffa915c7aba3011cb3fe82fd0ef18f268579259d35f3133,3d0ab08225265c96f0695bf867f189c168d4ec1cb5da5f7c43d9012f4682b8a5,5fb57c0554483ddcc94060a2845965d92d7454230612bfaab3ee222252868d59
simulated_annealing,CP-SCALE-AU-L002__gW0680_gE1200_s0150,79,6a8c430509ef6d91f70a92c9c47937d303b0534f777bd0289f0f8e7cce1b2dae,True,ok,1074486722763,1074486.722763,898.5528527162969,897.8899739299999,16269312,76b3ce4a426bc2159d59d0c133f7d5e3b01cafc6f3edf2313428f26881023dd4,c4d9762c3eec266e23b4fe68f5c4e6f47a655cb33364632e971d228a8742d61e,684e834ac8a79ee2835e1af7db316a91062e2acae7ae3b20f468c39554ed2496,e3326bab571697a65ffa915c7aba3011cb3fe82fd0ef18f268579259d35f3133,3d0ab08225265c96f0695bf867f189c168d4ec1cb5da5f7c43d9012f4682b8a5,5fb57c0554483ddcc94060a2845965d92d7454230612bfaab3ee222252868d59
simulated_annealing,CP-SCALE-AU-L002__gW0680_gE1200_s0150,83,e39f4c1d2e95b535ebe4e84598cbdff7ab27518cbd937a99baaa0e89f1705a8a,True,ok,1075661485744,1075661.485744,898.574368301779,897.504334355,16289792,76b3ce4a426bc2159d59d0c133f7d5e3b01cafc6f3edf2313428f26881023dd4,c4d9762c3eec266e23b4fe68f5c4e6f47a655cb33364632e971d228a8742d61e,684e834ac8a79ee2835e1af7db316a91062e2acae7ae3b20f468c39554ed2496,e3326bab571697a65ffa915c7aba3011cb3fe82fd0ef18f268579259d35f3133,3d0ab08225265c96f0695bf867f189c168d4ec1cb5da5f7c43d9012f4682b8a5,5fb57c0554483ddcc94060a2845965d92d7454230612bfaab3ee222252868d59
simulated_annealing,CP-SCALE-AU-L002__gW1200_gE0340_s0150,67,b4ff6fe4d9c44d4e486f553b2c36ba54acacc3471be0f6a5ffec3f1adea06c25,True,ok,1267184782692,1267184.782692,898.5760117694736,897.729234572,16269312,68fd21ef61b7cfaa228bcc78aa122ab7ed1946dc1e9330e3ca3d0fbf6ff06af3,c60b0b6c328db05347dcc78d12178c8ae2632ee4b8c01108b7c47009d3a727c0,84bf3a1a010641df1372c6299d8a74bcf4a52b002b3d5595b886b47fd47e029a,e3326bab571697a65ffa915c7aba3011cb3fe82fd0ef18f268579259d35f3133,3d0ab08225265c96f0695bf867f189c168d4ec1cb5da5f7c43d9012f4682b8a5,5fb57c0554483ddcc94060a2845965d92d7454230612bfaab3ee222252868d59
simulated_annealing,CP-SCALE-AU-L002__gW1200_gE0340_s0150,71,6cc48368534e2ed7df807f79648f42b9ae9da282a5809ca00f2ab46cfbc55b4d,True,ok,1267655083091,1267655.083091,898.5671540237963,897.5826702109999,16203776,68fd21ef61b7cfaa228bcc78aa122ab7ed1946dc1e9330e3ca3d0fbf6ff06af3,c60b0b6c328db05347dcc78d12178c8ae2632ee4b8c01108b7c47009d3a727c0,84bf3a1a010641df1372c6299d8a74bcf4a52b002b3d5595b886b47fd47e029a,e3326bab571697a65ffa915c7aba3011cb3fe82fd0ef18f268579259d35f3133,3d0ab08225265c96f0695bf867f189c168d4ec1cb5da5f7c43d9012f4682b8a5,5fb57c0554483ddcc94060a2845965d92d7454230612bfaab3ee222252868d59
simulated_annealing,CP-SCALE-AU-L002__gW1200_gE0340_s0150,73,5007163e22ca2b2d34150bd64cdd6eb52f4e1a2159e9785a5be53c00dc8fc876,True,ok,1267143245234,1267143.245234,898.5664709769189,897.3895584909999,16134144,68fd21ef61b7cfaa228bcc78aa122ab7ed1946dc1e9330e3ca3d0fbf6ff06af3,c60b0b6c328db05347dcc78d12178c8ae2632ee4b8c01108b7c47009d3a727c0,84bf3a1a010641df1372c6299d8a74bcf4a52b002b3d5595b886b47fd47e029a,e3326bab571697a65ffa915c7aba3011cb3fe82fd0ef18f268579259d35f3133,3d0ab08225265c96f0695bf867f189c168d4ec1cb5da5f7c43d9012f4682b8a5,5fb57c0554483ddcc94060a2845965d92d7454230612bfaab3ee222252868d59
simulated_annealing,CP-SCALE-AU-L002__gW1200_gE0340_s0150,79,f23dfd3766b32f63bde5a679f0177bc3c7f73bbd268b510f5d0cd4d5ab041482,True,ok,1266907168641,1266907.168641,898.5868116058409,897.603442375,16199680,68fd21ef61b7cfaa228bcc78aa122ab7ed1946dc1e9330e3ca3d0fbf6ff06af3,c60b0b6c328db05347dcc78d12178c8ae2632ee4b8c01108b7c47009d3a727c0,84bf3a1a010641df1372c6299d8a74bcf4a52b002b3d5595b886b47fd47e029a,e3326bab571697a65ffa915c7aba3011cb3fe82fd0ef18f268579259d35f3133,3d0ab08225265c96f0695bf867f189c168d4ec1cb5da5f7c43d9012f4682b8a5,5fb57c0554483ddcc94060a2845965d92d7454230612bfaab3ee222252868d59
simulated_annealing,CP-SCALE-AU-L002__gW1200_gE0340_s0150,83,3547279f6c0b5e172cb4f81a9d97695e0992ee1a191eabf895d98cd2109b0097,True,ok,1266433317612,1266433.317612,898.5818459242582,897.277286139,16199680,68fd21ef61b7cfaa228bcc78aa122ab7ed1946dc1e9330e3ca3d0fbf6ff06af3,c60b0b6c328db05347dcc78d12178c8ae2632ee4b8c01108b7c47009d3a727c0,84bf3a1a010641df1372c6299d8a74bcf4a52b002b3d5595b886b47fd47e029a,e3326bab571697a65ffa915c7aba3011cb3fe82fd0ef18f268579259d35f3133,3d0ab08225265c96f0695bf867f189c168d4ec1cb5da5f7c43d9012f4682b8a5,5fb57c0554483ddcc94060a2845965d92d7454230612bfaab3ee222252868d59
simulated_annealing,CP-SCALE-AU-L002__gW1200_gE0680_s0150,67,a54b0106635936c900003ba449dfdd1d192127f6124ec1eb85b903eb5d93c5b0,True,ok,1074928523337,1074928.523337,898.5443494133651,897.9089644850001,16261120,97eed4ff2c5b4a84d1d1b8e9645e81fe0d40ff8e9fc4daac45e73da590f4615c,ab5a91fbccf56215712576c935c29f84474ad0f33f4d4c89f78aa06d9f04b2b2,c1d3dde9d56b734a24b1c67a89488e78a1b05309bab794ac59978e5243d88d48,e3326bab571697a65ffa915c7aba3011cb3fe82fd0ef18f268579259d35f3133,3d0ab08225265c96f0695bf867f189c168d4ec1cb5da5f7c43d9012f4682b8a5,5fb57c0554483ddcc94060a2845965d92d7454230612bfaab3ee222252868d59
simulated_annealing,CP-SCALE-AU-L002__gW1200_gE0680_s0150,71,9b6af15dc7c75806c6b13f2f5b4c2c496b798165156e13149bf0147c9dab0db9,True,ok,1074587017738,1074587.017738,898.5463202819228,898.285586441,16351232,97eed4ff2c5b4a84d1d1b8e9645e81fe0d40ff8e9fc4daac45e73da590f4615c,ab5a91fbccf56215712576c935c29f84474ad0f33f4d4c89f78aa06d9f04b2b2,c1d3dde9d56b734a24b1c67a89488e78a1b05309bab794ac59978e5243d88d48,e3326bab571697a65ffa915c7aba3011cb3fe82fd0ef18f268579259d35f3133,3d0ab08225265c96f0695bf867f189c168d4ec1cb5da5f7c43d9012f4682b8a5,5fb57c0554483ddcc94060a2845965d92d7454230612bfaab3ee222252868d59
simulated_annealing,CP-SCALE-AU-L002__gW1200_gE0680_s0150,73,2e446f0ff9302b6001ef1ddff99f376ef953ef88c277adc727088918cc255077,True,ok,1076212358499,1076212.358499,898.5565040633082,897.6655713859999,16273408,97eed4ff2c5b4a84d1d1b8e9645e81fe0d40ff8e9fc4daac45e73da590f4615c,ab5a91fbccf56215712576c935c29f84474ad0f33f4d4c89f78aa06d9f04b2b2,c1d3dde9d56b734a24b1c67a89488e78a1b05309bab794ac59978e5243d88d48,e3326bab571697a65ffa915c7aba3011cb3fe82fd0ef18f268579259d35f3133,3d0ab08225265c96f0695bf867f189c168d4ec1cb5da5f7c43d9012f4682b8a5,5fb57c0554483ddcc94060a2845965d92d7454230612bfaab3ee222252868d59
simulated_annealing,CP-SCALE-AU-L002__gW1200_gE0680_s0150,79,46676aca7a99cfa55db3349f9eb45cc807055c3d301f1ad7db34cf0e37712752,True,ok,1075007283218,1075007.283218,898.5436514243484,897.731581229,16265216,97eed4ff2c5b4a84d1d1b8e9645e81fe0d40ff8e9fc4daac45e73da590f4615c,ab5a91fbccf56215712576c935c29f84474ad0f33f4d4c89f78aa06d9f04b2b2,c1d3dde9d56b734a24b1c67a89488e78a1b05309bab794ac59978e5243d88d48,e3326bab571697a65ffa915c7aba3011cb3fe82fd0ef18f268579259d35f3133,3d0ab08225265c96f0695bf867f189c168d4ec1cb5da5f7c43d9012f4682b8a5,5fb57c0554483ddcc94060a2845965d92d7454230612bfaab3ee222252868d59
simulated_annealing,CP-SCALE-AU-L002__gW1200_gE0680_s0150,83,c9f24f638688d97c0936cab4ab97fc0cc77724ce74a23d7f39c178c69456e143,True,ok,1073845470932,1073845.470932,898.5523077398539,898.229339525,16228352,97eed4ff2c5b4a84d1d1b8e9645e81fe0d40ff8e9fc4daac45e73da590f4615c,ab5a91fbccf56215712576c935c29f84474ad0f33f4d4c89f78aa06d9f04b2b2,c1d3dde9d56b734a24b1c67a89488e78a1b05309bab794ac59978e5243d88d48,e3326bab571697a65ffa915c7aba3011cb3fe82fd0ef18f268579259d35f3133,3d0ab08225265c96f0695bf867f189c168d4ec1cb5da5f7c43d9012f4682b8a5,5fb57c0554483ddcc94060a2845965d92d7454230612bfaab3ee222252868d59
stablesolver_greedy_gwmin,CP-SCALE-AU-L002__g0340,0,54b2b63c4ae755b02c74edf87c26fb1c17b584e14984f640b3d2e88f1ca1cd4f,True,ok,1428001569166,1428001.569166,1.1466525048017502,1.0620869999999998,125378560,f45451c354383da570944ddf0fc7898e9cd7056ac0ff54e97a2a2c4b69036697,c8b742a3cb5d2b2c2fa20e188a036793824945f3cf054e1fcf612f13ab2608e0,b9e304855edfdb5fb7e8495a92ae1f2f358142e5cfb628fd6a50a8d0aea57dbb,c8efdf57a822b9386d1f480999af4045db64c1e6acbe5728564644196e8027c1,a0515f47072400b8f64f38496e3e97832a65fb69c967f1bd6d5fe298eb4d5f2e,1d93ff85c1a9091fdc5407be605827adcb184f8f7f499b55842628d408a2fefa
stablesolver_greedy_gwmin,CP-SCALE-AU-L002__g0680,0,67a2a73dbb7da3bf2ecf69dce9dd1d3ad26e131e812767da704b08842408b45e,True,ok,1065567634886,1065567.634886,1.4703844040632248,1.3833699999999998,180789248,00df7ab3f84b2c1c98462e6a24a6844edfbe3af85b434c40e44bf86efcce2a7b,995f0804ff410a99dd874f895231582da58d09dcab11f9f9d73696aef3f83ad9,5f22ba9d7d7cff36e51798729d4ad89b593c5e36a7ac51ec9678121129022f5d,c8efdf57a822b9386d1f480999af4045db64c1e6acbe5728564644196e8027c1,a0515f47072400b8f64f38496e3e97832a65fb69c967f1bd6d5fe298eb4d5f2e,1d93ff85c1a9091fdc5407be605827adcb184f8f7f499b55842628d408a2fefa
stablesolver_greedy_gwmin,CP-SCALE-AU-L002__g1200,0,7ecd8a18654e59856578ed9fb128ca64dcd8f778b68f24e8cd162e76b77b306c,True,ok,809272863416,809272.863416,2.2051538862288,2.079223,227708928,daaf6d54933abd24eb20b16c253177d674328b8555bf6b795088f76ab2e671b0,a15324e866e47e95f8c8416d3641a391f84447a9a2c830b3edd9159a7899e8ee,569d6192fc75989df45e581b6fe9404450d8a53bfb862ec952c5befbbf718e96,c8efdf57a822b9386d1f480999af4045db64c1e6acbe5728564644196e8027c1,a0515f47072400b8f64f38496e3e97832a65fb69c967f1bd6d5fe298eb4d5f2e,1d93ff85c1a9091fdc5407be605827adcb184f8f7f499b55842628d408a2fefa
stablesolver_greedy_gwmin,CP-SCALE-AU-L002__g1800,0,a4b451a998f9c7959e1f162a2a197856522a3b99119e10f452596388c1a080f1,True,ok,489395475268,489395.475268,2.5877250507473946,2.446243,289452032,929df9f700cdd73c14aa1aed2a4b8ec88eb4dbaddb0252134dc68e9409a0829b,c7e8de6c6fdeb54f21118cfc4e2a9db35d7fd4504796793a135eb76213e4af14,de86543e54fed4c347730800c3f3e9ea4d90ca640b32121400956d3de1f7ed32,c8efdf57a822b9386d1f480999af4045db64c1e6acbe5728564644196e8027c1,a0515f47072400b8f64f38496e3e97832a65fb69c967f1bd6d5fe298eb4d5f2e,1d93ff85c1a9091fdc5407be605827adcb184f8f7f499b55842628d408a2fefa
stablesolver_greedy_gwmin,CP-SCALE-AU-L002__gW0340_gE1200_s0150,0,eaa48c3e8a05a9b70df16bd731e2ca2a8bedaca427432e53192ad26c62a08296,True,ok,1130378714270,1130378.71427,1.5756530910730362,1.4667079999999997,175157248,c19525c20997580aae8cc683586362d193926c2b0a5acb702c039bb37584a967,c0a413b3ea01bfbca43e364a298c87d3eaecdaa35c400e70f9e622ecbeb2a61d,0a4e0c1bf13759311125be9766c84c8b097c68abe0d87e720532c989161b0979,c8efdf57a822b9386d1f480999af4045db64c1e6acbe5728564644196e8027c1,a0515f47072400b8f64f38496e3e97832a65fb69c967f1bd6d5fe298eb4d5f2e,1d93ff85c1a9091fdc5407be605827adcb184f8f7f499b55842628d408a2fefa
stablesolver_greedy_gwmin,CP-SCALE-AU-L002__gW0680_gE1200_s0150,0,3b75c51340bcdac112b643c32d46b388ee7cd35c52d0578bc289fd877f53d2f9,True,ok,940994227410,940994.22741,1.7647902444005013,1.663137,199843840,76b3ce4a426bc2159d59d0c133f7d5e3b01cafc6f3edf2313428f26881023dd4,c4d9762c3eec266e23b4fe68f5c4e6f47a655cb33364632e971d228a8742d61e,684e834ac8a79ee2835e1af7db316a91062e2acae7ae3b20f468c39554ed2496,c8efdf57a822b9386d1f480999af4045db64c1e6acbe5728564644196e8027c1,a0515f47072400b8f64f38496e3e97832a65fb69c967f1bd6d5fe298eb4d5f2e,1d93ff85c1a9091fdc5407be605827adcb184f8f7f499b55842628d408a2fefa
stablesolver_greedy_gwmin,CP-SCALE-AU-L002__gW1200_gE0340_s0150,0,5da6b769c763b8ce4cc205929a44b1df7124fe3d20087a3d71db4fa235c0bf08,True,ok,1125626623769,1125626.623769,1.7964916191995144,1.691121,175079424,68fd21ef61b7cfaa228bcc78aa122ab7ed1946dc1e9330e3ca3d0fbf6ff06af3,c60b0b6c328db05347dcc78d12178c8ae2632ee4b8c01108b7c47009d3a727c0,84bf3a1a010641df1372c6299d8a74bcf4a52b002b3d5595b886b47fd47e029a,c8efdf57a822b9386d1f480999af4045db64c1e6acbe5728564644196e8027c1,a0515f47072400b8f64f38496e3e97832a65fb69c967f1bd6d5fe298eb4d5f2e,1d93ff85c1a9091fdc5407be605827adcb184f8f7f499b55842628d408a2fefa
stablesolver_greedy_gwmin,CP-SCALE-AU-L002__gW1200_gE0680_s0150,0,3e56084d4da08c50a226d9ef9caac5985f0bf80e9ed6390dc2b8b16695e4fc95,True,ok,943714371695,943714.371695,2.0396004915237427,1.937869,199831552,97eed4ff2c5b4a84d1d1b8e9645e81fe0d40ff8e9fc4daac45e73da590f4615c,ab5a91fbccf56215712576c935c29f84474ad0f33f4d4c89f78aa06d9f04b2b2,c1d3dde9d56b734a24b1c67a89488e78a1b05309bab794ac59978e5243d88d48,c8efdf57a822b9386d1f480999af4045db64c1e6acbe5728564644196e8027c1,a0515f47072400b8f64f38496e3e97832a65fb69c967f1bd6d5fe298eb4d5f2e,1d93ff85c1a9091fdc5407be605827adcb184f8f7f499b55842628d408a2fefa
stablesolver_large_neighborhood_search,CP-SCALE-AU-L002__g0340,0,1c4638d8a2aec2b94bfdd29cda211780d20cb4d01faaa7cceb8800d5822a2f96,True,ok,1606757713608,1606757.713608,895.8531323596835,874.656975,126291968,f45451c354383da570944ddf0fc7898e9cd7056ac0ff54e97a2a2c4b69036697,c8b742a3cb5d2b2c2fa20e188a036793824945f3cf054e1fcf612f13ab2608e0,b9e304855edfdb5fb7e8495a92ae1f2f358142e5cfb628fd6a50a8d0aea57dbb,c8efdf57a822b9386d1f480999af4045db64c1e6acbe5728564644196e8027c1,a0515f47072400b8f64f38496e3e97832a65fb69c967f1bd6d5fe298eb4d5f2e,1d93ff85c1a9091fdc5407be605827adcb184f8f7f499b55842628d408a2fefa
stablesolver_large_neighborhood_search,CP-SCALE-AU-L002__g0680,0,92c80489dbc6125f0382e4ec5f84120475b78840ac36459da878e1c8ef7b5c76,True,ok,1233939023935,1233939.023935,895.6664409078658,875.413857,186126336,00df7ab3f84b2c1c98462e6a24a6844edfbe3af85b434c40e44bf86efcce2a7b,995f0804ff410a99dd874f895231582da58d09dcab11f9f9d73696aef3f83ad9,5f22ba9d7d7cff36e51798729d4ad89b593c5e36a7ac51ec9678121129022f5d,c8efdf57a822b9386d1f480999af4045db64c1e6acbe5728564644196e8027c1,a0515f47072400b8f64f38496e3e97832a65fb69c967f1bd6d5fe298eb4d5f2e,1d93ff85c1a9091fdc5407be605827adcb184f8f7f499b55842628d408a2fefa
stablesolver_large_neighborhood_search,CP-SCALE-AU-L002__g1200,0,0d0c4d642967daf418cace8b300597490adb896ede5518721d4fa312133b045b,True,ok,878847932789,878847.932789,895.8977945335209,884.323278,229216256,daaf6d54933abd24eb20b16c253177d674328b8555bf6b795088f76ab2e671b0,a15324e866e47e95f8c8416d3641a391f84447a9a2c830b3edd9159a7899e8ee,569d6192fc75989df45e581b6fe9404450d8a53bfb862ec952c5befbbf718e96,c8efdf57a822b9386d1f480999af4045db64c1e6acbe5728564644196e8027c1,a0515f47072400b8f64f38496e3e97832a65fb69c967f1bd6d5fe298eb4d5f2e,1d93ff85c1a9091fdc5407be605827adcb184f8f7f499b55842628d408a2fefa
stablesolver_large_neighborhood_search,CP-SCALE-AU-L002__g1800,0,9ea61009250dea92acb38af9ea0ae57aa178af5eb04392dc12c3e5892345cb9a,True,ok,681135339774,681135.339774,896.2355053275824,873.976346,289669120,929df9f700cdd73c14aa1aed2a4b8ec88eb4dbaddb0252134dc68e9409a0829b,c7e8de6c6fdeb54f21118cfc4e2a9db35d7fd4504796793a135eb76213e4af14,de86543e54fed4c347730800c3f3e9ea4d90ca640b32121400956d3de1f7ed32,c8efdf57a822b9386d1f480999af4045db64c1e6acbe5728564644196e8027c1,a0515f47072400b8f64f38496e3e97832a65fb69c967f1bd6d5fe298eb4d5f2e,1d93ff85c1a9091fdc5407be605827adcb184f8f7f499b55842628d408a2fefa
stablesolver_large_neighborhood_search,CP-SCALE-AU-L002__gW0340_gE1200_s0150,0,4599d91f5a413511d354061637024875dc6af71b4b03aea559a6510d896f18eb,True,ok,1249332201996,1249332.201996,895.7029409259558,873.467617,180719616,c19525c20997580aae8cc683586362d193926c2b0a5acb702c039bb37584a967,c0a413b3ea01bfbca43e364a298c87d3eaecdaa35c400e70f9e622ecbeb2a61d,0a4e0c1bf13759311125be9766c84c8b097c68abe0d87e720532c989161b0979,c8efdf57a822b9386d1f480999af4045db64c1e6acbe5728564644196e8027c1,a0515f47072400b8f64f38496e3e97832a65fb69c967f1bd6d5fe298eb4d5f2e,1d93ff85c1a9091fdc5407be605827adcb184f8f7f499b55842628d408a2fefa
stablesolver_large_neighborhood_search,CP-SCALE-AU-L002__gW0680_gE1200_s0150,0,a29f2d08f84ade52ebf1161d21b7c035947c7517bb86f7f9f78b30972a2e6cb3,True,ok,1054238193906,1054238.193906,895.8076593726873,874.138145,199852032,76b3ce4a426bc2159d59d0c133f7d5e3b01cafc6f3edf2313428f26881023dd4,c4d9762c3eec266e23b4fe68f5c4e6f47a655cb33364632e971d228a8742d61e,684e834ac8a79ee2835e1af7db316a91062e2acae7ae3b20f468c39554ed2496,c8efdf57a822b9386d1f480999af4045db64c1e6acbe5728564644196e8027c1,a0515f47072400b8f64f38496e3e97832a65fb69c967f1bd6d5fe298eb4d5f2e,1d93ff85c1a9091fdc5407be605827adcb184f8f7f499b55842628d408a2fefa
stablesolver_large_neighborhood_search,CP-SCALE-AU-L002__gW1200_gE0340_s0150,0,65ad7a58e0c1b42767ff8e7bae1f3d1bd7d85e44f46900aa2671949633e632ce,True,ok,1248351846663,1248351.846663,895.7384904325008,881.788011,175206400,68fd21ef61b7cfaa228bcc78aa122ab7ed1946dc1e9330e3ca3d0fbf6ff06af3,c60b0b6c328db05347dcc78d12178c8ae2632ee4b8c01108b7c47009d3a727c0,84bf3a1a010641df1372c6299d8a74bcf4a52b002b3d5595b886b47fd47e029a,c8efdf57a822b9386d1f480999af4045db64c1e6acbe5728564644196e8027c1,a0515f47072400b8f64f38496e3e97832a65fb69c967f1bd6d5fe298eb4d5f2e,1d93ff85c1a9091fdc5407be605827adcb184f8f7f499b55842628d408a2fefa
stablesolver_large_neighborhood_search,CP-SCALE-AU-L002__gW1200_gE0680_s0150,0,4aabcfa0709fcfc40a47436f30869450ae2f35f414c1cc7ddb698e0ebeaf1a00,True,ok,1055088318494,1055088.318494,895.8232266493142,878.698714,199872512,97eed4ff2c5b4a84d1d1b8e9645e81fe0d40ff8e9fc4daac45e73da590f4615c,ab5a91fbccf56215712576c935c29f84474ad0f33f4d4c89f78aa06d9f04b2b2,c1d3dde9d56b734a24b1c67a89488e78a1b05309bab794ac59978e5243d88d48,c8efdf57a822b9386d1f480999af4045db64c1e6acbe5728564644196e8027c1,a0515f47072400b8f64f38496e3e97832a65fb69c967f1bd6d5fe298eb4d5f2e,1d93ff85c1a9091fdc5407be605827adcb184f8f7f499b55842628d408a2fefa
stablesolver_local_search,CP-SCALE-AU-L002__g0340,0,1a2db85ed6d91a471f21129b71c424a44b72fa20f1c6e0a0949f181a54a71fcd,False,error,,,460.5404389426112,449.954991,3205316608,f45451c354383da570944ddf0fc7898e9cd7056ac0ff54e97a2a2c4b69036697,c8b742a3cb5d2b2c2fa20e188a036793824945f3cf054e1fcf612f13ab2608e0,b9e304855edfdb5fb7e8495a92ae1f2f358142e5cfb628fd6a50a8d0aea57dbb,c8efdf57a822b9386d1f480999af4045db64c1e6acbe5728564644196e8027c1,a0515f47072400b8f64f38496e3e97832a65fb69c967f1bd6d5fe298eb4d5f2e,1d93ff85c1a9091fdc5407be605827adcb184f8f7f499b55842628d408a2fefa
stablesolver_local_search,CP-SCALE-AU-L002__g0680,0,ca34279e71c298429c620ecd3f3a67d283ce8180770ef9a304e0ae27f0cab236,False,error,,,527.5490310750902,516.1417580000001,3183529984,00df7ab3f84b2c1c98462e6a24a6844edfbe3af85b434c40e44bf86efcce2a7b,995f0804ff410a99dd874f895231582da58d09dcab11f9f9d73696aef3f83ad9,5f22ba9d7d7cff36e51798729d4ad89b593c5e36a7ac51ec9678121129022f5d,c8efdf57a822b9386d1f480999af4045db64c1e6acbe5728564644196e8027c1,a0515f47072400b8f64f38496e3e97832a65fb69c967f1bd6d5fe298eb4d5f2e,1d93ff85c1a9091fdc5407be605827adcb184f8f7f499b55842628d408a2fefa
stablesolver_local_search,CP-SCALE-AU-L002__g1200,0,9a172efbdaa701a57f237b1020101456632aae6fd2497f67899eb0dea2a199ad,False,error,,,762.5016626492143,747.011679,3198296064,daaf6d54933abd24eb20b16c253177d674328b8555bf6b795088f76ab2e671b0,a15324e866e47e95f8c8416d3641a391f84447a9a2c830b3edd9159a7899e8ee,569d6192fc75989df45e581b6fe9404450d8a53bfb862ec952c5befbbf718e96,c8efdf57a822b9386d1f480999af4045db64c1e6acbe5728564644196e8027c1,a0515f47072400b8f64f38496e3e97832a65fb69c967f1bd6d5fe298eb4d5f2e,1d93ff85c1a9091fdc5407be605827adcb184f8f7f499b55842628d408a2fefa
stablesolver_local_search,CP-SCALE-AU-L002__g1800,0,08fba822dd7d6d6f99a075401113d6e115c2912321d2d4c83ee27333746f8100,False,error,,,850.4889946952462,834.754268,3153309696,929df9f700cdd73c14aa1aed2a4b8ec88eb4dbaddb0252134dc68e9409a0829b,c7e8de6c6fdeb54f21118cfc4e2a9db35d7fd4504796793a135eb76213e4af14,de86543e54fed4c347730800c3f3e9ea4d90ca640b32121400956d3de1f7ed32,c8efdf57a822b9386d1f480999af4045db64c1e6acbe5728564644196e8027c1,a0515f47072400b8f64f38496e3e97832a65fb69c967f1bd6d5fe298eb4d5f2e,1d93ff85c1a9091fdc5407be605827adcb184f8f7f499b55842628d408a2fefa
stablesolver_local_search,CP-SCALE-AU-L002__gW0340_gE1200_s0150,0,139b1ed1ae16ff40d5edc589380c57d22658dcedabb7e41470158aa236a9dca4,False,error,,,604.4760085903108,590.0515300000001,3185840128,c19525c20997580aae8cc683586362d193926c2b0a5acb702c039bb37584a967,c0a413b3ea01bfbca43e364a298c87d3eaecdaa35c400e70f9e622ecbeb2a61d,0a4e0c1bf13759311125be9766c84c8b097c68abe0d87e720532c989161b0979,c8efdf57a822b9386d1f480999af4045db64c1e6acbe5728564644196e8027c1,a0515f47072400b8f64f38496e3e97832a65fb69c967f1bd6d5fe298eb4d5f2e,1d93ff85c1a9091fdc5407be605827adcb184f8f7f499b55842628d408a2fefa
stablesolver_local_search,CP-SCALE-AU-L002__gW0680_gE1200_s0150,0,b06f0e3de74627ff67e0741817b69d316582abedcc45007b84fd48094154ccb1,False,error,,,677.7625218853354,662.14215,3190509568,76b3ce4a426bc2159d59d0c133f7d5e3b01cafc6f3edf2313428f26881023dd4,c4d9762c3eec266e23b4fe68f5c4e6f47a655cb33364632e971d228a8742d61e,684e834ac8a79ee2835e1af7db316a91062e2acae7ae3b20f468c39554ed2496,c8efdf57a822b9386d1f480999af4045db64c1e6acbe5728564644196e8027c1,a0515f47072400b8f64f38496e3e97832a65fb69c967f1bd6d5fe298eb4d5f2e,1d93ff85c1a9091fdc5407be605827adcb184f8f7f499b55842628d408a2fefa
stablesolver_local_search,CP-SCALE-AU-L002__gW1200_gE0340_s0150,0,5a6f82263643d61d02b46619dcbfc7a1f9c0570f1a09b261ee95f70684519699,False,error,,,582.7510403133929,568.771672,3189080064,68fd21ef61b7cfaa228bcc78aa122ab7ed1946dc1e9330e3ca3d0fbf6ff06af3,c60b0b6c328db05347dcc78d12178c8ae2632ee4b8c01108b7c47009d3a727c0,84bf3a1a010641df1372c6299d8a74bcf4a52b002b3d5595b886b47fd47e029a,c8efdf57a822b9386d1f480999af4045db64c1e6acbe5728564644196e8027c1,a0515f47072400b8f64f38496e3e97832a65fb69c967f1bd6d5fe298eb4d5f2e,1d93ff85c1a9091fdc5407be605827adcb184f8f7f499b55842628d408a2fefa
stablesolver_local_search,CP-SCALE-AU-L002__gW1200_gE0680_s0150,0,fe488075482d5012142892d0aebdda37df68032149f1d9149c8aed5d5a3cf8c2,False,error,,,680.038367267698,665.2715989999999,3192410112,97eed4ff2c5b4a84d1d1b8e9645e81fe0d40ff8e9fc4daac45e73da590f4615c,ab5a91fbccf56215712576c935c29f84474ad0f33f4d4c89f78aa06d9f04b2b2,c1d3dde9d56b734a24b1c67a89488e78a1b05309bab794ac59978e5243d88d48,c8efdf57a822b9386d1f480999af4045db64c1e6acbe5728564644196e8027c1,a0515f47072400b8f64f38496e3e97832a65fb69c967f1bd6d5fe298eb4d5f2e,1d93ff85c1a9091fdc5407be605827adcb184f8f7f499b55842628d408a2fefa
