method,graph_id,slot_kind,slot,value_ticks,contact_seconds,wall_seconds,cpu_seconds,peak_rss_bytes,trace_available,trace_sha256,receipt_sha256,certificate_sha256,native_sha256
grasp_plain_v2,CP-SCALE-AU-L002__g0340,random_seed,67,1523552795129,1523552.795129,898.5656295344234,896.911827935,22233088,True,af7be2909dcc09479b8ae90979a5a00fba743d06dcc60c6d91b830361de1ed9d,29d4d286fc3ee4178ae8975b891dcc19cc179c19188f64aa09b880266ec9619c,9670949c37a1a889708146d36ec98e7d665cc5d579c12078319a7f08e5fe1bb3,9670949c37a1a889708146d36ec98e7d665cc5d579c12078319a7f08e5fe1bb3
grasp_plain_v2,CP-SCALE-AU-L002__g0340,random_seed,71,1523316629355,1523316.629355,898.5426273792982,898.502337943,22155264,True,7bfd1dc1ce8102b1262fe8b85966f430d6437f098d5380ec350eda7ec4a30e95,cd92cd2c5cf914a0d9fcd91cfad63354c5a9b7b0573ae2d488306d460cef8260,4ac25651d82a9abb9a8615256542f1bf7cb689c8850348041fffd076bfa8f86b,4ac25651d82a9abb9a8615256542f1bf7cb689c8850348041fffd076bfa8f86b
grasp_plain_v2,CP-SCALE-AU-L002__g0340,random_seed,73,1523224707855,1523224.707855,898.5396152772009,896.781816931,22147072,True,8abc11392b9b474b889f04426f6cacb7bd199d9e4747430ee577463180bb8632,ca6dd10e87ded6fe44e2ff916920ff8f1f2006b06fa4826af418dc17ad965b34,202136bb01e8b56c6a5def7154ada555944f5c376939fad0910a0255a848eded,202136bb01e8b56c6a5def7154ada555944f5c376939fad0910a0255a848eded
grasp_plain_v2,CP-SCALE-AU-L002__g0340,random_seed,79,1524066989928,1524066.989928,898.5444457754493,898.5024715160001,22216704,True,badc83eaa24d5c10e7618468c85520c3616026eaa56a90bbff17b95635cb805d,4ed54c569b1304a05227c89fd24acc2ac66ba211d9e42cf818917878a2544924,0e5b9b5482a30870d2179d1bbbb7889fa58f1899a3095701de5dc8bcffeec4c3,0e5b9b5482a30870d2179d1bbbb7889fa58f1899a3095701de5dc8bcffeec4c3
grasp_plain_v2,CP-SCALE-AU-L002__g0340,random_seed,83,1523371354127,1523371.354127,898.5499004237354,898.266300561,22151168,True,1b41cc63e266933d8bb86e54fa5d62fadf71591203b89c86c7e6134e907c4900,e72b52cbd52ce2827a48174f419195f6b2fc649134adf9a3f6737b029a4a60f6,06a485be181cbe96fd44b223b0d3e523ee6ef9f3320ae1ddfbb6fd4efc749155,06a485be181cbe96fd44b223b0d3e523ee6ef9f3320ae1ddfbb6fd4efc749155
grasp_plain_v2,CP-SCALE-AU-L002__g0680,random_seed,67,1139933198367,1139933.198367,898.5667879730463,898.4853986019999,23732224,True,113ab6e0a89ee5bcd97b1d67fa0c9bc8bc8ce0e13c6a0b768c3e842e22667204,cd41516ef35b377ee4425b20a9e18149ff0985a0d8c2d97581e3e5001cb25a94,f8a66ec04c153d22e73d3b1327eacb80777ea520d040282550cd5c4a9fb20417,f8a66ec04c153d22e73d3b1327eacb80777ea520d040282550cd5c4a9fb20417
grasp_plain_v2,CP-SCALE-AU-L002__g0680,random_seed,71,1138327063669,1138327.063669,898.5713169239461,898.3713267979999,23654400,True,a283730984fd9453e6233fa49bb9aa27c5dfb7d40545fb9ab8c6b9b017a2119b,c415467c7a4dc1f3d66e4db5f430902693039fbd9830e51ed40d7a955cf6b9e0,6d11797f0d11dc093e8e9208aecf0776b48974cdc0dde5d0553c193fc4d420da,6d11797f0d11dc093e8e9208aecf0776b48974cdc0dde5d0553c193fc4d420da
grasp_plain_v2,CP-SCALE-AU-L002__g0680,random_seed,73,1138053296715,1138053.296715,898.56155673787,898.463556451,23732224,True,a1891a9d0d4eba38d3ce206173f9dea99701fae4fe058c459daf3f222f790786,0144f6d2fadb47c3fa1d3a2db3f310ad6fb056d42825fd1c28713c31983ba762,42225d64a7dc58ad36bcc6e30ee4796cd0fe86e34a7baf46f5d0ccbf8e5d58ce,42225d64a7dc58ad36bcc6e30ee4796cd0fe86e34a7baf46f5d0ccbf8e5d58ce
grasp_plain_v2,CP-SCALE-AU-L002__g0680,random_seed,79,1139326561209,1139326.561209,898.5810948945582,898.435110857,23732224,True,b759c374650713db6206db63426769ea42d51e46f12a01b14a87c3f4ac721328,0c174c2e8608268942ac2de56ff257303b39c72c11871d4cf05bd92054bd22e7,be2d247423f2bcc7bc87ecda1fdca3265a669833818b581d241ae1b04edd0fff,be2d247423f2bcc7bc87ecda1fdca3265a669833818b581d241ae1b04edd0fff
grasp_plain_v2,CP-SCALE-AU-L002__g0680,random_seed,83,1137458838810,1137458.83881,898.5511268563569,898.476724777,23601152,True,4e9dc8caf838e7e7b49675a4c079fbfe9a31278cf31d38e571c3a518d5e933d5,01879ebf75190bd91c096273d7345990bef460825c94252b52fe0b8023e63e09,f625d37909ea0d61a7342e3051a87cc1bcd723b0f6b4ddacb505adad69af8c44,f625d37909ea0d61a7342e3051a87cc1bcd723b0f6b4ddacb505adad69af8c44
grasp_plain_v2,CP-SCALE-AU-L002__g1200,random_seed,67,841337512314,841337.512314,898.5548630692065,898.514079528,27865088,True,c85654050497cb68272c6f7ccd0dfdc98740fa6a42b8f5a37be053a20252eeec,ebd5e3207d1f3300e51de82117cf9d4e7b4ec251fb33003d0f766e8c5202b1fa,d41ecd2779999e1931ce95bbd68c586c67cd8c888f16a2f43e8756ec5720e0bb,d41ecd2779999e1931ce95bbd68c586c67cd8c888f16a2f43e8756ec5720e0bb
grasp_plain_v2,CP-SCALE-AU-L002__g1200,random_seed,71,841877383834,841877.383834,898.5601186640561,898.3337218470001,26222592,True,d5a20bc8edbd13b435774d6bbf1cd16dade873d575a85049afe48a91876df598,aaa79558db44a7ee32145a316efed34ccaea2e411146c61f42eff668b73ab356,c5026843f766b07d67d0e6bb0bb9da51ddaa0eaed87f48aa5b1003c5a6847583,c5026843f766b07d67d0e6bb0bb9da51ddaa0eaed87f48aa5b1003c5a6847583
grasp_plain_v2,CP-SCALE-AU-L002__g1200,random_seed,73,841861890514,841861.890514,898.5645394288003,898.478219837,27934720,True,a3489e83813ae30cb35ac30fb36c788438f5e66d9be0caabba1f3abef32f81d8,15a32f5bcbc02635e3539af4f91b0661f6d3d185f31e7b43b54324dd4cce5e0d,d649ade6d575ae8b084d924d040ed3987bf70226ebf0ad4da054b6bf678f7fdb,d649ade6d575ae8b084d924d040ed3987bf70226ebf0ad4da054b6bf678f7fdb
grasp_plain_v2,CP-SCALE-AU-L002__g1200,random_seed,79,842308916814,842308.916814,898.5791277103126,898.3545005569999,26284032,True,6944b595f529a22b35c8c42c5ea8c897c8b1c7e819e5b4e26744cf8ef35d63ec,13fab59fc019051f8c5b0d6844400944984cbe6ee2fcac49901bef50435b8241,6a4841e1000c3c16f3b316407fc965c1605e04ffb5cea111af48f850da5c3d41,6a4841e1000c3c16f3b316407fc965c1605e04ffb5cea111af48f850da5c3d41
grasp_plain_v2,CP-SCALE-AU-L002__g1200,random_seed,83,841895441783,841895.441783,898.5777675807476,898.490353123,26222592,True,867e84e00579ee43a541c694e76e059d73a778896add4413320e0ba389333748,25330f75eec7fde9864f30de72a8eb89436d9db140fd7fcece110f876c06227c,15d0b70be386e4a9ace33a3fba6fb27b36e04975d74fd9f137af4441e7feec1e,15d0b70be386e4a9ace33a3fba6fb27b36e04975d74fd9f137af4441e7feec1e
grasp_plain_v2,CP-SCALE-AU-L002__g1800,random_seed,67,610814383506,610814.383506,898.5709783062339,898.487992203,28925952,True,21d2d1c4b2f69f559cfdc6ff8e4824b92d484e2eb29e303a936a08095cace175,390c8c035a521d8ded51b40e85d6a405d167c28570779a8be12c3a972262c6f9,2f97642ddbe50b4f96e4432550ebd80bfa43dfb181b5e07e6d62084a0011e6b8,2f97642ddbe50b4f96e4432550ebd80bfa43dfb181b5e07e6d62084a0011e6b8
grasp_plain_v2,CP-SCALE-AU-L002__g1800,random_seed,71,609341714763,609341.714763,898.5670402906835,898.524625644,29057024,True,c3de42992f7a545dc60d80b51d96ce5d2cab282628c10dfa539677cbcbc61949,2a3ba8445de53db55d7fc774cdd3d68402ce5e2d337a01762f79694e8237090e,63baaa08e1e9d6511e99112a71f3703810fd936482dd12d5cec12edc00701d24,63baaa08e1e9d6511e99112a71f3703810fd936482dd12d5cec12edc00701d24
grasp_plain_v2,CP-SCALE-AU-L002__g1800,random_seed,73,609470326480,609470.32648,898.5859757550061,898.3232488,28925952,True,7da2d151ce23eb4720dfe0305e21d6724a17fee1c1f01dce26f92f96309da3de,ba1a888fe78c847ba8f5707c7492ea15b78a1cccc3daa1ef3da19dee3f117216,4cc0eb474d447491507ca8ed225147a931165a718c599d72943ee15ecf1f2870,4cc0eb474d447491507ca8ed225147a931165a718c599d72943ee15ecf1f2870
grasp_plain_v2,CP-SCALE-AU-L002__g1800,random_seed,79,610372889628,610372.889628,898.5801787376404,898.376776527,28991488,True,dbc2646de24f50a6f3d9dd37bf905b3e55c79b7f86f41aab2acf51ddb314dd29,769dbd0011a7e360f8802a7dfa03e8e66a9ac2e1d0500042dfc2385d979c9a62,7249c01c73d1e981de7c4b52110b1ee4dcdd169b070686093dcb494eb1ee8d2a,7249c01c73d1e981de7c4b52110b1ee4dcdd169b070686093dcb494eb1ee8d2a
grasp_plain_v2,CP-SCALE-AU-L002__g1800,random_seed,83,609478415086,609478.415086,898.5895076021552,896.264920124,28938240,True,8e662edc9d555358e695f36279c08f82cc4190d968b773a47deae804f1babd6e,6b02ee3156059e7d59727650f86205988ba1685fec14c57b99b2fa3dd136354c,8d72e8a3df50930634c51a45c6c0e2f9427d10c55d3c4722aa3c096c88fce946,8d72e8a3df50930634c51a45c6c0e2f9427d10c55d3c4722aa3c096c88fce946
grasp_plain_v2,CP-SCALE-AU-L002__gW0340_gE1200_s0150,random_seed,67,1183708913751,1183708.913751,898.5577435269952,898.203159475,24199168,True,7077b86315d6e9ac83afc1fb7cd57e0f3d91ba08e9717b85bee2ce9b934b6f53,e99603b7cb6e44dcc9b8d6b3e7d707e025761f5d4145b7ef3dd3f64d463a4f8f,937d2aa1fbe17f77776a48621c1da94cc83f5f6fe8be71c877c1c549edd1ba06,937d2aa1fbe17f77776a48621c1da94cc83f5f6fe8be71c877c1c549edd1ba06
grasp_plain_v2,CP-SCALE-AU-L002__gW0340_gE1200_s0150,random_seed,71,1183230610938,1183230.610938,898.5451631695032,896.9597744270001,24260608,True,44ade5077657ab82d2273938765c9a8bbbaa0cca4a5be8fecab7b1fc1e463430,4010eea28ed83db7cdff972b06904e379b19eedafcbec79241ecc33f18bf9eb7,36627c34f238850d1097b5c25ce4894d4123df82610d31fd226ecdc8a11e150b,36627c34f238850d1097b5c25ce4894d4123df82610d31fd226ecdc8a11e150b
grasp_plain_v2,CP-SCALE-AU-L002__gW0340_gE1200_s0150,random_seed,73,1183649973836,1183649.973836,898.5830592699349,898.342083893,24334336,True,004e8c82d5597b7641144c5f8a558098b907ec5beefcf210ca4924fab1dd14e9,76425c94c79272359a2f2a799ee09be52fb4ecf55e0801c8274ed7943e263958,da259a8c719519007c4ee792ea43c94f31a8d714fd6a77b576b7df19017d4145,da259a8c719519007c4ee792ea43c94f31a8d714fd6a77b576b7df19017d4145
grasp_plain_v2,CP-SCALE-AU-L002__gW0340_gE1200_s0150,random_seed,79,1184355307050,1184355.30705,898.5456637963653,898.3713634860001,24227840,True,0d56b9f71500e35d579e003da19920169478ee911bbc26d0849ba36dddd892c4,a964156c9591e2f1e56f0d6736d46f65ef7e91d7826c5c15238f4fda62bdd84c,91470142d5a0ccd3cba78d4609e396fa2c47aa4e29c814636fafbbbc46d1a1b2,91470142d5a0ccd3cba78d4609e396fa2c47aa4e29c814636fafbbbc46d1a1b2
grasp_plain_v2,CP-SCALE-AU-L002__gW0340_gE1200_s0150,random_seed,83,1184087922567,1184087.922567,898.5547771155834,898.4856177290001,24264704,True,263eefd6ba1d52ec50f1170c6b4401f6e9883f80eeb66846ae4c2cac93565f47,1ff9f2a59b663c2993559803b063214848f81d5772afefd0d93bde17ea106a2c,f61a0c013cb56d24cde3a49b198aaaf7c23bbbf404ec706ffe8ed512e6919787,f61a0c013cb56d24cde3a49b198aaaf7c23bbbf404ec706ffe8ed512e6919787
grasp_plain_v2,CP-SCALE-AU-L002__gW0680_gE1200_s0150,random_seed,67,987574109269,987574.109269,898.5607054494321,898.372682639,24952832,True,36fcf29a887f49ae13dcedd7c516805c82a65ea9848b2d1f6ba9f607ddbe5f76,7eada22581f45f84e0378bba3aaaf24b27694ffde4ff2abc4c4fe8cf3f37ae31,b7fa265a389ab90e30b53847575a19a9f6cc48e78809b1bb6d39c4253422cc91,b7fa265a389ab90e30b53847575a19a9f6cc48e78809b1bb6d39c4253422cc91
grasp_plain_v2,CP-SCALE-AU-L002__gW0680_gE1200_s0150,random_seed,71,988573854636,988573.854636,898.5582567118108,898.510863845,24961024,True,11debd44c5b028d15e77d5ed86f84aa1274ebc49ed1b21f27b121fdedc6c23cd,19062849656035c76f031fb5e8059712249387cf43c24902cc2d7a26ecee12ec,d9cba5cf36dbc308345eaa913253baee0b6d5e20c6e8eb517d7723a1241dda1e,d9cba5cf36dbc308345eaa913253baee0b6d5e20c6e8eb517d7723a1241dda1e
grasp_plain_v2,CP-SCALE-AU-L002__gW0680_gE1200_s0150,random_seed,73,988721370356,988721.370356,898.5812395475805,898.481013306,24952832,True,3bd5d06d3cf9ddb673cccfc6d2aa9d6342ab513c7706cbd2e37755d4f4fa9b54,215db89d2acd2db68b8dd971da7e191a664a3dc88334eeb6304686cb84c97923,80f05339a6d7b57bc5d0f56241bf617a5af2cbf00d0fa3aedea6b972f858dca8,80f05339a6d7b57bc5d0f56241bf617a5af2cbf00d0fa3aedea6b972f858dca8
grasp_plain_v2,CP-SCALE-AU-L002__gW0680_gE1200_s0150,random_seed,79,987991597150,987991.59715,898.5599164478481,898.429413523,24887296,True,8799db8f59e3cba10f1928008513e95e0ecac178c57c9781b5f5ad54279777f0,182990a8345d291453b71f96744791f69640235b69f07cd847d2143b174fa522,0122dfd90272f6cd744aa34181729edea7f6a30670bbc695408ee8e6dae1f7fc,0122dfd90272f6cd744aa34181729edea7f6a30670bbc695408ee8e6dae1f7fc
grasp_plain_v2,CP-SCALE-AU-L002__gW0680_gE1200_s0150,random_seed,83,987801174464,987801.174464,898.5758343040943,898.5098527629999,25018368,True,9bc6b97dd7346f5cc4aa0194105532e6de18be6e0ff415d6cde634345bd7d092,46c27c83273f155454ab4427352b78b1ad20b712e2191b269940359bfc5e76ff,bb0ea5acffd5ceade079385dcf3d2e2a9361582e1440473d6d829fa14e69adaf,bb0ea5acffd5ceade079385dcf3d2e2a9361582e1440473d6d829fa14e69adaf
grasp_plain_v2,CP-SCALE-AU-L002__gW1200_gE0340_s0150,random_seed,67,1182422549306,1182422.549306,898.5523534454405,898.506072496,24317952,True,9d749ea0fc0808e5cd6864b6989da11cb1257ce3c6c9e2bcb2ccabd28aa63366,e0eb3560ab1755a75ff47ab3a01f6a23a1bbde35874ff47f49b1bb52f54e806f,40ff10816d8aceabc851de936f474b3b712b94a3ceb338f86335ffb73759b81f,40ff10816d8aceabc851de936f474b3b712b94a3ceb338f86335ffb73759b81f
grasp_plain_v2,CP-SCALE-AU-L002__gW1200_gE0340_s0150,random_seed,71,1182895228821,1182895.228821,898.5818032957613,898.4774356190001,24154112,True,9fab318bb1f76313b0352486700aefc664bfca2cc8ef85021377f40f38b4b819,5fcc48118e7b9ac974fe235304bfbd49f2192adc520b82d639bb50fe5bda22ce,22440c5699e4902e8bb8788d36f6108cb2cd3b68965a70b545b2ecae0afb6a1e,22440c5699e4902e8bb8788d36f6108cb2cd3b68965a70b545b2ecae0afb6a1e
grasp_plain_v2,CP-SCALE-AU-L002__gW1200_gE0340_s0150,random_seed,73,1182813962024,1182813.962024,898.5560657940805,898.2636785709999,24248320,True,5ab060cc3eff4ef69065930b60aec067eda738b6d702bf8078794cd1e170aaa6,943b0d4cf1b80a48cfa29eb09512a9fe6fffa5afd8a23c5742adb29d071543a7,56d467f498e8da45191071ecfeaaeb54ba7c9765457fc71a05b68cf4a01815b5,56d467f498e8da45191071ecfeaaeb54ba7c9765457fc71a05b68cf4a01815b5
grasp_plain_v2,CP-SCALE-AU-L002__gW1200_gE0340_s0150,random_seed,79,1183393805134,1183393.805134,898.5443592183292,897.445997907,24313856,True,3e4c851a7cf6ca6e5059eb4263a2961ae7c9543537a05aec6595988f05a50835,775b8c1e97cb2e9fc06f8909aef948d090d39328001ae9dd88a78f208f05da7d,7b714d9a5c5cda255e8ccd483fef8a7444d0a4d3b13367b3bbdebf5692db9120,7b714d9a5c5cda255e8ccd483fef8a7444d0a4d3b13367b3bbdebf5692db9120
grasp_plain_v2,CP-SCALE-AU-L002__gW1200_gE0340_s0150,random_seed,83,1182665753885,1182665.753885,898.5566708855331,898.3834044810001,24207360,True,80cbc58889e3d38ce789de221dd9ba9d046ed154c5dd502ea058f9c3fb53d75d,65019884ef7b052ec8a2128ca657eb5a5ba0342a00ac07ab535d9f9c93cb0fac,2635deb3e041cd912caca997e1de1aed81ac6ad0b9170ad6541c914ce1456f0b,2635deb3e041cd912caca997e1de1aed81ac6ad0b9170ad6541c914ce1456f0b
grasp_plain_v2,CP-SCALE-AU-L002__gW1200_gE0680_s0150,random_seed,67,988390022178,988390.022178,898.5878321193159,897.3727597250002,24875008,True,2d083fa3724e47ffacbc9a9a699d960ff4fbf29604cd1c3402d668e202524b24,ab68d6461cf6c75615ed5d2fd67b56c68ab18c5923b7c3a4772c323f86c06e5b,2f92992f08c7e1ffe84d3155d5c29ccdfdd3b4747096bd3b8cafc3d2386e758d,2f92992f08c7e1ffe84d3155d5c29ccdfdd3b4747096bd3b8cafc3d2386e758d
grasp_plain_v2,CP-SCALE-AU-L002__gW1200_gE0680_s0150,random_seed,71,988491869760,988491.86976,898.5939720235765,898.44972727,24948736,True,45f181f6080d9527fcb8f6401ffdc343b9c6b56073d8995c76ad52b54631cfe1,7ae4981571d1e458e1e22313103a9349a61dafe775aecf6097108e8d6c3752ad,76e0ed40c890447245fbb39947c45a1a74d1dedd5f06652d4e8b48023bafb297,76e0ed40c890447245fbb39947c45a1a74d1dedd5f06652d4e8b48023bafb297
grasp_plain_v2,CP-SCALE-AU-L002__gW1200_gE0680_s0150,random_seed,73,988739922527,988739.922527,898.5737369321287,898.4358262530001,25010176,True,ebee14254e440709e350d3785cee8e17c42de489446f1013db4526be2f4bc781,487917429f29e81ce33baf891289def31eec614d2da26cf2339c49e3a130e56f,6a8edfaebb1e57184b5c47fc228f271a063b47941c1e61af2c0cff109ae9c1e2,6a8edfaebb1e57184b5c47fc228f271a063b47941c1e61af2c0cff109ae9c1e2
grasp_plain_v2,CP-SCALE-AU-L002__gW1200_gE0680_s0150,random_seed,79,987863606827,987863.606827,898.5730605497956,898.2517521100001,24875008,True,b158a58e995d2cf4010a2bd90db04418b833b4feda7b8cec39fe4acd190ec3af,e207eee7c869de89a479ea30220d5b3766075f18c158f52e89408c2412a68b0c,71d60c1f2f434a71e41ffaf9e9e49c667ef5348048c8641f42bd8b1d812fdfcd,71d60c1f2f434a71e41ffaf9e9e49c667ef5348048c8641f42bd8b1d812fdfcd
grasp_plain_v2,CP-SCALE-AU-L002__gW1200_gE0680_s0150,random_seed,83,988426029038,988426.029038,898.5546675920486,898.439229171,25014272,True,fcaf94a13e7eaf655d560f1f776386d2c2f45c6dc432667fac017853e44c7f67,84b01dbf72f41ce3bab88bab224303d7894410b3ad8e3b758ffd25d92dc958df,f23939762fd97655e677203e676729e781cf3337f91c088b511b4c12b6fc5d00,f23939762fd97655e677203e676729e781cf3337f91c088b511b4c12b6fc5d00
fj40,CP-SCALE-AU-L002__g0340,random_seed,67,1622664895191,1622664.895191,891.2848407998681,889.5902852570001,87506944,False,,aa798c191735c82c910fe791387c607d9bdffbf8946327bf91ce4551aa7b21ab,f3254032145cb0409a01ade8b8c1dbf35e5880a2ac57562d12a2063dcef1c1ec,f3254032145cb0409a01ade8b8c1dbf35e5880a2ac57562d12a2063dcef1c1ec
fj40,CP-SCALE-AU-L002__g0340,random_seed,71,1623758418346,1623758.418346,891.1002529002726,891.0225468169999,87433216,False,,ff61523b5c8dcf44a04d0356fcd1ca37565b0231a882a52e587884a1741973cd,30575e22f340e232dea20faa63a058f539bc2349a4aecff4b28937425a82ddad,30575e22f340e232dea20faa63a058f539bc2349a4aecff4b28937425a82ddad
fj40,CP-SCALE-AU-L002__g0340,random_seed,73,1623299428214,1623299.428214,892.0458554849029,890.3123591520001,87429120,False,,93ced8075e567f75d507df658b0cac0fec54049444fecd2dcb244203ecc7b23c,6002a70081b9f54ff2a257aa25423b980c5c4e10ac22a168afbc1e5b43c5127a,6002a70081b9f54ff2a257aa25423b980c5c4e10ac22a168afbc1e5b43c5127a
fj40,CP-SCALE-AU-L002__g0340,random_seed,79,1623475238189,1623475.238189,891.1707566305995,891.063803872,87363584,False,,4100e99a2e6c0a562588d073af5b5712149eaab306ca4c7bbff22d874de5085d,811b4eb2e20797ec60c3513b4c232f1393bd032835579cb71d901e55edd2c2f8,811b4eb2e20797ec60c3513b4c232f1393bd032835579cb71d901e55edd2c2f8
fj40,CP-SCALE-AU-L002__g0340,random_seed,83,1623042497728,1623042.497728,891.2137195393443,890.5848720870001,87359488,False,,f52e9d36bfd2bb31534a8d22809df5b87252591d7313d529fc8906eae6a66f43,ac0196d2ba1a2f977c1492cd955c23110924332cdfded47a1a6698c593a07258,ac0196d2ba1a2f977c1492cd955c23110924332cdfded47a1a6698c593a07258
fj40,CP-SCALE-AU-L002__g0680,random_seed,67,1244676395831,1244676.395831,891.8113900870085,891.45656033,130646016,False,,879b07ae16a525d93351e7b1a4b7a046f3e7db2de1314bf240d55c0a71fcf05f,f78edbd3749cd87013f14a83afc4bfb1e6f73c3e0c8834dbfd9821734a226686,f78edbd3749cd87013f14a83afc4bfb1e6f73c3e0c8834dbfd9821734a226686
fj40,CP-SCALE-AU-L002__g0680,random_seed,71,1242518855541,1242518.855541,891.8058222196996,891.2940225469999,130646016,False,,f862e93b6190e297efc4f0da06fbadba7b2f7ba48a66a687536c432d2ab05553,10d280467a0148090ff35df1aca1dfadfa04cdeaa9d21447511d17401ac439df,10d280467a0148090ff35df1aca1dfadfa04cdeaa9d21447511d17401ac439df
fj40,CP-SCALE-AU-L002__g0680,random_seed,73,1244142784044,1244142.784044,891.7237796075642,891.3174947460001,130564096,False,,2c5261f14cbe41caf7c0faf5bc098556ac26938c231b459252bb8c67be2e6869,1e0d9521b50ecab7fe5403b07caaa36e91cdd1550e76aad9c1c3c945a14f1b4d,1e0d9521b50ecab7fe5403b07caaa36e91cdd1550e76aad9c1c3c945a14f1b4d
fj40,CP-SCALE-AU-L002__g0680,random_seed,79,1243097542397,1243097.542397,891.8967670500278,891.5206739050001,130605056,False,,a455c02e51d796d0d0934150d8ea16ea092eab17936638ff6f7ab9adeea803f9,ceb84d0f5a1ff5668c3100285a7604151a226805e892ca5c37a83f4d07c28ea5,ceb84d0f5a1ff5668c3100285a7604151a226805e892ca5c37a83f4d07c28ea5
fj40,CP-SCALE-AU-L002__g0680,random_seed,83,1244160995798,1244160.995798,891.7818289510906,891.3385249629999,130662400,False,,54ca2897ed4e08c1ce254b5155e51037d504cd4cef185c63804b474776f13aaf,7695ae6099bfcc000605bce5a54bf1bee9b58dfa5d02afc643492769cd4410ac,7695ae6099bfcc000605bce5a54bf1bee9b58dfa5d02afc643492769cd4410ac
fj40,CP-SCALE-AU-L002__g1200,random_seed,67,870814525694,870814.525694,892.0360776148736,891.7636718489999,151101440,False,,5cf4e9760d690aab6bac6c08bc47b74cf20d033dbed87f12fb9a4b1005cf743b,b2ee9462da5f8a816d80eaeb2dd6742451564201c54b44b455b3b28a6158e940,b2ee9462da5f8a816d80eaeb2dd6742451564201c54b44b455b3b28a6158e940
fj40,CP-SCALE-AU-L002__g1200,random_seed,71,871046771011,871046.771011,892.029152367264,891.2932207299999,151158784,False,,848cea77d1fe59512a9702a1699b34036581eaf9149ae55ff312d8637f258c30,f18da75458f81b8cc49dcb2691feaf5c4bfe1ea38e4dc2e11b6cc3749414fdd8,f18da75458f81b8cc49dcb2691feaf5c4bfe1ea38e4dc2e11b6cc3749414fdd8
fj40,CP-SCALE-AU-L002__g1200,random_seed,73,872450557468,872450.557468,892.0240750573575,891.6811857380001,151089152,False,,2d573ff29bda4e626728389de447259f0305ef10208d04d242b4521d7bbd1d53,cf4a4aa5d585c8e246b74033ec2359d8a388d79599755558f6ac4adaf857268b,cf4a4aa5d585c8e246b74033ec2359d8a388d79599755558f6ac4adaf857268b
fj40,CP-SCALE-AU-L002__g1200,random_seed,79,872146198240,872146.19824,892.0190275497735,891.7486369220001,151236608,False,,ae980b66cd5a90477d27c902d67e36f41ff206ecb3d2272b1593a7ae0d08e0ed,b601616d8c7ee57458b4e7143661a26219a56ccd80df94d43d4a557a05332f54,b601616d8c7ee57458b4e7143661a26219a56ccd80df94d43d4a557a05332f54
fj40,CP-SCALE-AU-L002__g1200,random_seed,83,871936320856,871936.320856,892.0826341435313,891.748481834,151158784,False,,1964290cf722d8bec3369ceae7b77d8201ab9a288bf08d2a8563d0e2a41837b5,d0cd4ee10a0d741cb039de88451a5bda50f8784ae084e334254ca13cdfab007d,d0cd4ee10a0d741cb039de88451a5bda50f8784ae084e334254ca13cdfab007d
fj40,CP-SCALE-AU-L002__g1800,random_seed,67,685822812968,685822.812968,892.2636258117855,892.138594776,246304768,False,,3b022e065f5e397ed9ed963ae3226aec8ff8a81473d968017846dc1e25eb01f6,429af5cc4a3c47a7201c24945e974c9073735feb1e0cf60edb05b4fcb34f48da,429af5cc4a3c47a7201c24945e974c9073735feb1e0cf60edb05b4fcb34f48da
fj40,CP-SCALE-AU-L002__g1800,random_seed,71,685818588558,685818.588558,892.2681086882949,892.14359337,246202368,False,,c626addb7a023695443682fab5619689f731635b1d3477b117320fa945d66591,f35d35105e6f46b07091698ec2b863d8b2d961857304a75e1f44605a37cf83d1,f35d35105e6f46b07091698ec2b863d8b2d961857304a75e1f44605a37cf83d1
fj40,CP-SCALE-AU-L002__g1800,random_seed,73,685805930207,685805.930207,892.3134469613433,892.24120952,246366208,False,,61e6f31999da4aa648aba349d8b816939aac64acc43dc7b0ded71824f26dd92f,4ef4d4839f691aad0b855022193a057e7e192fdde8d742694bc02ab5185d7b0f,4ef4d4839f691aad0b855022193a057e7e192fdde8d742694bc02ab5185d7b0f
fj40,CP-SCALE-AU-L002__g1800,random_seed,79,684543230054,684543.230054,892.2094707489014,892.1963564760001,246366208,False,,81dd80424cbf416824fb16dcabba71daca2c78f7da953146ae53a3983b22879e,a227a4762457471f13ccdb2a61fbf6d2baa050c56d50af8a2f0b41c3a2f67a45,a227a4762457471f13ccdb2a61fbf6d2baa050c56d50af8a2f0b41c3a2f67a45
fj40,CP-SCALE-AU-L002__g1800,random_seed,83,682310021545,682310.021545,892.3005343824625,890.087147813,246255616,False,,ec9a2acca63b9f1802d2d1c6e491289e506e2633310ef01be9ec39cd9ce3decc,ddd339444860494bfeadda265361330cab688a41274e854875ca3003fbdd8ec9,ddd339444860494bfeadda265361330cab688a41274e854875ca3003fbdd8ec9
fj40,CP-SCALE-AU-L002__gW0340_gE1200_s0150,random_seed,67,1255426952353,1255426.952353,891.7890544645488,891.355149351,128016384,False,,091e582c7cce460ea8b3d797cbb613b7645f4e7f25f529134ec37198f738495d,7bbd7505ae8bb4c63b5ceb8df16837bd8bfefa8fb525eb14a01949d583e24a27,7bbd7505ae8bb4c63b5ceb8df16837bd8bfefa8fb525eb14a01949d583e24a27
fj40,CP-SCALE-AU-L002__gW0340_gE1200_s0150,random_seed,71,1254630882974,1254630.882974,891.8373253978789,889.5079431899999,127967232,False,,c8bd2f0a055a5f1b0d79719c016460399694e5affa9f25bb4a85b159293c31cb,21668dd5cc7433afa2499b83104bd795aa3423cef554ad7e3e31daf633f58466,21668dd5cc7433afa2499b83104bd795aa3423cef554ad7e3e31daf633f58466
fj40,CP-SCALE-AU-L002__gW0340_gE1200_s0150,random_seed,73,1254902123885,1254902.123885,891.7641888894141,891.3729143160001,128057344,False,,541b573822f211a7e3b28f0727962e20cfa2362e35ea770d11d9db0fb1ad9a09,c2bc116bdb325dee2add49ce6b74b75466b4b556b24bba76b2376e611203c4f7,c2bc116bdb325dee2add49ce6b74b75466b4b556b24bba76b2376e611203c4f7
fj40,CP-SCALE-AU-L002__gW0340_gE1200_s0150,random_seed,79,1257018739114,1257018.739114,891.7916384153068,891.383574893,127954944,False,,55369823960f85d46e1e442b8ab52d92495659d0eebae9ef99b9a0d7ff84165b,1550a2226306fb595412f56bd71dcf4442cd34210480d1e4901647e895e0f023,1550a2226306fb595412f56bd71dcf4442cd34210480d1e4901647e895e0f023
fj40,CP-SCALE-AU-L002__gW0340_gE1200_s0150,random_seed,83,1255133394798,1255133.394798,891.8102558143437,891.445822676,128008192,False,,f51a688af45f6419b66d6abfcacd7626319e3363adcd9c0193c09f8d83e64c39,f6a2853013591dc7298fc798155b6dff2e6e83fa06f653f9b4a2cb43c828c0a8,f6a2853013591dc7298fc798155b6dff2e6e83fa06f653f9b4a2cb43c828c0a8
fj40,CP-SCALE-AU-L002__gW0680_gE1200_s0150,random_seed,67,1059711044391,1059711.044391,891.8898651376367,891.471011004,133615616,False,,f6d1bf073353682c460347d896f60997e5e80dc24835e765d8994d7fb4627ea4,3e05c4aeeb7a6bc6eb943a9f73ccbb4ed7c0a027c9c47bd63aa729a7c6d4e2ad,3e05c4aeeb7a6bc6eb943a9f73ccbb4ed7c0a027c9c47bd63aa729a7c6d4e2ad
fj40,CP-SCALE-AU-L002__gW0680_gE1200_s0150,random_seed,71,1057790537084,1057790.537084,891.8466836214066,891.479584035,133562368,False,,748aa6e64eef55d0cbdb3956dfd1c70af941dd7efac43353e36752b89b15a38a,71ef5372816ac8fde0be6243ee1b72fbf207fe76f9218f3511f4ef8b7b669f38,71ef5372816ac8fde0be6243ee1b72fbf207fe76f9218f3511f4ef8b7b669f38
fj40,CP-SCALE-AU-L002__gW0680_gE1200_s0150,random_seed,73,1058531292292,1058531.292292,891.9131666868925,891.475398085,133558272,False,,b071f4b68aecb5b74c1fc4f09041d2bcd0452b63b1eba9c8a934a02093c11a8a,5e4ce8a3abd6e617084aeac242e849e2a883fa36feeb684971932595affd1478,5e4ce8a3abd6e617084aeac242e849e2a883fa36feeb684971932595affd1478
fj40,CP-SCALE-AU-L002__gW0680_gE1200_s0150,random_seed,79,1058327532485,1058327.532485,891.8711641766131,891.4629717939999,133652480,False,,a8945fcd1e884056c524cf67d1ef4e454b5047393154fb72abffdbc193d9506d,a0eb0bc462eb1ddfd85c06d9e11c8eb322ed4dee508982b429c06fcfa7bd7818,a0eb0bc462eb1ddfd85c06d9e11c8eb322ed4dee508982b429c06fcfa7bd7818
fj40,CP-SCALE-AU-L002__gW0680_gE1200_s0150,random_seed,83,1057619403094,1057619.403094,891.9145544171333,891.5074215420001,133595136,False,,0ba3125556d96eaa5c755b7112d67c7db4cde6aec35ceda523a02cab5f4bf726,01c12a47263c01b09aad2e14e42a25103913444223cbf87c94086477d714572d,01c12a47263c01b09aad2e14e42a25103913444223cbf87c94086477d714572d
fj40,CP-SCALE-AU-L002__gW1200_gE0340_s0150,random_seed,67,1257243981354,1257243.981354,891.7952168658376,891.341722773,128004096,False,,aae084912eb98527802b4495de1b076c0802dfc89f502ff7f35b56b606b93600,cc1b0712111278446f2d3c6b0ccd15ecee1085af7b3e3e171a158f99cfaef1cd,cc1b0712111278446f2d3c6b0ccd15ecee1085af7b3e3e171a158f99cfaef1cd
fj40,CP-SCALE-AU-L002__gW1200_gE0340_s0150,random_seed,71,1257673035882,1257673.035882,891.9236402623355,891.589729407,128090112,False,,32713beb8a62b2fd117ea944c8cf8ed561f45609f99dbac163c75a8fb3796dd7,5d6d63e3481c5a4e2e17e61ef7a333edf4c44183f47d82f0c6e170b146e350e3,5d6d63e3481c5a4e2e17e61ef7a333edf4c44183f47d82f0c6e170b146e350e3
fj40,CP-SCALE-AU-L002__gW1200_gE0340_s0150,random_seed,73,1258541320700,1258541.3207,891.832922808826,890.916331265,128049152,False,,45e2a284d6212f739ce08284086f7e887ca2e385f3bb357bbc43588edba94eb6,f90c40dc8cbda427181c00c30b301405e28cbd53c54065ccd9405319a9f77c61,f90c40dc8cbda427181c00c30b301405e28cbd53c54065ccd9405319a9f77c61
fj40,CP-SCALE-AU-L002__gW1200_gE0340_s0150,random_seed,79,1257067244539,1257067.244539,891.8102272152901,889.47434363,127991808,False,,a30850f74196fcc9767c6908ec966f78522b08efda55a789753bd6d0383f9928,a6870fbd76344cb57aab4303741a836dff8078f52db2a99cd6274c24fdd2189a,a6870fbd76344cb57aab4303741a836dff8078f52db2a99cd6274c24fdd2189a
fj40,CP-SCALE-AU-L002__gW1200_gE0340_s0150,random_seed,83,1257703370829,1257703.370829,891.839948259294,890.920173294,127930368,False,,b0be81a4d40a2dcae36f602ab6d05540611f9c421c5a38e0f6cf01d44b4fc576,915e2c5541377cbe786aee5f8d8cc25891485a86a23147875ffa7b7a36b85a6f,915e2c5541377cbe786aee5f8d8cc25891485a86a23147875ffa7b7a36b85a6f
fj40,CP-SCALE-AU-L002__gW1200_gE0680_s0150,random_seed,67,1058008376811,1058008.376811,891.8469521403313,891.033541844,133640192,False,,7b125130e7cde4f161ea9056eb84e2a4dd10dc1839217fa3cc9433bae739ee5d,c65f438cefe017b6585e6410b505159d43985f8c60650b44fed32c2e1491833d,c65f438cefe017b6585e6410b505159d43985f8c60650b44fed32c2e1491833d
fj40,CP-SCALE-AU-L002__gW1200_gE0680_s0150,random_seed,71,1058185631394,1058185.631394,891.9058583527803,891.498412223,133435392,False,,889a4892ca5ca43e4836a5e55502b61cfdfbee8198f4fd9a3b2cac4dce3f2d5d,5a24e455b8421f465a5b4a70541c9e9efcc8c494189705f03098947f0faf21cf,5a24e455b8421f465a5b4a70541c9e9efcc8c494189705f03098947f0faf21cf
fj40,CP-SCALE-AU-L002__gW1200_gE0680_s0150,random_seed,73,1058443176962,1058443.176962,891.9115883931518,891.4939656839999,133451776,False,,441f1922c7798e6fed1c9b230700d50c8e0a094ad2558502ed2657d46e50cce0,d8222f67ab8f6994be4441e4fee3e33a343069fc21215c4a2925347fa87d368b,d8222f67ab8f6994be4441e4fee3e33a343069fc21215c4a2925347fa87d368b
fj40,CP-SCALE-AU-L002__gW1200_gE0680_s0150,random_seed,79,1057202640762,1057202.640762,891.9078926816583,891.4789670140001,133644288,False,,cb13a4036390f28714494351ccbb6ac9b18b06be668c9d33821daecb87391ae1,065b381bcf0026f8d8dbe3c46edd2a8488889992280843aa5ee0dbf51a988114,065b381bcf0026f8d8dbe3c46edd2a8488889992280843aa5ee0dbf51a988114
fj40,CP-SCALE-AU-L002__gW1200_gE0680_s0150,random_seed,83,1059320552920,1059320.55292,891.9038146808743,891.524579808,133537792,False,,52bfa2b7cad9d98c54ce491ae2ccf4d14e909ea219998371b05c07fa0cb17157,94417169d23f720b90159cc0483f5b48ac9ba0b93c42089d19df4a2fa0280105,94417169d23f720b90159cc0483f5b48ac9ba0b93c42089d19df4a2fa0280105
fastwvc40,CP-SCALE-AU-L002__g0340,random_seed,67,1601711605647,1601711.605647,891.2634913995862,889.37435628,24883200,False,,eedf4329909a37b649353c6c864bdfb210ae0f9b2d64c65d9b074220216a5e21,2c0c3478af3103e4ae948dba54b46bc29bca5191d964304b6e9b692561e6d830,2c0c3478af3103e4ae948dba54b46bc29bca5191d964304b6e9b692561e6d830
fastwvc40,CP-SCALE-AU-L002__g0340,random_seed,71,1601382646304,1601382.646304,891.0464626401663,890.895559379,24797184,False,,807d716d9a1e3d1b18cf5b00ee390872af6bf84d1fb5bfb9e1a48cd5ca866c57,b1641672a3ac8a831c7caf4085c3578ff8054975c2d8e5ae282ee9bbaf51f3e9,b1641672a3ac8a831c7caf4085c3578ff8054975c2d8e5ae282ee9bbaf51f3e9
fastwvc40,CP-SCALE-AU-L002__g0340,random_seed,73,1599954027945,1599954.027945,891.2589830644429,890.088480433,24743936,False,,aa2c2818fbeccfe97d15c59e43da8a5e205d83248054663c348c9bb038d6b9d3,fb32cc5906436ed5fea72828d780b0c0cc909a541895693b24bb688c7578afe6,fb32cc5906436ed5fea72828d780b0c0cc909a541895693b24bb688c7578afe6
fastwvc40,CP-SCALE-AU-L002__g0340,random_seed,79,1600002440452,1600002.440452,891.0777143314481,890.9476881740001,24883200,False,,58e4eb9d3d9807fa3439de2ee694844ee6c9771dd36c1526c351fbc90b5df87f,985a3518d171f5396f346b447abfae1b13cb1bab6e1de23736327db0fb5a44ab,985a3518d171f5396f346b447abfae1b13cb1bab6e1de23736327db0fb5a44ab
fastwvc40,CP-SCALE-AU-L002__g0340,random_seed,83,1603594073788,1603594.073788,891.1594928838313,890.5104433480001,24719360,False,,613bec112a263307e653a6aa74ec8a02686af2cb29fa2c9a866b3c89ffebdd02,dc8c115246dc5052f1b21a0edd4d99227fd19349e09e26ad9fc7ffe6d364f01c,dc8c115246dc5052f1b21a0edd4d99227fd19349e09e26ad9fc7ffe6d364f01c
fastwvc40,CP-SCALE-AU-L002__g0680,random_seed,67,1226930983321,1226930.983321,891.1936194673181,891.1296328750001,29741056,False,,44b2a15ff681f63291abf2b037b477f835167e74b807b5dad5ab2d130ef0ed63,daa003bb2b1ccd017d8d0568aa041353be9b7f3f56456a76efdb3f554b7b4f88,daa003bb2b1ccd017d8d0568aa041353be9b7f3f56456a76efdb3f554b7b4f88
fastwvc40,CP-SCALE-AU-L002__g0680,random_seed,71,1226669216688,1226669.216688,891.2997247651219,891.111778433,29839360,False,,387798443fbe4206faba278708a71aa9698c63129db1c1ec5850af665c874ee9,4367cff3ed5a77a3b99f9c728ab897f5aa893b4d06203b4c56caa4ab5938147e,4367cff3ed5a77a3b99f9c728ab897f5aa893b4d06203b4c56caa4ab5938147e
fastwvc40,CP-SCALE-AU-L002__g0680,random_seed,73,1227416504338,1227416.504338,891.1682381480932,891.100266247,29753344,False,,eb73558733f194ddf30d56bdb0676d98dc1a9e5ea9cfbb2f4e89910be59a6dd2,197e43c0f157e546fcf89ab103c80874e5eb0495dd0476215602cb0abc4c3c68,197e43c0f157e546fcf89ab103c80874e5eb0495dd0476215602cb0abc4c3c68
fastwvc40,CP-SCALE-AU-L002__g0680,random_seed,79,1226294377143,1226294.377143,891.1936846971512,891.134183449,29921280,False,,da1206f0d12882ae8086b528ea94c260e7abe5ea5f04ec2852ccbc506084770f,841a5f7ade790e981b7f34f303be47c4cfcb0234032901d9eb5bc819c2a48b20,841a5f7ade790e981b7f34f303be47c4cfcb0234032901d9eb5bc819c2a48b20
fastwvc40,CP-SCALE-AU-L002__g0680,random_seed,83,1227720467264,1227720.467264,891.1698325164616,891.0895092879999,29790208,False,,bf36fa73d57addf628e944bce6bf512f26f72cacb51a7b02c58122e1779935c0,ca382dbe1ac366a799ef12348f50cedc5aa48cfacb8ff8e34d022346f4a79f50,ca382dbe1ac366a799ef12348f50cedc5aa48cfacb8ff8e34d022346f4a79f50
fastwvc40,CP-SCALE-AU-L002__g1200,random_seed,67,881821924535,881821.924535,891.511127576232,891.44504092,38391808,False,,c8098d779b9790174bca2f3f9c4d9cfccdd9a8404ab7141f18bbc4b4e7868b9c,98a996273171d167ce60faf17e2bdb878c9bcebbaed3c441556281bd3f0662d8,98a996273171d167ce60faf17e2bdb878c9bcebbaed3c441556281bd3f0662d8
fastwvc40,CP-SCALE-AU-L002__g1200,random_seed,71,881912017327,881912.017327,891.4521060548723,890.9400505939999,38285312,False,,5a9ab35a6ae6810900c4221fe09493442532ea2c0b98b82f3fbb96c936a930ad,0675ee6a6bcbb6964dccea830cf97f2a7882c110b6f18c9537ba61aa3e567b99,0675ee6a6bcbb6964dccea830cf97f2a7882c110b6f18c9537ba61aa3e567b99
fastwvc40,CP-SCALE-AU-L002__g1200,random_seed,73,882730485025,882730.485025,891.4840011447668,891.4552182049999,38379520,False,,bd0bd344d69a0756138d10a583cbe7c328905ab7a3162871e60d30c7665e069a,26d48f7e0cc91b77a78cbd9aee70bff3ac3c8e2a73dda5d5b5d7c768e1b6ac2f,26d48f7e0cc91b77a78cbd9aee70bff3ac3c8e2a73dda5d5b5d7c768e1b6ac2f
fastwvc40,CP-SCALE-AU-L002__g1200,random_seed,79,882365931510,882365.93151,891.444705568254,891.403521672,38309888,False,,db3ca18705ebdb3978e22d9b2dc5796284306d5cca0ddd4ef77cf14a556e60dd,076abd4f049d86b317c93fe969e2ea5c86b7e05099a47f1393564e34bc15e805,076abd4f049d86b317c93fe969e2ea5c86b7e05099a47f1393564e34bc15e805
fastwvc40,CP-SCALE-AU-L002__g1200,random_seed,83,882658170762,882658.170762,891.4955427646637,891.3840402689999,38330368,False,,00e2976456923253a8483db22d01d0b2f0107b4392255aa9c0daa5defca94fc6,3480f5e8057766c53ae28d200b10cf0f9439c45d6e8aa2c85b377192257339cd,3480f5e8057766c53ae28d200b10cf0f9439c45d6e8aa2c85b377192257339cd
fastwvc40,CP-SCALE-AU-L002__g1800,random_seed,67,684794334942,684794.334942,892.2487115263939,891.717678671,47964160,False,,3e1b18bfbafcbfe70e932ff631007b84602a577e562c1cf22afa7ce916e5c102,38a32db8453b5cb7fb02c0fc761d6c2489547095f8ce856f0d87c2767860612c,38a32db8453b5cb7fb02c0fc761d6c2489547095f8ce856f0d87c2767860612c
fastwvc40,CP-SCALE-AU-L002__g1800,random_seed,71,684619757365,684619.757365,892.2540131397545,891.719697669,47906816,False,,5efda6d48e4b8b4314b0c67205ffb39e6c256303c06a94aa4231096377b8b677,243293626cfc785c84d687aa6254f90f1b8d4bda9be7d4c19801ef62e77b8445,243293626cfc785c84d687aa6254f90f1b8d4bda9be7d4c19801ef62e77b8445
fastwvc40,CP-SCALE-AU-L002__g1800,random_seed,73,685123962296,685123.962296,892.280391484499,891.7515569459999,47882240,False,,249094ee59dc74bf3260873efad8a9be729807290d528d350efb87d03f75c6b5,a127b16603c8a0c7fe62f7c01edd79445cef59d3c37962ea0457e446a88455c9,a127b16603c8a0c7fe62f7c01edd79445cef59d3c37962ea0457e446a88455c9
fastwvc40,CP-SCALE-AU-L002__g1800,random_seed,79,683844065748,683844.065748,892.2125399298966,891.7438186950001,47968256,False,,cd82fd67dda79a1e3bb3a3e142933dbc37f461e141d8b36d368c56fb556acdb8,9f2c2acaea9a28cd844c3d08275827c3b05e73ac7ab0d056dc1be8e01d116f6b,9f2c2acaea9a28cd844c3d08275827c3b05e73ac7ab0d056dc1be8e01d116f6b
fastwvc40,CP-SCALE-AU-L002__g1800,random_seed,83,685388035474,685388.035474,893.0706841684878,891.4894152869999,47898624,False,,57694293764479ec377f2b4ee11805a978e76b7f9da6d56ad7e02cd41334e565,68be6490c25e36476b4c2f6c2a9fcae7ed0ae869e9049aa834b311ed333b3e6f,68be6490c25e36476b4c2f6c2a9fcae7ed0ae869e9049aa834b311ed333b3e6f
fastwvc40,CP-SCALE-AU-L002__gW0340_gE1200_s0150,random_seed,67,1244491864352,1244491.864352,891.2687945663929,891.1350002109999,31596544,False,,9e4d4da1e1cde477a7e5bc6b34b12706bec3f282250df605294840713c537540,6868ba32978746d5a0280290848d0b627b7916f8a09d459aad349903b9425ee0,6868ba32978746d5a0280290848d0b627b7916f8a09d459aad349903b9425ee0
fastwvc40,CP-SCALE-AU-L002__gW0340_gE1200_s0150,random_seed,71,1244265921910,1244265.92191,891.2863928228617,890.040734977,31436800,False,,4e22ccb3c0df8f59ce6726403f9edb65dff4f443bccbd191cc89db9d3d0136d1,6cadad61d0b0a28982a936400a1a04a8780df9adf6fd34d04d725bc6c5f43c5a,6cadad61d0b0a28982a936400a1a04a8780df9adf6fd34d04d725bc6c5f43c5a
fastwvc40,CP-SCALE-AU-L002__gW0340_gE1200_s0150,random_seed,73,1245815080100,1245815.0801,891.2289979793131,891.169121059,31608832,False,,afacdd089a82a21bb4545ba15a1a8320e8cb8af28b3481a852b0318b0db99559,4cb74ca8ad066ac9860b0b9884eec48ac15568fc68db12276a51f4c8967e4b03,4cb74ca8ad066ac9860b0b9884eec48ac15568fc68db12276a51f4c8967e4b03
fastwvc40,CP-SCALE-AU-L002__gW0340_gE1200_s0150,random_seed,79,1244996918596,1244996.918596,891.2734676413238,891.131704932,31584256,False,,7ca87afb43e2bfceabf1c36e1c749366e265100333df4ec5430db72089e75835,8f10639032069ec6cda70027da3bf03a34ad614b899c740f693771e9648383d1,8f10639032069ec6cda70027da3bf03a34ad614b899c740f693771e9648383d1
fastwvc40,CP-SCALE-AU-L002__gW0340_gE1200_s0150,random_seed,83,1245050243755,1245050.243755,891.2478126622736,891.1956895310001,31678464,False,,952bded0c857ab493b9cdd7a1f53acad925b4e8437569c09a6b92d40b7d8ecd7,7f3fa5970636b18d28ff3810b9b482210ce8414e4ff04b02d16ffb1e1c36abbb,7f3fa5970636b18d28ff3810b9b482210ce8414e4ff04b02d16ffb1e1c36abbb
fastwvc40,CP-SCALE-AU-L002__gW0680_gE1200_s0150,random_seed,67,1053597245440,1053597.24544,891.3221273981035,891.223372992,34177024,False,,3d880a80b36f8ce2b0906849835ee5278c19450fbb569efec8f47f092ae64dfd,b414bee5a76c6a026387900f2848ba7cf3b61bf29f01e90d2786b47408e7c249,b414bee5a76c6a026387900f2848ba7cf3b61bf29f01e90d2786b47408e7c249
fastwvc40,CP-SCALE-AU-L002__gW0680_gE1200_s0150,random_seed,71,1054171896543,1054171.896543,891.3301166556776,891.249454287,34082816,False,,21daeeca32ddb0fa28ed9d01d0a82fb749e8f5a85bf38af42cb7c1c45425da45,4f23b8be40842528d870df1ce54bd4b5a9d97b513c6874032efbdf517648fd12,4f23b8be40842528d870df1ce54bd4b5a9d97b513c6874032efbdf517648fd12
fastwvc40,CP-SCALE-AU-L002__gW0680_gE1200_s0150,random_seed,73,1055443766780,1055443.76678,891.3435193151236,891.2492004879999,34103296,False,,4b261d2fffbac28f8a7742f5ad08297652a038078fe7ada15fa56779696feb09,8c8448b2df621937d8691a4e863ea6a8e9f602326b669217a468eb365031a5dc,8c8448b2df621937d8691a4e863ea6a8e9f602326b669217a468eb365031a5dc
fastwvc40,CP-SCALE-AU-L002__gW0680_gE1200_s0150,random_seed,79,1055067532867,1055067.532867,891.3003654368222,891.21428335,34058240,False,,5375769f72125a53f0bb02dcc0f338ce3420fb6db43c2939b61cd885aab93099,876b09ad44bd720150844e1e358a5ec81b2ab8a56505878860d8c7bea8512dbf,876b09ad44bd720150844e1e358a5ec81b2ab8a56505878860d8c7bea8512dbf
fastwvc40,CP-SCALE-AU-L002__gW0680_gE1200_s0150,random_seed,83,1055362714936,1055362.714936,891.3205708414316,891.252798289,34160640,False,,8bff15b3c9cae531164b1748aafc8b064949c85f96b4d207e573eb5ce20e5c91,562017eb6676543e593807ac9c49e699f6a3744dc1b935c92b13756cdd392534,562017eb6676543e593807ac9c49e699f6a3744dc1b935c92b13756cdd392534
fastwvc40,CP-SCALE-AU-L002__gW1200_gE0340_s0150,random_seed,67,1246637557831,1246637.557831,891.2350107096136,891.148966807,31604736,False,,5cb829b30b2b4120777fcab92e5cae2d4be3a0be3fd24204225c58c903b263fd,d21311ea7840b8c89f0be7d973ef696ea29f34af4231478c4a1281c21b424d02,d21311ea7840b8c89f0be7d973ef696ea29f34af4231478c4a1281c21b424d02
fastwvc40,CP-SCALE-AU-L002__gW1200_gE0340_s0150,random_seed,71,1245306291296,1245306.291296,891.2491609118879,891.1907327050001,31608832,False,,171401d780baa66317ca1f41fddd29181e7f34fa4472900a9b99f515377e3b7a,38ea4dd2e7e0429f68a11acae5bed515554f7fd5346c7633a390ec5bfb7009e3,38ea4dd2e7e0429f68a11acae5bed515554f7fd5346c7633a390ec5bfb7009e3
fastwvc40,CP-SCALE-AU-L002__gW1200_gE0340_s0150,random_seed,73,1245710057052,1245710.057052,891.2806135267019,890.71354661,31522816,False,,0d17356a99f33f0d31c09011407e1133bc55ef98721ac545cf719ac26c98b49f,c8791ccd596f73d8518516bc0032abdd6f19280a14ef739ecf7afd1b5e0c72a6,c8791ccd596f73d8518516bc0032abdd6f19280a14ef739ecf7afd1b5e0c72a6
fastwvc40,CP-SCALE-AU-L002__gW1200_gE0340_s0150,random_seed,79,1246359694968,1246359.694968,891.2860738895833,890.2340788790001,31461376,False,,9911b6e4e645d56d3d7ea0b9941ecb3b1e297ffc7996827e7fbd998e2d41c959,b675fe18a816678fb7032dd10fc969a7ac8d955602f95e7bba9964bec3f722a3,b675fe18a816678fb7032dd10fc969a7ac8d955602f95e7bba9964bec3f722a3
fastwvc40,CP-SCALE-AU-L002__gW1200_gE0340_s0150,random_seed,83,1246272761312,1246272.761312,891.2746472805738,890.722772384,31531008,False,,fc28ecb43ca1ccb859ac757a26bdb4645f1cf22a978d56b83214e1da52c4bb5d,b52913fea008f40f10993291af66c5c5daaca19a42dbcf915e4b2032f0586fdf,b52913fea008f40f10993291af66c5c5daaca19a42dbcf915e4b2032f0586fdf
fastwvc40,CP-SCALE-AU-L002__gW1200_gE0680_s0150,random_seed,67,1053748845874,1053748.845874,891.3027872033417,890.783253179,34070528,False,,58847c5564ebb6ae39b4f53f2e4282b07d61d6c18aa56641590062d2796a821c,c29b9ac7b3f01d854cefd7975643af0b3c7f50620b1f1cb6e484872459730296,c29b9ac7b3f01d854cefd7975643af0b3c7f50620b1f1cb6e484872459730296
fastwvc40,CP-SCALE-AU-L002__gW1200_gE0680_s0150,random_seed,71,1057754407885,1057754.407885,891.3025979883969,891.2123010710001,33976320,False,,39133bcae3ee28d852a1603f87d54111f12487324f1bf4ac78fbac473f38ff77,e8973389557028dc95e76c0a0a38d60ee6e5e650de91c73797be8d4e01ed8804,e8973389557028dc95e76c0a0a38d60ee6e5e650de91c73797be8d4e01ed8804
fastwvc40,CP-SCALE-AU-L002__gW1200_gE0680_s0150,random_seed,73,1053921516715,1053921.516715,891.3095306307077,891.2141480829999,33898496,False,,fbeff030791061ab44c29738cb9464292989ca7633fdc5fc64b9a7fc9b276e56,080fb275beb2f460afb2d3b3fda573727d0bf27ab59dce5806b6438aad5c06f4,080fb275beb2f460afb2d3b3fda573727d0bf27ab59dce5806b6438aad5c06f4
fastwvc40,CP-SCALE-AU-L002__gW1200_gE0680_s0150,random_seed,79,1054271142079,1054271.142079,891.3365030325949,891.243340629,34033664,False,,4d17b850b9a40083400517fb0efd4e88df226b7ae90502abfb30325954fc6366,a8642d95497b870a99cfb4d2ea046d44ddf7a9ee73ee4088414f92ce5ed280a4,a8642d95497b870a99cfb4d2ea046d44ddf7a9ee73ee4088414f92ce5ed280a4
fastwvc40,CP-SCALE-AU-L002__gW1200_gE0680_s0150,random_seed,83,1054339170761,1054339.170761,891.4684273228049,891.333890791,34148352,False,,5baf903945f9beae830d2de8f2e86577b3b756b8dca35663274c0df9e3e5a796,2ef7717cd262144f67aab294fae7b8c7c23f906e25408c71a6e33fef66c73631,2ef7717cd262144f67aab294fae7b8c7c23f906e25408c71a6e33fef66c73631
lns5_v3,CP-SCALE-AU-L002__g0340,process_repeat,0,1606757713608,1606757.713608,891.3315104395151,890.825858875,125947904,True,a6271bfa60c11091ce77a8043aa93a741140f869e1228ec5e62d3249b60ebc59,bf790cdae70c462f2617c2c99e150fdfeb3df8049589d2aef637538b6abc6dcf,b89008e3aadd1acb89c4b6fe15581c630ad8ce1cb0a90fca1319e4b78cf48a9d,94234e7cba608ca5b6484e60a424ce360951d7f688385d4df2f311faa56374eb
lns5_v3,CP-SCALE-AU-L002__g0340,process_repeat,1,1606757713608,1606757.713608,891.3176735751331,889.660794834,126300160,True,9af3d5f0c4ca927b0db1e05bdb1fd2ae919d43604b5375d535bb0ba69e6f7517,c1c0614a66e75854b883a3751b50c7641e6d23c6b3ebc4b710380630e496b0a5,b89008e3aadd1acb89c4b6fe15581c630ad8ce1cb0a90fca1319e4b78cf48a9d,3ad7c94e93cdda6dc3132a1900be39766d29602dfe95fff6541b7476f67ae1ff
lns5_v3,CP-SCALE-AU-L002__g0340,process_repeat,2,1606757713608,1606757.713608,891.0984287001193,890.728855589,126271488,True,1494e25998cbbd4d0892e09005ffc80a700ec250a865661861c4bb44dfcadc0a,026a14f74f0298790bff39d38db529bd7137e5f5e012f591eb5244a182018cd8,b89008e3aadd1acb89c4b6fe15581c630ad8ce1cb0a90fca1319e4b78cf48a9d,ff3737ed1de150977b2b10f2a78f823082e8520cbd03618cd71957741f44e5ea
lns5_v3,CP-SCALE-AU-L002__g0340,process_repeat,3,1606757713608,1606757.713608,891.3145708739758,889.9032580110002,126267392,True,3afd365eb1c10b2e3df1002d93e999b4fd421ddbc1d60f271f01d913767b8ed5,81e338957fa512e0c6d40beb49305c78c2f79bf67224766deed2cec1f57f2070,b89008e3aadd1acb89c4b6fe15581c630ad8ce1cb0a90fca1319e4b78cf48a9d,513c61f65dba1b3a07a3988311c994c7b0ed7f4294270af8a29250d7e52d44d4
lns5_v3,CP-SCALE-AU-L002__g0340,process_repeat,4,1606757713608,1606757.713608,891.1398546397686,890.222341004,126242816,True,2d4b2fd7625375249fafce06230d1bfa129d5ca6e093c207c49107c45f0fa4bd,9cc9e026d61ab997d51e292bb7409243599e1f5a78f5f58667e93b2ded90c1bb,b89008e3aadd1acb89c4b6fe15581c630ad8ce1cb0a90fca1319e4b78cf48a9d,54e0c67318c28f30bab620b77c591581911bdf12adb2eb3e0bea9b20da910223
lns5_v3,CP-SCALE-AU-L002__g0680,process_repeat,0,1233676775366,1233676.775366,891.4289221651852,890.963605544,181473280,True,7b0efaed4c765fd88a83195191cb074f1492c3d1d9b83ad7712f7a7e8fa17170,ca5b6f3803a05832f6ea74961569679c253301717f12bf1087254bea174ac413,d5a30def09b05d4a6a3eaf7c5b423741fc277f4d0706499f745f01f4683ce297,bc402b3ff174811cdb8dd8067ba8a45bd08367ead39625ce2ff780437ab8c8e3
lns5_v3,CP-SCALE-AU-L002__g0680,process_repeat,1,1233676775366,1233676.775366,891.4151002578437,890.59757829,181608448,True,e7e4d9bf9a383621bb4699a22e1728f64b5e06f603f534507e797eef257ec9f9,95f0c3dfa87ef2a5b6dcdad07359af9d1d728fcecfe94c3ea71eb9c8bf2a6ea9,d5a30def09b05d4a6a3eaf7c5b423741fc277f4d0706499f745f01f4683ce297,a1a888235a8669dd01d309516b93b3c009654182d5e954a4bee75c4c6c363198
lns5_v3,CP-SCALE-AU-L002__g0680,process_repeat,2,1233676775366,1233676.775366,891.5138262584805,888.135935993,181559296,True,9d155f9121337ccf5b70d0e23b80682c45720f5bdfc411802d04513817a08a3a,174986346f858a1017776896c0e6c29ac1e9805e56d075055c4bd3dd26aea09a,d5a30def09b05d4a6a3eaf7c5b423741fc277f4d0706499f745f01f4683ce297,77d05a54be4d61b6c0229d15b35efc1f4ca87dab85be024d9b6c8b5876915516
lns5_v3,CP-SCALE-AU-L002__g0680,process_repeat,3,1233939023935,1233939.023935,891.5188456475735,890.690543571,181624832,True,58895de9418502a0ec56a20d193b4eca2d3e4154f127f10c9969ae2859060fd4,630b96ddc064cacfe9ccf8bd1dd477bb161d085580abbe1d28418f26b9625e2e,b8b9dbc73a4a27b1a01ad2356135b3a707e3568a921661de0c28f3f722fe4986,d78804cfcffc590abd4920f3101331387f544524b20e62079f8c14ddbc770943
lns5_v3,CP-SCALE-AU-L002__g0680,process_repeat,4,1233939023935,1233939.023935,891.676314458251,889.6223745980001,181534720,True,1017faf3afd6fb52bc8022e9f6c1e56082b9099c19e57c701caba08b40b6619b,2b75659e38aa2f6db204fa6f574656175260395929e9ca30fd770a67275bcb22,b8b9dbc73a4a27b1a01ad2356135b3a707e3568a921661de0c28f3f722fe4986,bf9b9a9525251b8af49e1a4905752222b58bece65173844f9bb866ee23777112
lns5_v3,CP-SCALE-AU-L002__g1200,process_repeat,0,876989797605,876989.797605,891.962691038847,887.8067036719999,229130240,True,f69ef01a098028e923b764f0ac66bcc8421ffd742c72c72a3c4d5ff3c9f814d8,bfdd7cfee6e3d53bdf9527dc096b8a124d4fa3545a4c5206fbb73ad6f18ecd0e,9d991b9e7df97aa1985bfc71ec6625a9fac5ab2be25a05851cd7dc6870121214,2253a9ef8641d837c60a84fc402880ac096048b8b6b61e6802600c0cc556875b
lns5_v3,CP-SCALE-AU-L002__g1200,process_repeat,1,876825282709,876825.282709,891.9745465032756,891.580330816,229232640,True,fb835f40c6a38f1d855ecb5383678ded14ab247264c0bb6ae70ef347791d1695,c9431034c2f510252c33fbc5beeae0a4daa7710e03520b10631ca11f8a13963f,e4f49c5ffda828400680327ba4ddcc1676de189640fbe6f1c03ced1256a259b8,165fc1680d010e9fdcfef1bec96b50ec1c779b5444c5f2c2d72bfbaad65a5d0d
lns5_v3,CP-SCALE-AU-L002__g1200,process_repeat,2,876825282709,876825.282709,891.9801003038883,891.1802587360002,229384192,True,a4605fb7e9da371c9090b67acaa4c335bc09b6fa772692584828b1873d2fd58a,fef2a66da26eec9db282e59dcf83db1c398a81124fd7b4e18cd15c59f1da26e8,e4f49c5ffda828400680327ba4ddcc1676de189640fbe6f1c03ced1256a259b8,b9136ba0d03b39b1255351aff09f742a571bd1820c8fabddc7ef0a430d534e3f
lns5_v3,CP-SCALE-AU-L002__g1200,process_repeat,3,876825282709,876825.282709,891.9096235111356,890.88777476,229130240,True,7055f1be480cb95bf80aa7dff8b25e4e291219e58cac848f13b9f030b10ca35a,7c897038528b15c50ee3324e1fa34ae63749a95f368a03580547c59c67aa06a1,e4f49c5ffda828400680327ba4ddcc1676de189640fbe6f1c03ced1256a259b8,2ebb443dcd89b28429dd91bf49805028774a6195f4261834868a63dc45dbec13
lns5_v3,CP-SCALE-AU-L002__g1200,process_repeat,4,876825282709,876825.282709,891.9806916341186,891.5567082240001,229150720,True,e639dd898622adde982bf1820fbd65808bf97951313e1a0d29753313ed112e63,8aebcbf031a7d329b92dfe26c07479f0ff241620288ff6fc7c72d26bf3fa77f2,e4f49c5ffda828400680327ba4ddcc1676de189640fbe6f1c03ced1256a259b8,e459c6cda76d289ed1fd63b444f5d217180d4a9c333c38dde6895e71831bd02f
lns5_v3,CP-SCALE-AU-L002__g1800,process_repeat,0,681135339774,681135.339774,892.5290341377258,890.569410953,289660928,True,0af08641468b5ed7900b3f9be1cb0a5ac42b4ea99a27336bf26bd9ed346f361c,18b672cecf38d548e5fc197f338562e72ba7f70b261be855484c359ee012b921,ecf226307a1032bad6b4123da8b06533ef779ff045b6e5cb6f4cce3e6c7a106f,bae2af0199c92d03e2eefbc2990ec6ce887bab52535225e9095265c1b9db3159
lns5_v3,CP-SCALE-AU-L002__g1800,process_repeat,1,680358637917,680358.637917,892.4646049700677,890.049588016,289726464,True,f2a8440e66d2cbabac584b1b505f60f41ad6c6eb49cee5e7ecda8b7b36534071,e6be5d06fe9e79360ceeade5ef0b9d2a4137802c8ec400e4ee7f8d00f46a817a,ffaf0f5063fca176373dd70cbe0f9290b15c5768268ef8e605ea4f2c42d5cc35,d65a337638db2589f35960c3bac2388dc9e0675e922b472c478f712065d40bb8
lns5_v3,CP-SCALE-AU-L002__g1800,process_repeat,2,680358637917,680358.637917,892.4255826249719,889.6532836540001,289636352,True,6e348ceb3ee1b85be44859ae626ee69c28e67e48de687f6a52bc3436e8e1d2ab,31a4ec92f5c889bfdbfc22a10bc69e11cd8b715721924726203f95b1b20fea4a,ffaf0f5063fca176373dd70cbe0f9290b15c5768268ef8e605ea4f2c42d5cc35,afcfe0b566d4fe68229b5eaf007248d6c6feed63a87aab9dc183746ae114cb2e
lns5_v3,CP-SCALE-AU-L002__g1800,process_repeat,3,680358637917,680358.637917,892.4931013137102,890.5765226990001,289558528,True,1f1c40e26333bda906faecb89207ad186904861845a9d7e4058e61a371b719ce,ebb511f3a02abf2d9a93926567e2d1769ce59d807d5b2979f9e9c1c8b774fac6,ffaf0f5063fca176373dd70cbe0f9290b15c5768268ef8e605ea4f2c42d5cc35,7d9102142994ab355eaab67980d3a107119ec6561b33af838d9bdd6a72410734
lns5_v3,CP-SCALE-AU-L002__g1800,process_repeat,4,680358637917,680358.637917,892.4390322454274,892.012214574,289628160,True,3ebe4950f49de1d7492b02ac422ac157403fd0806234d03631faec8e3ec19c74,d8227572031d6c8c637512680f5b0679956ed89bf6b272662d3668f546ac420a,ffaf0f5063fca176373dd70cbe0f9290b15c5768268ef8e605ea4f2c42d5cc35,e987397f37b3792ae3b42c88feaa2ce42807ea004af663790c8ae0ec0a8820d1
lns5_v3,CP-SCALE-AU-L002__gW0340_gE1200_s0150,process_repeat,0,1249332201996,1249332.201996,891.5852789394557,888.920674815,175251456,True,38e525aceb368210c90310cf92d4e9f95befd7eb2e07396444b21aa84b787788,08fec2cbac161fdb62f92632b03ed7f621ef76e0be49839d9fb5abc6c716311b,141a64d37a4831d48cb2efc2e75b3b14c89f5672853041fe847c699c06ce0665,c9dec7b353ff0122e627538f88534b904a51bf12fe33e4f3f40f7ec43b3b1130
lns5_v3,CP-SCALE-AU-L002__gW0340_gE1200_s0150,process_repeat,1,1247424661466,1247424.661466,891.5861257985234,891.221226345,175267840,True,a4f3a9609205df24402b6596c9540c155ac3723a3a6adf4138f000d725022009,a24722297b3aa36d119b42381d8a0075e35fd9702efe1f01e3a23cf4740d4f95,58dcdc087e046bec7ad86b5026d2699d2c15643adceb951c78f72a17147b6683,814834fb4b27341855e6d2d22a5ca8b1109e889871f52de8474bceefe81031af
lns5_v3,CP-SCALE-AU-L002__gW0340_gE1200_s0150,process_repeat,2,1249332201996,1249332.201996,891.7801900804043,890.6494495410001,175230976,True,cd75ebd0aa43f1f2e8c195b4f3c7be7b09de9f8c1286c321bdc01a9df8e77349,8d6b9742e3e07e48b7453a6667d16fb5724eaf2e432b7973354e997f26caded8,141a64d37a4831d48cb2efc2e75b3b14c89f5672853041fe847c699c06ce0665,f7b1fb8733136363406b8901cd91b3575d929d4d7cb6840986136e365cb1e757
lns5_v3,CP-SCALE-AU-L002__gW0340_gE1200_s0150,process_repeat,3,1247424661466,1247424.661466,892.0870010741055,887.892729529,175415296,True,dcf2833307b622c48bd0132ebc0b313bd0d0a190b6c2401a289cc9b7f744f375,f28c85e9d9decff29703f51eac44f08bc83beaacab1e17be62775f263fbb12e9,58dcdc087e046bec7ad86b5026d2699d2c15643adceb951c78f72a17147b6683,66d56bc7bdc3ae68a6f0d272724115fc893a056aed0553735c6c42182c9672b1
lns5_v3,CP-SCALE-AU-L002__gW0340_gE1200_s0150,process_repeat,4,1249332201996,1249332.201996,891.5372493714094,890.9494524290001,175218688,True,10f6ecf64f0a2c9a5b6652e14d1737dcf14fd8c21cae878510b87f53274dc630,0bc459581bf1984082e1265188f9af18b40b1c6ea90fd78062884bfb4aba2ac9,141a64d37a4831d48cb2efc2e75b3b14c89f5672853041fe847c699c06ce0665,2e27a09b4644220a229dfbc98cebd7d7b53b68715cc6bc94424abc0a4424581d
lns5_v3,CP-SCALE-AU-L002__gW0680_gE1200_s0150,process_repeat,0,1054238193906,1054238.193906,891.8455863408744,889.7910857349999,199942144,True,b0fa499e0f3adfe17216b8b81767866ef73b68d821f71acc7c04a4d19744b173,56483d2f20d674696b66e2c4ed1d9cc3a649519c14fcf002b14a6c640271dad9,13ac3222fc3fa4fa1c3c865df954670e824295be57a3ffb8b757b9093aa59dc2,a2b348800dd0ab2b74ea7e0112e0bae181ff9c1f094cc348432fe8ba6dae9409
lns5_v3,CP-SCALE-AU-L002__gW0680_gE1200_s0150,process_repeat,1,1054238193906,1054238.193906,891.5701244324446,890.62011299,199929856,True,9c930e8ee6ebf2598dce5cd8e8593cd0fa590fc947b5d3147cc26bc931d4cae3,40ef7dfc7346d88372ec77e495d80aac25e489687ebf560d2d5a9960c2197c36,13ac3222fc3fa4fa1c3c865df954670e824295be57a3ffb8b757b9093aa59dc2,e71ec8eeb1a22a10d8e02a4d9759197f756c5164547189d344188d2cd09306fb
lns5_v3,CP-SCALE-AU-L002__gW0680_gE1200_s0150,process_repeat,2,1054238193906,1054238.193906,891.8226197808981,891.4270272170002,200155136,True,17f1c92b7f3427af10d03eb3e92be1c52cfb2c973d8a471f5897cb0ea12eb28e,363166c66e6a95facbb9b8722de1e2b12cc3d601e25f9bc0e5781e24e3280b22,13ac3222fc3fa4fa1c3c865df954670e824295be57a3ffb8b757b9093aa59dc2,aee09b5cbc3637e724834f8616a275dc31849f07f7a471e46586691aba934ea9
lns5_v3,CP-SCALE-AU-L002__gW0680_gE1200_s0150,process_repeat,3,1054238193906,1054238.193906,892.337155841291,887.4929711120001,200232960,True,0340e26ea69607ddb12347bd08afb47a577115ae556a3d4a69b308875ee59e59,c21938e73d8b0ae56cf62f3d0c6be4793d9a452ce8b3bb0eb1d67136900a5b18,13ac3222fc3fa4fa1c3c865df954670e824295be57a3ffb8b757b9093aa59dc2,525e7c359d84a3ba7249ff43d3355bf3277f433bed650492d8170f6570f6d0b4
lns5_v3,CP-SCALE-AU-L002__gW0680_gE1200_s0150,process_repeat,4,1054238193906,1054238.193906,891.7957925125957,888.639019854,199921664,True,b88069b51b62b39e2194180dec85cdccd7c81c8801a4f5bfaf09f6d5060a3707,2e34303c4d1840410b21fe53d5b6655d90c1378dc0fac37086f5519295f29b42,13ac3222fc3fa4fa1c3c865df954670e824295be57a3ffb8b757b9093aa59dc2,0af08613c154d470c6c08cc301d6b6aefe0442c549658c4eafa822b2a8d5808c
lns5_v3,CP-SCALE-AU-L002__gW1200_gE0340_s0150,process_repeat,0,1248351846663,1248351.846663,891.5441841594875,890.081652999,175116288,True,2519a9ad84d8284294bfabb269c0d589cdc4d9d132ac02303ea89329fc7541d4,34d5525889796f2b98d6f8201044c1ad4ff1f1dfab7555e492e34821781d09fc,7c9c5d0d7219a746cdccdc7e15203cf532dcdcd26edb46fd1f30419968786c17,915030824049b93817266013cc41b855e20e0857fc50e0901e5ce40ffe49df44
lns5_v3,CP-SCALE-AU-L002__gW1200_gE0340_s0150,process_repeat,1,1248351846663,1248351.846663,891.4635106883943,890.989311929,175620096,True,c4781cc8c97c9283727852c061f8cafb46151cc500d0bc708159a85f7568bbda,a80abba6461980a2713d2068d376be70d8ee98486ed82799d30b540157793a21,7c9c5d0d7219a746cdccdc7e15203cf532dcdcd26edb46fd1f30419968786c17,f82ceb4640d2d6697db222afb8f0d769a53fece9e992ce4c4f7745259a8e8fbb
lns5_v3,CP-SCALE-AU-L002__gW1200_gE0340_s0150,process_repeat,2,1248351846663,1248351.846663,891.9102759063244,891.2332951819999,175165440,True,a767fd69606741f01d9fed1ffb1b6e269c026e332035d4cab24220daf0cf1240,7d2bce8e31b03d1ec3fd8c7dbf92f0119eec8de04f05c1740c34d9e587b5e612,7c9c5d0d7219a746cdccdc7e15203cf532dcdcd26edb46fd1f30419968786c17,e7f080a5a156ce3e99a90e3e9a2bf12eab6a0004aa2d057471a1158d193f2a6a
lns5_v3,CP-SCALE-AU-L002__gW1200_gE0340_s0150,process_repeat,3,1248351846663,1248351.846663,891.6113376133144,891.2085955440001,175247360,True,9c6bb6086ce6fc73273186aa651a65b4f81083be72d59c23262e69f857fc2531,24f2402caa469fdb5971c541da14fc6f9f3ba478db7140c1577427e747d39df8,7c9c5d0d7219a746cdccdc7e15203cf532dcdcd26edb46fd1f30419968786c17,ed8d4d136d5fb2bb31efb52175885aa5b55574ff6ff36f5848ebf9a4da7a8f1a
lns5_v3,CP-SCALE-AU-L002__gW1200_gE0340_s0150,process_repeat,4,1248351846663,1248351.846663,891.5940119102597,891.11404516,175218688,True,3410ceba415dc3b528b39f64dd4b25cc69293d193e7f351ff950f7a248f7698b,48aeab17853c1bf21a829ff2852c63de8a349455220fe5f4bf7e6bf4983c9998,7c9c5d0d7219a746cdccdc7e15203cf532dcdcd26edb46fd1f30419968786c17,a941538855209d56afd99ced6b59f31cfdef0f4f38fcca2ec9a06f4e309d7d5f
lns5_v3,CP-SCALE-AU-L002__gW1200_gE0680_s0150,process_repeat,0,1053553692735,1053553.692735,891.8516521081328,891.356682993,199864320,True,c5976e727f00f53cf00bdd0709283f641a06f1b0a70576744ef4ff6f39642497,55065bb6d3adfd41a4a5500e151dcb62b20b4ff95318ad3426f4d3836a95c603,792beb1766f2bb3f8b77acd1abe181bd17b6cea2886f4e9db20f77e0f1026ac3,8cf355d20099c13e681fc4d09f71cd19ee27732e83962606438eab5ac599a9c7
lns5_v3,CP-SCALE-AU-L002__gW1200_gE0680_s0150,process_repeat,1,1055088318494,1055088.318494,892.3667434938252,890.415523118,199987200,True,ca44cbd2e2bb215e3b921ad0862b7aba56020beac9bf3f9516b91b40b08f33e6,7c07bafc5956c2017acc4694b182cf75f6491b392bced190723e88460c0c20e8,00df79c45381156a4b085978351609f64988d9711995620bab12a38385c55fd8,4cb721b0b11cbaa94f6ee3cdf2df07c11e892d613881d6a2485aac12f5337595
lns5_v3,CP-SCALE-AU-L002__gW1200_gE0680_s0150,process_repeat,2,1055088318494,1055088.318494,892.3686810545623,888.8997594230001,200085504,True,de68f0d2ceef7e8a51a42c8bb9bab67e01378071dcdfc245970ebe39edb7ef14,682b36f7b855dd2d02e12fec58e0a4c054f9bc36e3bf6d45306c37cc528f1df3,00df79c45381156a4b085978351609f64988d9711995620bab12a38385c55fd8,c3ad0d79aaa90508297c20fae3227a19d90952b31a35015635d85c23af6148dc
lns5_v3,CP-SCALE-AU-L002__gW1200_gE0680_s0150,process_repeat,3,1055088318494,1055088.318494,891.5891372002661,891.3841934430001,200122368,True,bb7b7cadb8537af0cbed2400086a116f38280e75d1fee5c8b44b34d6e1031f12,a6e18a3daed46c66f88bc1b561255f64a2fe603ba6109c35944de04f9b52b0dc,00df79c45381156a4b085978351609f64988d9711995620bab12a38385c55fd8,e6f9a2c33d951a614f337f1374454759af38360f4780009de2203bb97b27b998
lns5_v3,CP-SCALE-AU-L002__gW1200_gE0680_s0150,process_repeat,4,1055088318494,1055088.318494,891.5726093389094,891.06837696,200093696,True,9146f246c7834d24f6c2f4e7ff5e263811aa62325d79656125e419a1a612b6c8,74d867b390e07d2416f63da9f357786cedee7a0dcfaa09e46c74c1850bbbec3b,00df79c45381156a4b085978351609f64988d9711995620bab12a38385c55fd8,28f385a07bc7aca05827f69846cb6809534c8fcebdd071a029e460097174294b
ls4_9gib,CP-SCALE-AU-L002__g0340,process_repeat,0,1611742222814,1611742.222814,874.3819753415883,858.1296470000001,7329243136,True,3766593d6943eb266d5068eb9637d0fe1ba457c16c5f7511e1043d9328c8e280,59988e997fb2c9e523ff0c8147d7958fa02a00d09562bb6d22a0bc14a5760e61,502816c0d4f48fa023236ed26bee7b98e2fd469db1c616bb836db671057030f6,8b017c73ce9dafa8c388e7db766a84f4ce355e853694ef94e76bc11dc5740517
ls4_9gib,CP-SCALE-AU-L002__g0340,process_repeat,1,1611742222814,1611742.222814,873.5504449829459,853.842999,7317835776,True,dc3f3c363ddbc2eb688425ab14eb743a6a7134fa0417510cd138b34736a6ba05,8c369694bfe491389b945a93d9006d8b061f62cd40a9d0c09be0f72157b6d78e,502816c0d4f48fa023236ed26bee7b98e2fd469db1c616bb836db671057030f6,5b2d22fe80ce76d665ac6520097b36176211ce2f99a616d4883c199a65875dc4
ls4_9gib,CP-SCALE-AU-L002__g0340,process_repeat,2,1611191435927,1611191.435927,873.4303627461195,857.027048,6957367296,True,cb37e185cd0fb9e0c1e739623575fe3cf671069d739bb058899b7444a533d631,97b27bbd2c88147383786d67a9a01a06d38b045352151cce4ab92816c6f70090,2f888b684a9ca9d3b4be3a08090649972028fe7f831fc867b2013d4a01785253,288a53c989405f1de36308a379ff6699df1c103618583336d1e14658c705b736
ls4_9gib,CP-SCALE-AU-L002__g0340,process_repeat,3,1611239290895,1611239.290895,874.0340374223888,855.5161680000001,7070306304,True,fc33e0875fd1aa5815e9fd03111fae0784b1ec2bfd9d3461e2ed76a1c2af919f,1aff31987b40c66b48fd4ae6423157d7d5066ce9f3b8d635620be5cd168d17e0,03c15d9e12975398615139745a8937b7c32a4432b3f063ebbb816b0ee039d219,9eaa3396e59d093e2657bee350dbbca6b6d09ef305ea9c7314760bdaea5dbba4
ls4_9gib,CP-SCALE-AU-L002__g0340,process_repeat,4,1610781239284,1610781.239284,872.0450365059078,854.957891,6769561600,True,f8927b627a1d28fab1b0954bed2b525d8496af35de04729e64c50042d6d8abf0,365dd9bb0dfa999630da91fc60c89e980ab40fc5ecf95628dc86b5bfad0ca42b,7b273a1646e05efd672c9e53c368870f73055ee216b794c0e43043075136bc5f,b3cea76f613e3ac13eb457f1199de9cca652755ed47b6cde07c8a880729dcf66
ls4_9gib,CP-SCALE-AU-L002__g0680,process_repeat,0,1239417250414,1239417.250414,867.5134415887296,852.2763939999999,5749305344,True,2a69da46b8378f456875fd7917514d9217c53804c4a363b0286b4b31b4ced72c,cd99717348ebad49a8da16dd8c1bc9acbfa9a2b1a670d4223193c85f18f4ce25,9485c9f2f140dfe8992071653637dacc0d1f9c56d2b774e09a34568745267c2e,961e10c91067455cd71c0fbb794844c8226f17789962dc49c45d735d0c6d7277
ls4_9gib,CP-SCALE-AU-L002__g0680,process_repeat,1,1238830700809,1238830.700809,867.5253072418272,851.6878989999999,5124927488,True,af4f663ccd5e50d178e94717339213e867484c187a2bbe963ed84844b6aee7b4,2810fe2a9be047b57a0efea50787b3651ff97f280a091e9b69fa6fc8c84c3980,4eb62e68d18e22d98a6a4fd5a0016c0db32cd7f046be8510912f8479752dd71c,cbb5212855a025dcb8667098ac03412ee81f08f5d5441473d1f56311614c2612
ls4_9gib,CP-SCALE-AU-L002__g0680,process_repeat,2,1238736422948,1238736.422948,866.9615257754922,849.1534389999999,4914253824,True,5b735ef75584080b954ebc28caf88c7251394e0e26efed1b30f22d51f52f87e6,27e2ac5e4c372d72aabe3f52ac3d5fa722fa37bea40824c1aabc84fedcbfbcdc,4ebf4efd0e0e4430b4e79a6a0602c8f3516c07335d0b7e35f51af80dd243febf,5bd757c3926a26f759c5a4a11bf0d0eb01a75b507021f15ddae5925518575fcb
ls4_9gib,CP-SCALE-AU-L002__g0680,process_repeat,3,1239510852928,1239510.852928,867.828768119216,852.4950000000001,5857521664,True,7cc51bf5ed7ee8be71972b9901e39d62360e3ecacb8c956b8183e892f75b8bed,05d9b7933dbe1806aa1516e533fcda4984b26c49e2439e41580deb8b17efb2f1,fdddd26af63609440f71ff2f53ff2f3fea87fbc0e86b806f5a6ed795dc2d35d8,6570ce512bc705b9484464d5a33abe4d5e51ba332a0353bc6d0eaa0303cedae9
ls4_9gib,CP-SCALE-AU-L002__g0680,process_repeat,4,1238736422948,1238736.422948,866.8847805671394,848.2528159999999,4946440192,True,ee43c1ec5a44fabb9cd17ccaa9bf90d7f9e7ade8024dac1748643a0298a6054b,0e74b36db3305c6ded9d299c39dcc8621647ddfd38692ea91849fdea2cb9e371,4ebf4efd0e0e4430b4e79a6a0602c8f3516c07335d0b7e35f51af80dd243febf,e7c9500933ef5dde18297d900ac6740ab721434637778e8cafe48d4b2c973eab
ls4_9gib,CP-SCALE-AU-L002__g1200,process_repeat,0,883455079994,883455.079994,861.4991620518267,843.3585760000001,3030093824,True,0a558b2863525100185930848e0281b334f87d32fa38072fc8d76c8e668a4662,48806bc5c998a345005c628418365cf006d7969ffa9c64c5971188c18e82cbbb,a31192e3e22a26bd35e6c61e9a73779b599a3b9a4d0a0e16a45d75905c38ea41,e7b8bcf5999bccde772d57fe4e253a2247dfa069b474ee57a82797e0fd064069
ls4_9gib,CP-SCALE-AU-L002__g1200,process_repeat,1,883406850799,883406.850799,860.0736688822508,843.76922,2813566976,True,c935c83ae2c3f18d2e9371897c1c09342947f3ab1a62696ae9e0eac5856e8d87,701550625fbe76d8cdb2c169cc3d96592125b449b3bfd0a67e8dff1879676573,9bf3f4fe18b9fa5b9bb57635f486492bb983de5c94aed84ced5bbcd5a4d9ec77,e12b0e78d012c688fe769a6905a288f754eb8ec3345c1fb8f5d6f494c023c6a8
ls4_9gib,CP-SCALE-AU-L002__g1200,process_repeat,2,884927728152,884927.728152,861.0029141455889,846.135352,3541536768,True,bdcbb849a479aaa59bea9537c74aef31762c8704a5af9183c2b14859eb6b9b54,c85023c30bb3c1920c9ab03e605f49a0cfbf61e37ee56e0b983a812b7c0300c2,f85b977482b6e1fd8c6502621a00af29c4d8e845b9db318c99d3be369e076970,97bcdcf7e9762a66e232c84deacd14fb9c1d5234abdbc0c7776a17adb88d82dd
ls4_9gib,CP-SCALE-AU-L002__g1200,process_repeat,3,883471257670,883471.25767,861.0169911123812,843.775696,3075158016,True,50ce0356776f6ea857ca661d00b678fccb910a65a19f542b15c57d099cad068f,34021f4fa0e876c275e9265e6ca109f670e3081ea5272ad87ee967b8ce016a60,5fc11780c333093a6e34b4f88f9b578bd998fba5be19a5e35b197c9b75435b16,985f2ed97919ea68c47305c5eeb3847d4c455334c3b71a07d65559c83864fb5b
ls4_9gib,CP-SCALE-AU-L002__g1200,process_repeat,4,884914790693,884914.790693,861.9235069900751,846.56708,3501219840,True,34a6dcb576639b8a79c3bd8b9b67d3cda1e64b703107224272617c46905facbd,8948000c34b2b6f278d4f4725f183db22a63095a32ae64b6789d5e9a112d6a64,132a024fcbe5a8f7591abb19b4833f5153d4bd2015ec4f66eb933106c4447fee,a3f0554b746caf166b2e6be8922b4f1a94adadaa957c702c8885d017c15cb57c
ls4_9gib,CP-SCALE-AU-L002__g1800,process_repeat,0,680717678435,680717.678435,856.8294817842543,840.6645820000001,1861378048,True,d4bad6e39334683f42173882b006bef164660e86e5adceb66571870cedd13fca,86c9be116313d97cbde36b3a82ca6c822fd40ecfa024665d84bb7d0d78124dd8,c0c96a69675d362fb8834038b02470f5cab131e0b33ab6a38f50cd916764d008,43c633ec75856591c05f38c3a4110fa5e4216de170046b8db5560ec6c618688a
ls4_9gib,CP-SCALE-AU-L002__g1800,process_repeat,1,680577661984,680577.661984,856.9956587962806,840.3040419999999,1842827264,True,260b160b0d7a8bf3538766a2601227958dc9a50fd2ba915c0af6c8497fde6eaf,a4b5f25f201784f8a804d63092b6538623183924a03428b776f840e4e8ed31b1,e5119f9554120faaeed3e4d5c3b7da43030036de24a68d3af04f6f73c973f0b6,106804de2142c2a4fd54742b2f6561d4dec9822b1f1ec6289b8e8d410528d263
ls4_9gib,CP-SCALE-AU-L002__g1800,process_repeat,2,680718498206,680718.498206,857.2350471355021,840.764823,1893068800,True,f3f9598741c8ffcd0b694bb58350e604ebb3de86ca5606157d75395fd4a074fd,f963897f6ffae7ccd0be6e4324d36566725bd4806f56aeb4f7f4cee2a44847e4,0c67d8b3f84784f5ee37e67b96a3c1d044daaa4a6954e1163d68ba834e79b073,7780b6ef40b7d9dd79d79fffa0b299f5d283642cc94a8329276a82baf8a0a88e
ls4_9gib,CP-SCALE-AU-L002__g1800,process_repeat,3,680718498206,680718.498206,856.9602533914149,840.171167,1879486464,True,b4149ef750c67e8a6a28059a214f7401fa6a129a6d08512f30a9a9af52166883,2ae51ed844c991b161d4dbe7f863dcec7b6c3538a78b41988af1ff9a01bfa941,0c67d8b3f84784f5ee37e67b96a3c1d044daaa4a6954e1163d68ba834e79b073,321e6cccaffb4da1ec92dc3abc50f8931acc29a7231026d7fc315f5020a1f278
ls4_9gib,CP-SCALE-AU-L002__g1800,process_repeat,4,680717678435,680717.678435,857.0721147283912,841.189919,1849462784,True,af36e01e56dc7aaf604dc284ce89b19bcd74afb16145bf870c2ef01a00cc0e72,81cf148eb55d0a93f0a01eb0ca57b6cccf687241fc88972742215990d2e3f38b,c0c96a69675d362fb8834038b02470f5cab131e0b33ab6a38f50cd916764d008,f416c23da8df2dd7f2a44a18a14dbb800d6f7de15c9d5e8b2ef1f5882723db8e
ls4_9gib,CP-SCALE-AU-L002__gW1200_gE0340_s0150,process_repeat,0,1256203282786,1256203.282786,867.7147969044745,849.8258450000001,5432221696,True,5eb8505b21bdf8451c00e45dcb26cb32570d099f1ff03e1dcc056ae963a7a0e5,458e8b1063d85bf598ffbebe9b7d1b3ce1aa640db648cd342925b2defa73e417,814a3df1b1c53420998495aaaf7f3a43ef35c23f0b9653056950a8b5e00ad4b5,593fab37f8dd22cac81d5a44accdb746a973de810499d601413860ad9490593b
ls4_9gib,CP-SCALE-AU-L002__gW1200_gE0340_s0150,process_repeat,1,1256901591736,1256901.591736,869.0968348793685,853.868561,6095310848,True,9c1d564bf2ff8875cb2acbd1e0cfa93733adcd82495937db05ce87ac931b5098,facf2d47fadb2012008aac9ee3d3e02fa0945b2d483242d567f7308428ac1541,262f1b294eefc9b3df326cd2a0e15dfde66a010f56020236359eb99da9903443,047b9eb5cab80218d6490ae59bd6b62a9075d1da936b84a37106e3f0b7c85cb4
ls4_9gib,CP-SCALE-AU-L002__gW1200_gE0340_s0150,process_repeat,2,1256156708892,1256156.708892,867.8330723457038,847.101204,5269495808,True,f002b0cc730f4162ea95a3d434c224e8ffb28aedb668d2b21697a614a8ca2bfb,1e967b57bf37be029e8802dcc0f9f0176670b3e822b6bafd7aa98d21a0e0bce4,6324f74690bc389d7dbd48f1135616f1221fb7732110c0371be628febd4ef1b4,01666084e4ead10caabc756d43e390ad00b27b9c0c1c006326fb182b08facb37
ls4_9gib,CP-SCALE-AU-L002__gW1200_gE0340_s0150,process_repeat,3,1256203282786,1256203.282786,868.6014359146357,853.1192130000001,5352931328,True,527d03c209de88d1b450bb1f38779907521c339865b141cc75863e00d059333b,5e52d082867c9140c68b89ca94fb8c5ddba3691a7785c174b86010c3c85f33fc,814a3df1b1c53420998495aaaf7f3a43ef35c23f0b9653056950a8b5e00ad4b5,99d5f9a11302f6f82c3082c5c94141417d03b209d52192e5b6b7e4e8fc20d7ed
ls4_9gib,CP-SCALE-AU-L002__gW1200_gE0340_s0150,process_repeat,4,1256156866657,1256156.866657,868.7631558738649,849.8468039999999,5315395584,True,76892092f315230456e75e80b7099a4b1e616802fd9b2ca3b4d508e390684725,c5e6210b0b5e6f012fee6fe3b3bd51d3c6afb3c1327a4d2b875c6a8da4fd1fb7,d84440a94af7229fed76612b2ae06c8f2c125bfe22d4b307824d4f8ce0daa343,a68e3793dca778381c58d1e1a7b1ea91f0b58e0f73ee077464c48d7e0c0d3b53
ls4_9gib,CP-SCALE-AU-L002__gW0340_gE1200_s0150,process_repeat,0,1255682624151,1255682.624151,867.5192350074649,851.6000230000001,5193158656,True,b937ce95a7e57a2621d451e2c2ce41356fb98dcd8e58d4bed5cd87b7a3e0fa54,0de9323d65b03aac7cb667ab46aef0a76f4db6a52c01ef0ca34b3fb68f059c8b,f4d86d02a7638e7e169e72b5258f3595b6277eabd8c76baefb0a1523cdd4a818,52f9c69be8556993bc0c9b3f562199ab5c82c13c2b7cc008e6e024130c737eb4
ls4_9gib,CP-SCALE-AU-L002__gW0340_gE1200_s0150,process_repeat,1,1255384373079,1255384.373079,867.9820173159242,852.324669,5122224128,True,4c5596d017cd97d1607ef2d5f6e3dac21bcaad4258748f0876e53d05de401933,b10be76ce7cb5811b662044f38ade377d99cf6b577c888a65166c52cd82ef21d,0ee1d07c6212fd961dade3baff86592eb81013992872fcb73ea0abd9376422a8,f50a0129f6663c4b2852f164d9f3d03e512c5fc589ca04b2305b44417145c8ca
ls4_9gib,CP-SCALE-AU-L002__gW0340_gE1200_s0150,process_repeat,2,1255682624151,1255682.624151,867.5439057573676,851.753968,5200588800,True,88ccf9eae6beeac1c58587fe201e5236978f288e8b6d740247f5bd5c97997211,b748d6cca66e114824695d31d27de95006df153786cb2e2e50b6c07938c1d2ed,f4d86d02a7638e7e169e72b5258f3595b6277eabd8c76baefb0a1523cdd4a818,000457112e56070ff7cd30d733dfbd6f53ce53791c40b0552292bc9e386d4b46
ls4_9gib,CP-SCALE-AU-L002__gW0340_gE1200_s0150,process_repeat,3,1255384373079,1255384.373079,866.7929998859763,851.1443320000001,5110251520,True,854867839872373301f20a63b5f7c9472838e44f35a8809750ed5afc7602adba,7866c4df6f6bea46309403c5abd3c6b0eba58ecb4b891456fe5765d85461069f,0ee1d07c6212fd961dade3baff86592eb81013992872fcb73ea0abd9376422a8,83bbdd4686d5b7331527497967cc056723d09e1dce682b8755bd8152dc487e45
ls4_9gib,CP-SCALE-AU-L002__gW0340_gE1200_s0150,process_repeat,4,1256569526560,1256569.52656,867.5315128713846,852.368187,5838839808,True,0123dbcd0ee694a8889549a500ae918fb619d2becb7a92a82e09d958ab88ff70,7e872fce28262de199ac1e65a8292ec5c2b90c5a2ee4cf535132b1d9a0db6000,2df2289a951cc0fe5c0e9e40b25362a1e79a3d8190bc89cd27f89d6b74907668,f1a041cf9bbb12de31157ad13a03101e487759e48d4da559dbc5b0719e1d6478
ls4_9gib,CP-SCALE-AU-L002__gW0680_gE1200_s0150,process_repeat,0,1061999814710,1061999.81471,863.8499089926481,844.8665809999999,3985858560,True,546253891317206ab0da12e7e180a9c10c8837bc3026a3009907fa99d565b15b,e092ddbd106b9a50554bde325871e4755b073ee0c956cd088e13792e2bb03360,83adae95b2fea53e29647debffd38e29027b7db1d3fb39e7e0d7359b04340e93,1f9ec72c9a69b1f687c3e5a6de3853a57ce23a3eca98a8120694be814b76dd2a
ls4_9gib,CP-SCALE-AU-L002__gW0680_gE1200_s0150,process_repeat,1,1061848477779,1061848.477779,863.8465795107186,845.5586549999999,3951570944,True,dc20ae9c3a3e4ba35fc39c6ef4b2310d4a6cacccd7c687f61ca528e3bc498970,2a436207f5100fe6807f29a6836958dd87b738dee2bcdbf41031e948ef6b1dbe,478c5cd17ccbe7c43d0c9787fd5c91e5d6ccc8ff59240a14dcd1135918b9c374,fd9fbd9aa31f374d1acdd01b982806fc5ef6fedbaf9edb875ec9d93684ae2246
ls4_9gib,CP-SCALE-AU-L002__gW0680_gE1200_s0150,process_repeat,2,1061999814710,1061999.81471,863.891131028533,848.2906489999999,4023873536,True,109d23f9ee892f3765e1364189cca46274f1b1232bd9f3504de6a4057cd9d29e,96c1f5a08721962b7275edfe92b7f80da5061d13d7958793799f0d8369004f46,83adae95b2fea53e29647debffd38e29027b7db1d3fb39e7e0d7359b04340e93,e3e94ccccdf3f408f92c97a5828a4eff57fa15326d44754b606263729d2fb8d8
ls4_9gib,CP-SCALE-AU-L002__gW0680_gE1200_s0150,process_repeat,3,1062104070626,1062104.070626,864.1709023043513,847.7627970000001,4070748160,True,3079c7832bcb36e1f87adaac96e9895aa669316ada867da8f6694a712ded0659,e98938b197cc9cccf71e844478c18c0d482cdf0f798fea32ae4edb5ab66c7644,194c8524857fdbaeb8bd7d0eb8ecfcda35c6804c5f0fe743245b4b052a95bacc,89d5f837b11213bcf010fc1ad7d9baf5caef6fceaef57e099f03a8594261c65c
ls4_9gib,CP-SCALE-AU-L002__gW0680_gE1200_s0150,process_repeat,4,1061848477779,1061848.477779,863.9737059436738,843.584418,3942596608,True,098f8fb65f97f29a389f92f8f27e10c22414c52573107d730bbf3e637e324735,e6c9a76a4cb29f76a710e3a8a394da284920619a76fd149fc3cea50ae3b7b9b8,478c5cd17ccbe7c43d0c9787fd5c91e5d6ccc8ff59240a14dcd1135918b9c374,b05b678feec919010834453f8d429a3b7b1420db844e72e9550e4f2d57ea64ed
ls4_9gib,CP-SCALE-AU-L002__gW1200_gE0680_s0150,process_repeat,0,1059828281191,1059828.281191,863.322331123054,846.734439,3704766464,True,ebdc4ea44736ad41d5b117451156575ec24045807ceab99120c7c4b6a52c838a,3079d8ef6e733901e326465418566687b051b4877ffcb6e61ed8f2afdd442171,2dd275be5536ea651a92682b2f0241bdd2933d307f2690ddeb48391dd31a11ed,a7cdbb8a647d0f92cdec3341dcac5770ac491979ecc23e54ece105a1f9b6f542
ls4_9gib,CP-SCALE-AU-L002__gW1200_gE0680_s0150,process_repeat,1,1061587623822,1061587.623822,864.1408847942948,848.7119570000001,4099358720,True,48da911dbfc2b31e54402f59f71d18e12fed1c713ff825850a11ad18e7d8a1c8,9fa9627005755a23c5c20b2b70bbb04073216ba54e6a1817b88ea6f8a263d9d6,0fd6142146d55a4c15e4ccf6096e9032712251243cdf910c18c2b3d1909fbfbf,d4b86e039ca8aba5c0817c3d6fc8dd20a9ca06d755664411bc888e0999a7c376
ls4_9gib,CP-SCALE-AU-L002__gW1200_gE0680_s0150,process_repeat,2,1060899737464,1060899.737464,863.6155807077885,848.1884950000001,3967344640,True,3366a351c2471ab2b0f549da37bc6daaa937b84cfc9745cf9af277a029130658,c87388cda8398b5b036cf6fd8506dfa3740c1248fc89244166249137ede7d15c,73e8b71a72518e3a31d66ee1a6910ee35bae8d98428510ae7e16e2c13c4be734,f35e705c6211663556eaf086090341d20a5efea7c16bb43ea85c16f066064ec2
ls4_9gib,CP-SCALE-AU-L002__gW1200_gE0680_s0150,process_repeat,3,1062026143998,1062026.143998,863.899923324585,848.7467369999999,4333031424,True,74e83be7c68e3f791cec7d52bb647f10778fd4f4f5c1d54c3b7e122a76d37a18,8fb931ef8a9575606a99d987b3d1ae421ebe3ee271756ec2e0d41ca4a02ee0c9,937222fcb7c0150590f8015b6459d4c4a896f00aa7f97a70da94bb45859ad5ac,bad1b7464926b74947db40cbc60eeab2da6439c8a54e052aed391afbd32306c8
ls4_9gib,CP-SCALE-AU-L002__gW1200_gE0680_s0150,process_repeat,4,1062200452068,1062200.452068,864.3477967493236,849.284415,4548636672,True,002e8c2ea83db9f4d7bc00f5ed39d88a383ef5bdbbb53c83a5166dabe551d8ac,7d717d9dd3aa29a9acdc31d561a3d8f492cb2e641458cbb3411197cd559c3400,293575c2e14b383869362e12d533bac0eb679c2c0229c1dee6d16548df8580c4,09b73513aded56f81c5f3e113617c29736558f95359a5c053a3fc90691f9bd0e
gwmin40,CP-SCALE-AU-L002__g0340,process_repeat,0,1428001569166,1428001.569166,1.6276203952729702,1.039968,125558784,True,1f855ac1d5b569684b8c8acafad6ece4ca9eb9a7eaef421122f2ba3d831996d6,f6faac02724ca15741a14ebaeafe3585f8f719ae05741775c913218ad4a9d741,027298d010dea93823fe7e23404b573952030cb43f7328b41919b866cba585c3,f3e640e15eec0d7ecd95340304798928c79d7bf3546f814833c06af94d520f15
gwmin40,CP-SCALE-AU-L002__g0340,process_repeat,1,1428001569166,1428001.569166,1.640371199697256,1.053694,125448192,True,7af45b9464c5da805cf7a3737cafcb03010db9948a8c3185645f19cb5bf913d7,7137c1511dc2534719a8c706ffd541be7dd2337485bec399124b6d5c28a792f1,027298d010dea93823fe7e23404b573952030cb43f7328b41919b866cba585c3,0cef9d4250e1d79639cf2f1f8718bae6c0dfb8ee775a598663d9fd6e5e286780
gwmin40,CP-SCALE-AU-L002__g0340,process_repeat,2,1428001569166,1428001.569166,1.6668065786361694,1.0459569999999998,125399040,True,e17b5d0de1496b913207aca0fc1526ef6f40998cf5c801db29cb2eb18a2ed754,484e90ee89039210356e2e6ae58f0b11197323326ccdca29fba768e6e44873da,027298d010dea93823fe7e23404b573952030cb43f7328b41919b866cba585c3,2e03e52e34623c6979a7a5b1bf68e81b7b59f740f6aa7e4db46df547a06f1096
gwmin40,CP-SCALE-AU-L002__g0340,process_repeat,3,1428001569166,1428001.569166,1.664851550012827,1.0728449999999998,125394944,True,626118c177a1ffb4e7ed8673c6bece86854919449bde39a0556abca1fa0ec529,4d0adcaff92ce6ca790e8ca88337db5eb32dc3f2ab15540866cbfae3648cab52,027298d010dea93823fe7e23404b573952030cb43f7328b41919b866cba585c3,5ee4c0148fddbf546e871fd08e0a33cc1756d0dcd5e510d13a19b1359519efe4
gwmin40,CP-SCALE-AU-L002__g0340,process_repeat,4,1428001569166,1428001.569166,1.674239318817854,1.0560260000000001,125399040,True,3d5bf625c95e5e99665b0615cdd484f9d8a156655f3a495e7ff83a783ba99d10,6d753608aad505feead06691c2429610d6e2592e4ede3258088019775736ded8,027298d010dea93823fe7e23404b573952030cb43f7328b41919b866cba585c3,ddfd4563b0e6176ec206fea52efc15487fb7497b77fe213c4abd4288c906dd57
gwmin40,CP-SCALE-AU-L002__g0680,process_repeat,0,1065567634886,1065567.634886,2.1470701172947884,1.368248,180727808,True,0001b8e1b0425269fbe9e77b7e86eebd5818d607616b0faf8a2dd0d5fbb37018,f077b84f9f347edafe937ba2c3147db6e92d71237a68f69ebde8eea962d34d14,e0cb1cf3915e330330d3ca97536e75e581f5d5ee40d326b814a81fed60d72d18,b0a533a5c0c2a4c3acf7a83ec1fea34c126afe632512bf4e7677f3e2dfe22475
gwmin40,CP-SCALE-AU-L002__g0680,process_repeat,1,1065567634886,1065567.634886,2.133916076272726,1.375391,180793344,True,5397c8d7984e445827b0bd73820b057da3a30dd958d458cff399bb5edc98a7af,39b66585c43a12a8c3f6221a128ddc4708348b637d3d34605ba1a6866512011d,e0cb1cf3915e330330d3ca97536e75e581f5d5ee40d326b814a81fed60d72d18,ebd08da68315922aa79ab3020e8599908ba57124a65dcfb51540ac2c28f92258
gwmin40,CP-SCALE-AU-L002__g0680,process_repeat,2,1065567634886,1065567.634886,2.1198873333632946,1.362442,180678656,True,aeb72cfd2cafc478b2dc4b090b49829c8727534f5800a2f51c94d1a34ed4aae9,e4e25c1619ea08c999a4e734c0af9b64cea2f73f8d4bd92c8a545ffbdf439aa8,e0cb1cf3915e330330d3ca97536e75e581f5d5ee40d326b814a81fed60d72d18,8af46e66e234d5f48bbd66c96541047e55bc20bfdb2dae6ae94e10980ea3e9af
gwmin40,CP-SCALE-AU-L002__g0680,process_repeat,3,1065567634886,1065567.634886,2.1220072358846664,1.3642979999999998,180682752,True,ec7be4dd2e0ba8bc88eba556132e2f93fa910ee781c1506d4ad68e515d077166,b3ea8b53eee3934ecb3251a4af9534149d92b9f893cea11230ad9b8e50932598,e0cb1cf3915e330330d3ca97536e75e581f5d5ee40d326b814a81fed60d72d18,ef7b088ccd954e7ccce380d03708811518db4e055010ae7608ec2abc8224d2a3
gwmin40,CP-SCALE-AU-L002__g0680,process_repeat,4,1065567634886,1065567.634886,2.1364533193409443,1.3813520000000001,180801536,True,26c53ce894536ad1c8568c50a579359bca644128c47264fb62d125375973e7b4,2766e7dae1c483e18a9d56dd4e128b6abf5571e66b88f98d1fe4f0cc36891925,e0cb1cf3915e330330d3ca97536e75e581f5d5ee40d326b814a81fed60d72d18,5a2191c7dd23702d022dc7d630d958179bb4e37a7276cbbf9917256d590b0add
gwmin40,CP-SCALE-AU-L002__g1200,process_repeat,0,809272863416,809272.863416,3.102376863360405,2.094172,227663872,True,ba79c2bce9985673838e414543b121b389e83252032ccfb6e6d1bfbf9010db98,b7a40b6cbe8bc49818459d2940a959b3e0596e2a03db99dbada0dc6a8a718aa8,0a6035d5d6b9f82dce7ad59fc6880dc252419000310c91fe9443c1d0e3330a5b,8159fa5cac76a9b52495d1c882c2d0c3d2c2af20b86914ebdc88fdae175a53b3
gwmin40,CP-SCALE-AU-L002__g1200,process_repeat,1,809272863416,809272.863416,3.081579964607954,2.083907,227672064,True,9dff29133165480850d65d5cd3b4c6eba70a1e0d683cbab0a5177b821fa8232f,11d8256266b0a41fe58155a8bf3b202ce1ee7972602495575258612cbe2871db,0a6035d5d6b9f82dce7ad59fc6880dc252419000310c91fe9443c1d0e3330a5b,cc27e71893990dd880a0a15606a5c4aa4812c17610f58dcdba339b880cfd22d4
gwmin40,CP-SCALE-AU-L002__g1200,process_repeat,2,809272863416,809272.863416,3.1339371129870415,2.101947,227758080,True,e6d829832c560ac428f8ae2c97fd858c31c01b3f9ed96a005eb58f21ec7e061f,6c73f63d40e4b6caeaeda114c52657dbef60f6f590889ea0f322d57522da8f75,0a6035d5d6b9f82dce7ad59fc6880dc252419000310c91fe9443c1d0e3330a5b,a567f3ac9a990c559f0e6409203e5ec4239154629cee14d8f23509f4e4b5ea17
gwmin40,CP-SCALE-AU-L002__g1200,process_repeat,3,809272863416,809272.863416,3.1161585673689842,2.084541,227749888,True,3be501040ee7baf3bad832c19684120184b5cf969962d2da791bbd583f2a51dc,bc8c265d88848666f12e6ec311ef1d018cfb1f72418b97b60b22e5a8cbc7554b,0a6035d5d6b9f82dce7ad59fc6880dc252419000310c91fe9443c1d0e3330a5b,54f674b27698feb3acaa17bfb1d8abed0adc5a1e4346e200b7e173a773fa0f7a
gwmin40,CP-SCALE-AU-L002__g1200,process_repeat,4,809272863416,809272.863416,3.130291201174259,2.081524,227610624,True,18b9f470e00a8e462bb6c2f83061331e1f38483722bca04d6c2784ee024bf300,ec2f4ca738d882d0ec2da85efc03f809c71cb6cc0b313964bc7069ea3ab1216b,0a6035d5d6b9f82dce7ad59fc6880dc252419000310c91fe9443c1d0e3330a5b,39ca2c844ad772521159e667da2f9c629cd6a7ed84cabe874db6b93373aee9c4
gwmin40,CP-SCALE-AU-L002__g1800,process_repeat,0,489395475268,489395.475268,3.732139430940151,2.42676,289509376,True,0e666177fc29f54348740a3cb3fcd7e2c5b701e3cc09082e26ab6ac71678d4d0,f472335fc7af16c6814d1dace303d91afaab68d6e66fc5177f1abcc2eaabbe2c,1c97174a32100dd38826e0b96bd691bb58ebffee84213d36896c073ab139ccd9,ec8b3c26ad1d0ee1747fb9f6496bc6f075a28bfecb632d88167d81aac4c7eadf
gwmin40,CP-SCALE-AU-L002__g1800,process_repeat,1,489395475268,489395.475268,3.7355311810970306,2.3956730000000004,289366016,True,9dd33b4b7d52e57ae177a7a1a1f99c73e1ac00b5af41713b8d9f0c7b6da0736b,6a1fa018fef35481dc9c28bec7fffed5db9c1bba46e222d84ebf52ec92cab2a3,1c97174a32100dd38826e0b96bd691bb58ebffee84213d36896c073ab139ccd9,add5a38ea3ca8f4969777788c1be7fe889a3c3a1d10629420cc95280d5772ad1
gwmin40,CP-SCALE-AU-L002__g1800,process_repeat,2,489395475268,489395.475268,3.7918081283569336,2.4948720000000004,289423360,True,5ca1cc8949f31cfc1b02c2482ef6579dd040bad4eb1cb203f114ff1905c7d327,5b3dffd95b527542b59ce8e94d7684abe8836b71d79fb50622a1a72a6fef6259,1c97174a32100dd38826e0b96bd691bb58ebffee84213d36896c073ab139ccd9,f579e1b82d9c13d30e240451ae2b0ecbe5dc2e5934128e6733c6e675ee63b527
gwmin40,CP-SCALE-AU-L002__g1800,process_repeat,3,489395475268,489395.475268,3.7732603177428246,2.445294,289452032,True,cb0c489fe68e99a9bd4593c539fc7ef292aded31bab79b5de523e2d50170b499,2a82893b675de6e8acdf30c7f5817dc025d689015fe9432d9c2203a5d6a25de5,1c97174a32100dd38826e0b96bd691bb58ebffee84213d36896c073ab139ccd9,c47739f864b1426929e1fa8f0e7e19288e360598a613bf165fba4bef24fe705b
gwmin40,CP-SCALE-AU-L002__g1800,process_repeat,4,489395475268,489395.475268,3.7057540342211723,2.3865259999999995,289390592,True,43fef7d8df5d087f590127dbed06fe9f7d73a56a5d098d16f452589bea77b5f3,77d5f50b1a6526ebcf73222f742a6a1a9f9f8b89a0600fb7fe8ee6fc37b378ca,1c97174a32100dd38826e0b96bd691bb58ebffee84213d36896c073ab139ccd9,d6d677c09aba11009b09d72b4e39078172c0d1e603cb0fe20487933085ee47f7
gwmin40,CP-SCALE-AU-L002__gW1200_gE0340_s0150,process_repeat,0,1125626623769,1125626.623769,2.502822831273079,1.6951150000000001,175009792,True,a1905878e852cf063542085e83a3f2f751d2eba4d5e1c78129ecd82a366eacb2,b2baabc099adedface1a9966e5b7eedead38b12bfb0a8513cd03a8b2418cb38f,a9174c0b9cd825b2df08b7fc4088a7dfcb68105d17c87a66ae250771f306cc5b,d2a053bf4f012196b252a62887464af9559ed494426854c9764d87651d5dc902
gwmin40,CP-SCALE-AU-L002__gW1200_gE0340_s0150,process_repeat,1,1125626623769,1125626.623769,2.4867092445492744,1.680946,175034368,True,f26197b5d0573e0dc0e580a492c5b8380d5f50c664357827094e055679b5f39a,e5c3b13d9baa248090939b1a848b2d6391a8c3967c4f95bcc2addf56d9aca7bc,a9174c0b9cd825b2df08b7fc4088a7dfcb68105d17c87a66ae250771f306cc5b,291079895968f7cfefc2e726615000d3080e6b4337a3923802265f34b84fe07f
gwmin40,CP-SCALE-AU-L002__gW1200_gE0340_s0150,process_repeat,2,1125626623769,1125626.623769,2.455877400934696,1.6589629999999997,175005696,True,b3aae52671c0c5dd0c00f8d8af9e0a7df78da4d0e97b7bd1143b7414c882660e,641c746f00447a8dc857d96cd465fc509e3271083f1352b92b687a0134b6f170,a9174c0b9cd825b2df08b7fc4088a7dfcb68105d17c87a66ae250771f306cc5b,b9887a00b711e3bf6bd5f673d54c6964014a9bc68a2a06962b918465dd1990bd
gwmin40,CP-SCALE-AU-L002__gW1200_gE0340_s0150,process_repeat,3,1125626623769,1125626.623769,2.464436884969473,1.663891,174997504,True,cdc517338e87651c14dfb1c7a5a7a948ab2b862fb37993f7c8ceb8d47ff357df,01badbfb594bf523cb5f7470f7278238c294415bbe66e0a63e18fdaa84cf2dfa,a9174c0b9cd825b2df08b7fc4088a7dfcb68105d17c87a66ae250771f306cc5b,430c183abbc9fb00af44a1e9b555965a506e481d62cbab78ca8b29da68deb6fa
gwmin40,CP-SCALE-AU-L002__gW1200_gE0340_s0150,process_repeat,4,1125626623769,1125626.623769,2.491714458912611,1.6869390000000002,175214592,True,3c007dc81cffbc36a3005152d472da72ab0cc27b15a05757560e4fbb694b5fda,3cb16d6765e84665500535e353a6db99fb3b289db9f415cee8e2af1ebd03e0e7,a9174c0b9cd825b2df08b7fc4088a7dfcb68105d17c87a66ae250771f306cc5b,b7ea1c3647f0d5a607921f62959a8060b0f0e915eff72c253fcb3eb4cbd7939a
gwmin40,CP-SCALE-AU-L002__gW0340_gE1200_s0150,process_repeat,0,1130378714270,1130378.71427,2.2282678596675396,1.4285869999999998,175079424,True,f7ed049c7418424df12858b6fd75e004fcfafca9cffa559951b23582d6e6c73a,40f38f06fce3dee6578505c1b97b060e92c02cfc05872c25dc1da19ebf31c095,5570d30d965cfe8a589997285e60d887d8dc0dc1e610f0b56ca62b3aaab32c74,797541e0398640126fdf6a3f410c74c4cd281a83f3f924a131907f7a30ac03de
gwmin40,CP-SCALE-AU-L002__gW0340_gE1200_s0150,process_repeat,1,1130378714270,1130378.71427,2.254880618304014,1.450293,175116288,True,48398a5603e9fc2ec5e7b2345cbc9d8a7ee5cc0d26993c4b89e48da1a040b166,c348fdf25f936ea70b7755ee700ecd5d5f5b8ca7349ab4efa4f9733903a3c000,5570d30d965cfe8a589997285e60d887d8dc0dc1e610f0b56ca62b3aaab32c74,93597b888a96075e8bf2de12be803d71be71f95310fabb0c09b69178a5cbff3d
gwmin40,CP-SCALE-AU-L002__gW0340_gE1200_s0150,process_repeat,2,1130378714270,1130378.71427,2.2569098696112633,1.4550990000000001,175198208,True,ceb2c8188effc451797e338d2d4a7e4263495bc8ebec61d71c9cc3e43b883e65,dafa9fe4fe8f3357867ca868a9d0bbf0ae3a99617ccd8cc3da06417f04d91a33,5570d30d965cfe8a589997285e60d887d8dc0dc1e610f0b56ca62b3aaab32c74,3b92998c8ea5ffb8e583fcc19b5d55bf83c7ff8f0dde96721d29006578a2fe10
gwmin40,CP-SCALE-AU-L002__gW0340_gE1200_s0150,process_repeat,3,1130378714270,1130378.71427,2.278734803199768,1.4682339999999998,175124480,True,0616b8d70440c2ef5f199bac15d8707b644f310a1d317fee818642faca795e7f,317862250f8372a9472f5634bf35256dee0af33fcf23a1079109c94e2df0ab4b,5570d30d965cfe8a589997285e60d887d8dc0dc1e610f0b56ca62b3aaab32c74,f1b1b3b04db7652d401430f571e6f69cda4fe520107664e041781e4de38e21af
gwmin40,CP-SCALE-AU-L002__gW0340_gE1200_s0150,process_repeat,4,1130378714270,1130378.71427,2.2686364240944386,1.4601999999999997,175054848,True,1686aac2891ff9bc3eb5aab03fc33dac39c7e3b859579a63f32800bff84c445b,7108c09ef0017b7eecf79de110fc263cc1017b5657759519be047c64647e6255,5570d30d965cfe8a589997285e60d887d8dc0dc1e610f0b56ca62b3aaab32c74,c99071e9b565e12fdcbe7ed7cd839804f432b0e53bc83c62ac5bafa9b99ee84c
gwmin40,CP-SCALE-AU-L002__gW0680_gE1200_s0150,process_repeat,0,940994227410,940994.22741,2.490355648100376,1.61335,199704576,True,b8405340b1e95c80691c60bb0047139c1ee67e45ca9063bf249f5b88f861820e,99e17832baa33b7dcc57462ea2bdbee84bb5dba0c230d9ce55d54cab165e5abf,0464047405aea7e0c8c37a380feb1ae61e37916be60a5c06c0fae156b93c9eb0,bc2751ef972cd87ee7144a7d7abfe25bdda5a4215920ba48fa85ea48e6922159
gwmin40,CP-SCALE-AU-L002__gW0680_gE1200_s0150,process_repeat,1,940994227410,940994.22741,2.4977351054549217,1.619715,199852032,True,3e47628f3041025eb1e9014d6506110ef02f19db71ef73d04dbc72620db94253,538b965f71531358e6c0a61226877cde43943c10c77aafdc69aec5e120e59bc7,0464047405aea7e0c8c37a380feb1ae61e37916be60a5c06c0fae156b93c9eb0,8064c5bd653700a5de92c4627960285e11cfcf511c883d25958867cbb87f41e6
gwmin40,CP-SCALE-AU-L002__gW0680_gE1200_s0150,process_repeat,2,940994227410,940994.22741,2.4961264841258526,1.6134439999999999,199823360,True,2c66b803372ea3e3f328aa177ace83668adfef6837591505adae72fe4b7f92fc,f8271029aa6ff940a354a1133de79cefc7bc07a7f2b0b4d6635f0075c5dab261,0464047405aea7e0c8c37a380feb1ae61e37916be60a5c06c0fae156b93c9eb0,e8b5fe34619e1f6740695c066f2ddcb7859c1bea0246c07ee3c0b2cfcde2d590
gwmin40,CP-SCALE-AU-L002__gW0680_gE1200_s0150,process_repeat,3,940994227410,940994.22741,2.4691712595522404,1.5867939999999998,199819264,True,c3a9dfbc034cf09a77cfdb566a85de1c417fc12d56a59e109d6008551e494ed9,39818214699f2499ce227a991a7e4d1d22f0913ef3949ea890e0a966c52e6696,0464047405aea7e0c8c37a380feb1ae61e37916be60a5c06c0fae156b93c9eb0,b135a9505c9505bc47fe94fcd58e922048b4904a594d618992721c544b3bbbd9
gwmin40,CP-SCALE-AU-L002__gW0680_gE1200_s0150,process_repeat,4,940994227410,940994.22741,2.4893802292644978,1.620027,199831552,True,feead0ffa180b227b00dd144b79ceed296b466ad8f58a8b3928fe4e093ff4211,76762dd9fc292e04fe48a2c71a984dff6e3aa740509333afa9a134abe185cb37,0464047405aea7e0c8c37a380feb1ae61e37916be60a5c06c0fae156b93c9eb0,de49c7836b44ca93ec92efdff777b86221b349da429c7de673c7c4b71c2f9f2d
gwmin40,CP-SCALE-AU-L002__gW1200_gE0680_s0150,process_repeat,0,943714371695,943714.371695,2.751167882233858,1.8383889999999998,199716864,True,9988300d3876938c2eb84cdd6ff5bcb8c8e8ba3b443fba5eaa0a1fd0f2dddd98,ba6583146a255fb1c640dda3f26e76f3aac9676da5ed520161e1d7eeab85f5a9,acd3c055a43bd40b20b3036105a20120c4c1e807c4653010ee4643d574563bf5,12417f79b3c9a129594efad8fd4e25558ec72d91509d54a520e0cbee7bfab8fe
gwmin40,CP-SCALE-AU-L002__gW1200_gE0680_s0150,process_repeat,1,943714371695,943714.371695,2.705741163343191,1.8344369999999999,199716864,True,0e60f92fd84bbabe511c9e99c06a3423069de717960f0d895341f26ab44a1160,86a8d3f0cc04af6bfad649120056ced6c588fe0e0f84c3751bec2d6b2bdf8126,acd3c055a43bd40b20b3036105a20120c4c1e807c4653010ee4643d574563bf5,390945206c24fbc518b0c784e8a020b78f4b91e1279407373e87b46feb6b45cc
gwmin40,CP-SCALE-AU-L002__gW1200_gE0680_s0150,process_repeat,2,943714371695,943714.371695,2.7383918166160583,1.868325,199614464,True,46e6904ad1348ed310f39cf1ce9a9a48b4d80632180c36a2e5abb1f2ae5ee013,0bd0481b5d284ee20e3c978fba13326cdaf4c3cce427e40fc32797a941bbfa01,acd3c055a43bd40b20b3036105a20120c4c1e807c4653010ee4643d574563bf5,c254de329696b693f7afb0c12a3f2217fa6fbfb36989edc402c3879f809e5e95
gwmin40,CP-SCALE-AU-L002__gW1200_gE0680_s0150,process_repeat,3,943714371695,943714.371695,2.7267163023352623,1.854372,199680000,True,fded72e793ea02ee5c0a7dd7a35e00de8e534bd6e0d324b57a0fbec814583dc3,4495f85b83c86adf6bffe7a7f9ab89080aade61e6533e537e4dd2d1b33032546,acd3c055a43bd40b20b3036105a20120c4c1e807c4653010ee4643d574563bf5,4192441cec9093cc0719cbc3c34274ac1d69a918240b67549b0e2c4456de0b2b
gwmin40,CP-SCALE-AU-L002__gW1200_gE0680_s0150,process_repeat,4,943714371695,943714.371695,2.7214762791991234,1.844536,199651328,True,9a2bbf2db98f98e3a95182d386cd01bdbe04ec730f7453e83ff9db202187f192,5d3ad1ccb93f23966a029d39176466b418548a67ff2f93977c1d61609d832f18,acd3c055a43bd40b20b3036105a20120c4c1e807c4653010ee4643d574563bf5,798060b301fb5bb64c6029e1f64431a7722c06e36055d38cc514fd253f0d8a4e
