arm,graph_id,seed,partition,value_ticks,contact_seconds,wall_seconds,sha256
full,CP-SCALE-AU-L002__g0340,67,0,1625909290927,1625909.290927,900.0309806577861,a120beab80ebb60015ce8cde43cfa71879778bc9439f6ce4a27b6851af18d87d
full,CP-SCALE-AU-L002__g0340,71,1,1626085150078,1626085.150078,900.0351306125522,b745051c4793f6281de0e06143b260528678e875eec71bf8b77dd0d54123307b
full,CP-SCALE-AU-L002__g0340,73,0,1626278023934,1626278.023934,900.02907544747,a0e2e16ddfdc4b7de4dc6be4872e4dcf823e8e237da3a8243622f470dcf435f1
full,CP-SCALE-AU-L002__g1800,67,0,684693383635,684693.383635,900.027173306793,ca03c3c074844a8f57140bfcf27e1ccab180d57225677d1d60410813be135d4d
full,CP-SCALE-AU-L002__g1800,71,0,683585822160,683585.82216,900.0281805358827,f84879bc1519bb890cdaa43ebb7ed6728f1e0d02b17efe5f81bfce2e7f682e55
full,CP-SCALE-AU-L002__g1800,73,1,683230861951,683230.861951,900.031169578433,7542689ac6cda3dedaa070ab457cf974df3777566f1c04b5db68cc9d2e9b0608
full,CP-SCALE-AU-L002__gW0340_gE1200_s0150,67,0,1264044072984,1264044.072984,900.0299325026572,58c9ea0a7ac6014315bc77b2138ce399bc703b6c8a4a4e8df95f8041d58a820a
full,CP-SCALE-AU-L002__gW0340_gE1200_s0150,71,1,1265788397665,1265788.397665,900.0354128479958,3b3ee610830f27ae61e9a5ca0940d0f5244da758741506c859ef9556e97d8e3b
full,CP-SCALE-AU-L002__gW0340_gE1200_s0150,73,1,1263545153739,1263545.153739,900.0342744290829,2e08060a7672627f58b4ca9be6a8a99da4f6c151a265fd5bece08768de032949
full,CP-SCALE-AU-L002__gW1200_gE0340_s0150,67,0,1262943954568,1262943.954568,900.0276467241347,103ad2b436de8565181baaa8e9a80ba967062faf1d37653eb8470eb12938cdce
full,CP-SCALE-AU-L002__gW1200_gE0340_s0150,71,1,1263876970528,1263876.970528,900.0340150818229,3791c9e7cd3323f1d7f8d91c56b2f900bf44e97a18bf30d95c6cf48115b2f3ad
full,CP-SCALE-AU-L002__gW1200_gE0340_s0150,73,1,1264976259583,1264976.259583,900.038759291172,ff9abdd92c3ead87f7a61fcfe78f148dfe2076e5a1ec7ac3f0fc4172bae37dbe
random_siu,CP-SCALE-AU-L002__g0340,67,0,1625951085120,1625951.08512,900.010986816138,e79c0d213e46061e430bef182681c9abcab56f4e38264391590f1cf7a60f321c
random_siu,CP-SCALE-AU-L002__g0340,71,1,1626349976344,1626349.976344,900.0138892903924,f0653cda44e8da366b8d8ffc632d9b7cbad8a1682cee49c3a1af9a43122247de
random_siu,CP-SCALE-AU-L002__g0340,73,0,1626407020921,1626407.020921,900.0218947678804,644bbc16777257f9828c009c30ab5572ffe62caa01c1444c9bb1206ef70eda86
random_siu,CP-SCALE-AU-L002__g1800,67,0,685842282436,685842.282436,900.0161384791136,038f593548b82fe5ded9c29658611d58265819a6d9b78e16369c7c638439b850
random_siu,CP-SCALE-AU-L002__g1800,71,0,683541921659,683541.921659,900.0089028216898,3c9a9b833cab10dedebb54fe66117a706385b8b3b500d4cec5895cc7fd790a56
random_siu,CP-SCALE-AU-L002__g1800,73,1,683720133295,683720.133295,900.0104450434446,4d66a4eb7958ba318922b658588edaf24c405e1e3b69069da50dd045ff683982
random_siu,CP-SCALE-AU-L002__gW0340_gE1200_s0150,67,0,1262925840915,1262925.840915,900.0118732005358,c9d6d2ec3edc782251949417ec2da80e74babc4e560cdcf2aeb345a41e8e153d
random_siu,CP-SCALE-AU-L002__gW0340_gE1200_s0150,71,1,1262882927084,1262882.927084,900.0111709907651,108df90dc4b84a736ee958b3fe89bf041c3c9ee4c9d199677701b2a4f8b0f10d
random_siu,CP-SCALE-AU-L002__gW0340_gE1200_s0150,73,1,1261361990197,1261361.990197,900.0133856460452,db4a8faf9d1c90cb0e0a2f33f9ec8641ab7ede3c616c18d881943a17d24b3a6e
random_siu,CP-SCALE-AU-L002__gW1200_gE0340_s0150,67,0,1261354338643,1261354.338643,900.0099900960922,bd24001d893438afccb685e6bfb0221334bcba8b28e898a7d57d1e8fdc11de58
random_siu,CP-SCALE-AU-L002__gW1200_gE0340_s0150,71,1,1264415495725,1264415.495725,900.0115429013968,70f57c110c339666fdac4c281b740797015e198ca0c3d7260d83d7ea7cf1c9c9
random_siu,CP-SCALE-AU-L002__gW1200_gE0340_s0150,73,1,1263743805754,1263743.805754,900.0131114125252,6e4382032bf31920a4691aaafe4b3841f661c1ffc2d161325db9dd7bbf1a8de5
single_op,CP-SCALE-AU-L002__g0340,67,0,1627206177273,1627206.177273,900.0298285037279,b3e29b1377e5f24aa00a92e79b25768efca581860a7092ddd5642e1fd78f7c7a
single_op,CP-SCALE-AU-L002__g0340,71,1,1626979058428,1626979.058428,900.0369444340467,bd55bc084e3b79733acff01822d5bd036c34371cbc4e95e04c66a7e87bdf6065
single_op,CP-SCALE-AU-L002__g0340,73,0,1625988236546,1625988.236546,900.0299779810011,99b24edcbdb1d36d362d2660cfab5c0b6eb8698d0d31aa4f633878b095745ba3
single_op,CP-SCALE-AU-L002__g1800,67,0,685296556454,685296.556454,900.0255585238338,5ea338bec2f41d4a0ac219d4aa9fd604996f145d57c1af86a4243ad09d8ab30b
single_op,CP-SCALE-AU-L002__g1800,71,0,686268571800,686268.5718,900.0260009840131,0a23031a8eadc6741d26924e7fc5cb6fc3800a5157d5abf339e5c32ff6dd0b61
single_op,CP-SCALE-AU-L002__g1800,73,1,683060721847,683060.721847,900.0311777666211,7d9daf6393958c637c4c9f1bd9952cf92e6fede7d8cba6a8efe5683fe8391f65
single_op,CP-SCALE-AU-L002__gW0340_gE1200_s0150,67,0,1263617756195,1263617.756195,900.0292446538806,a5f349c8fb7c64a42490f28bfd1f84e7507618eadd88466e40dc59343256d7eb
single_op,CP-SCALE-AU-L002__gW0340_gE1200_s0150,71,1,1262506258344,1262506.258344,900.0352344214916,1b056fe45369d28d871c92269036762aa79100893f53097c060d7caa02b4e04f
single_op,CP-SCALE-AU-L002__gW0340_gE1200_s0150,73,1,1262424736422,1262424.736422,900.0363717004657,15204c40a78dec2799f505044b9363db84580216bc0bc8c919eebe392a0a6e72
single_op,CP-SCALE-AU-L002__gW1200_gE0340_s0150,67,0,1262748083052,1262748.083052,900.0300032012165,22fb8024a9bfe87039fd0fff52625893972c2ecc9c449ea0bcdbad86415fac73
single_op,CP-SCALE-AU-L002__gW1200_gE0340_s0150,71,1,1263262592240,1263262.59224,900.0375033169985,27f0375a035ef6325ceca9636dc90725e67405f635de172d84d4c32bde47028a
single_op,CP-SCALE-AU-L002__gW1200_gE0340_s0150,73,1,1264474734846,1264474.734846,900.0350459516048,01a81a62dd9c361d8b992178b7d4b5ab08ebc0e719bbcb20b7e4b3be6cba3808
no_struct,CP-SCALE-AU-L002__g0340,67,0,1626934042398,1626934.042398,900.030259359628,571971ad0191d35572e514d4db2df4a5ad6f543c67e81a571859df3fcec6e3ef
no_struct,CP-SCALE-AU-L002__g0340,71,1,1628594658047,1628594.658047,900.0370686277747,c5081611a7434f737df307334fe65429a88f1fe137dfd927935f4afcfb4dc389
no_struct,CP-SCALE-AU-L002__g0340,73,0,1625841756817,1625841.756817,900.0293922461569,7b35998d16c8ef7134fa7e385dc0b0d5c1bffb2c730cdaf7e5612ec1cf69e138
no_struct,CP-SCALE-AU-L002__g1800,67,0,685385584520,685385.58452,900.0262629799545,fadc7e3b07bf9886e3b0a05247cfce501e512bc89b409b26714076f0e7511dac
no_struct,CP-SCALE-AU-L002__g1800,71,0,683571269219,683571.269219,900.026679456234,d48b5668fff9075c091c0c447b9edf921e1991c3867eece1c158f00985565a7d
no_struct,CP-SCALE-AU-L002__g1800,73,1,684236973199,684236.973199,900.0321624651551,1745e54125035ae3e38f6a1663471dd5b11dd4f754ea105e5ffabde75e8729e1
no_struct,CP-SCALE-AU-L002__gW0340_gE1200_s0150,67,0,1262652226178,1262652.226178,900.0290949344635,c23120cf655daf3382e2634d969233a8bfc124b2979b2b070eeb422cb4e6195d
no_struct,CP-SCALE-AU-L002__gW0340_gE1200_s0150,71,1,1263118620783,1263118.620783,900.0380164086819,f6fbf0f76016e918547f0e2951046ea35f364e879c9d2d7c8f618e87bde638e4
no_struct,CP-SCALE-AU-L002__gW0340_gE1200_s0150,73,1,1263280891646,1263280.891646,900.035155877471,33fa9d996c1d6e7c0f77e7b71438b36cbd2685e1138c6ae8a2d36fb6daf3e735
no_struct,CP-SCALE-AU-L002__gW1200_gE0340_s0150,67,0,1262099184363,1262099.184363,900.0296882353723,65e11dada8e7aa4d4b967ba7b4500e5e2195da899531ae994c7a5c74ac42387f
no_struct,CP-SCALE-AU-L002__gW1200_gE0340_s0150,71,1,1262804597127,1262804.597127,900.0343713536859,076483623b53033b32a1bac25dbc421bcd2fc0a6b4cc7e233b63c23f63498a9f
no_struct,CP-SCALE-AU-L002__gW1200_gE0340_s0150,73,1,1264857397449,1264857.397449,900.0322470292449,1ecd6361af615f2ee5de3f33616b9cf547ee40b7191c46df2304d13b9e153f00
