arm,graph_id,seed,partition,full_minus_ablation_seconds
random_siu,CP-SCALE-AU-L002__g0340,67,0,-41.794193
random_siu,CP-SCALE-AU-L002__g0340,71,1,-264.826266
random_siu,CP-SCALE-AU-L002__g0340,73,0,-128.996987
random_siu,CP-SCALE-AU-L002__g1800,67,0,-1148.898801
random_siu,CP-SCALE-AU-L002__g1800,71,0,43.900501
random_siu,CP-SCALE-AU-L002__g1800,73,1,-489.271344
random_siu,CP-SCALE-AU-L002__gW0340_gE1200_s0150,67,0,1118.232069
random_siu,CP-SCALE-AU-L002__gW0340_gE1200_s0150,71,1,2905.470581
random_siu,CP-SCALE-AU-L002__gW0340_gE1200_s0150,73,1,2183.163542
random_siu,CP-SCALE-AU-L002__gW1200_gE0340_s0150,67,0,1589.615925
random_siu,CP-SCALE-AU-L002__gW1200_gE0340_s0150,71,1,-538.525197
random_siu,CP-SCALE-AU-L002__gW1200_gE0340_s0150,73,1,1232.453829
single_op,CP-SCALE-AU-L002__g0340,67,0,-1296.886346
single_op,CP-SCALE-AU-L002__g0340,71,1,-893.90835
single_op,CP-SCALE-AU-L002__g0340,73,0,289.787388
single_op,CP-SCALE-AU-L002__g1800,67,0,-603.172819
single_op,CP-SCALE-AU-L002__g1800,71,0,-2682.74964
single_op,CP-SCALE-AU-L002__g1800,73,1,170.140104
single_op,CP-SCALE-AU-L002__gW0340_gE1200_s0150,67,0,426.316789
single_op,CP-SCALE-AU-L002__gW0340_gE1200_s0150,71,1,3282.139321
single_op,CP-SCALE-AU-L002__gW0340_gE1200_s0150,73,1,1120.417317
single_op,CP-SCALE-AU-L002__gW1200_gE0340_s0150,67,0,195.871516
single_op,CP-SCALE-AU-L002__gW1200_gE0340_s0150,71,1,614.378288
single_op,CP-SCALE-AU-L002__gW1200_gE0340_s0150,73,1,501.524737
no_struct,CP-SCALE-AU-L002__g0340,67,0,-1024.751471
no_struct,CP-SCALE-AU-L002__g0340,71,1,-2509.507969
no_struct,CP-SCALE-AU-L002__g0340,73,0,436.267117
no_struct,CP-SCALE-AU-L002__g1800,67,0,-692.200885
no_struct,CP-SCALE-AU-L002__g1800,71,0,14.552941
no_struct,CP-SCALE-AU-L002__g1800,73,1,-1006.111248
no_struct,CP-SCALE-AU-L002__gW0340_gE1200_s0150,67,0,1391.846806
no_struct,CP-SCALE-AU-L002__gW0340_gE1200_s0150,71,1,2669.776882
no_struct,CP-SCALE-AU-L002__gW0340_gE1200_s0150,73,1,264.262093
no_struct,CP-SCALE-AU-L002__gW1200_gE0340_s0150,67,0,844.770205
no_struct,CP-SCALE-AU-L002__gW1200_gE0340_s0150,71,1,1072.373401
no_struct,CP-SCALE-AU-L002__gW1200_gE0340_s0150,73,1,118.862134
