wall_seconds,on_gap_pct,off_EXP_gap_pct,off_VAL_gap_pct,on_minus_off_EXP_pct_of_reference,on_minus_off_VAL_pct_of_reference
20,0.7536650805138634,0.7630420042351456,0.7736693320047233,0.009376923721282182,0.020004251490859937
21,0.7445107700247005,0.7502632097115975,0.762753825349012,0.005752439686897093,0.018243055324311586
22,0.7378007415323488,0.7383467349875298,0.7505407356112002,0.0005459934551810264,0.012739994078851402
23,0.7322595008191716,0.7269882178012619,0.7369030965330946,-0.005271283017909689,0.004643595713923032
24,0.7271413521763832,0.717039671370784,0.7243211188970081,-0.010101680805599256,-0.002820233279375084
25,0.7196774659546771,0.7068181094121347,0.715049479857935,-0.012859356542542333,-0.004627986096742087
26,0.7105081524428608,0.6974624983005043,0.7060120514553765,-0.013045654142356478,-0.004496100987484319
27,0.700960464941645,0.691626754344708,0.6943613566603377,-0.009333710596936995,-0.0065991082813072754
28,0.694075796201678,0.6862224959621325,0.6876614147927098,-0.007853300239545558,-0.006414381408968217
29,0.685269549238015,0.6789910154508784,0.6792566658941189,-0.006278533787136609,-0.006012883343896047
30,0.6750359289397041,0.6729622600203284,0.6736173133390335,-0.0020736689193756597,-0.0014186156006705808
31,0.6689461161256222,0.6667664744084485,0.6662147401369926,-0.0021796417171736637,-0.002731375988629603
32,0.665411848934768,0.6611029999486945,0.6581413165669896,-0.004308848986073532,-0.007270532367778415
33,0.6557858616155692,0.6536565944987727,0.64894472647471,-0.002129267116796507,-0.006841135140859156
34,0.6510925285129908,0.643434288567473,0.6418418886358077,-0.007658239945517842,-0.009250639877183109
35,0.6484796330342861,0.635817853321573,0.6352661507740301,-0.012661779712713095,-0.013213482260255982
36,0.6431526301994649,0.6262088422407148,0.6274085981983195,-0.016943787958750067,-0.01574403200114538
37,0.6404506441841492,0.6216184248403708,0.6222341449773385,-0.018832219343778434,-0.018216499206810677
38,0.6359630503772603,0.6160966121752379,0.6173785777879945,-0.019866438202022385,-0.018584472589265766
39,0.633236810990175,0.6106728170474217,0.6131960413526502,-0.022563993942753324,-0.02004076963752488
40,0.628783505540782,0.6035204424079479,0.6106946857443585,-0.025263063132834107,-0.018088819796423516
41,0.6204922070475916,0.5987515876855843,0.6047332870796737,-0.02174061936200722,-0.015758919967917895
42,0.6116439067445018,0.5935051151475416,0.6006613492243351,-0.01813879159696019,-0.010982557520166636
43,0.6019633355254372,0.5873342812232331,0.5941567493822577,-0.01462905430220418,-0.007806586143179528
44,0.595694812380024,0.5838286919699774,0.5887040980940329,-0.011866120410046532,-0.006990714285991073
45,0.5899754667968543,0.579718044115542,0.5829011655550419,-0.010257422681312356,-0.0070743012418124085
46,0.5857445127296214,0.5769912347261109,0.5788390905260676,-0.008753278003510445,-0.006905422203553724
47,0.5804683067563158,0.5715196100102019,0.5731413656355367,-0.008948696746113871,-0.007326941120779029
48,0.572326683188732,0.566345843835974,0.5694910392508566,-0.0059808393527580606,-0.0028356439378753873
49,0.5680345770452979,0.5607607086195141,0.5629609938872374,-0.007273868425783814,-0.005073583158060502
50,0.564400433346757,0.5565929826477899,0.5568125740120301,-0.0078074506989671555,-0.007587859334726943
51,0.55903297050193,0.5538878812738383,0.5533379461339953,-0.005145089228091759,-0.005695024367934676
52,0.5532479674440778,0.5491748571777741,0.5482923411724531,-0.004073110266303637,-0.0049556262716247135
53,0.5500941335192199,0.5453505716172101,0.5441345594766951,-0.004743561902009752,-0.0059595740425247845
54,0.5470958683163332,0.539852936113017,0.5377889312700179,-0.007242932203316177,-0.009306937046315245
55,0.5423804125733791,0.5348952971936874,0.5341662228639626,-0.007485115379691654,-0.008214189709416453
56,0.5386658687730641,0.5304815338246496,0.5312176119271743,-0.008184334948414529,-0.007448256845889789
57,0.5322248042312757,0.5284604031651629,0.526464406395781,-0.0037644010661128657,-0.005760397835494757
58,0.5227758305589578,0.5251782558906346,0.5229860587193087,0.002402425331676783,0.0002102281603508782
59,0.5173469812056886,0.5225132722022068,0.5207530417632302,0.005166290996518219,0.003406060557541668
60,0.5127225337193052,0.5203324054192472,0.5179493797863545,0.0076098716999419835,0.005226846067049262
61,0.5095438612609289,0.5183651636695172,0.5164709102424232,0.00882130240858836,0.0069270489814943215
62,0.5065350560656935,0.515243442327814,0.5148034827779082,0.00870838626212056,0.008268426712214727
63,0.5044686658833684,0.51169001014803,0.5121479380046813,0.007221344264661589,0.007679272121312919
64,0.5010764124100665,0.5073672412168465,0.5081847119736389,0.006290828806780002,0.0071082995635723956
65,0.4961199534401536,0.5046951962054258,0.5046420386898314,0.008575242765272217,0.008522085249677791
66,0.49427736012461976,0.5016777808109032,0.5006390034103175,0.007400420686283438,0.006361643285697771
67,0.49213104912283406,0.4984157676065756,0.4989393241924461,0.006284718483741514,0.006808275069612013
68,0.48924781549470076,0.49377010939256033,0.49680973288387564,0.004522293897859575,0.007561917389174888
69,0.485954119918283,0.49081506268991926,0.4946376658654954,0.004860942771636234,0.008683545947212379
70,0.4828262784328447,0.48745715126058436,0.49349447789023987,0.004630872827739663,0.010668199457395167
71,0.4790409275575862,0.48478885332061833,0.491422646739703,0.0057479257630321245,0.01238171918211678
72,0.47583476205012243,0.48227396256881006,0.4887965930852286,0.006439200518687627,0.012961831035106175
73,0.4737714046666599,0.47992008450369433,0.48604410984000546,0.006148679837034432,0.012272705173345555
74,0.4717772170854912,0.4770237906708642,0.48378283816712886,0.0052465735853730044,0.012005621081637663
75,0.4692078014791734,0.4746479644134556,0.48299456069223057,0.005440162934282178,0.013786759213057165
76,0.4664696711117551,0.4730643893498816,0.4817296942794519,0.006594718238126518,0.015260023167696812
77,0.4642155955782259,0.46974170133400334,0.479720499774362,0.005526105755777444,0.015504904196136093
78,0.4603237954794835,0.46761278350203195,0.4755484684114233,0.007288988022548459,0.015224672931939798
79,0.4589873290149712,0.46525362475427545,0.4718018079943803,0.006266295739304262,0.012814478979409127
80,0.45619771383293,0.4634629157685885,0.4694853183719834,0.007265201935658494,0.013287604539053366
81,0.45340124809552257,0.4610809464012195,0.46820612994982874,0.007679698305696925,0.014804881854306173
82,0.4489551556264897,0.45826469618027754,0.4667779709860572,0.009309540553787854,0.017822815359567534
83,0.4463633893834528,0.45670259573893496,0.46421450811694237,0.010339206355482133,0.017851118733489546
84,0.4439591993310013,0.4541210834967953,0.4617698323287702,0.010161884165794,0.017810632997768916
85,0.44097411422547717,0.4520877191249491,0.4596820589482023,0.01111360489947194,0.018707944722725134
86,0.43667875120079946,0.4502589585319192,0.4577012085938556,0.013580207331119754,0.021022457393056138
87,0.43282583992640883,0.4487712686488325,0.4561191649887588,0.01594542872242366,0.02329332506234999
88,0.4306225758642602,0.44642405221740433,0.45394917775940685,0.015801476353144106,0.023326601895146626
89,0.427752414723398,0.4447166483789089,0.44948055476723264,0.01696423365551092,0.021728140043834665
90,0.4271741233555843,0.44276767282904395,0.447390604370269,0.015593549473459645,0.020216481014684706
91,0.42402311442162743,0.44089988859821644,0.44505950831573804,0.016876774176589004,0.021036393894110605
92,0.42237619752238104,0.4389422340108713,0.44395310602137983,0.016566036488490254,0.021576908498998792
93,0.42057172802745724,0.43638905567155173,0.44269293441529417,0.015817327644094492,0.022121206387836934
94,0.4189044756022462,0.43439445327544346,0.44023418186871993,0.015489977673197264,0.021329706266473736
95,0.4179990633096768,0.4320970922170141,0.43908525558193895,0.014098028907337301,0.02108619227226216
96,0.4167454512780966,0.43088675529519427,0.43725020790286795,0.014141304017097678,0.02050475662477136
97,0.41551382268577414,0.4300520545994425,0.4362086079528902,0.014538231913668376,0.020694785267116045
98,0.4145422127474193,0.4294692528324393,0.4326736267484743,0.014927040085019994,0.018131414001055002
99,0.4133020063756473,0.4284457299594572,0.4311478518455646,0.015143723583809887,0.0178458454699173
100,0.4130458062533151,0.425175655579096,0.429232894743994,0.012129849325780873,0.016187088490678903
101,0.41224781224541246,0.4242248567838095,0.4252912819251912,0.011977044538397041,0.013043469679778763
102,0.41092541765100665,0.4227925760459268,0.4232702902428917,0.011867158394920141,0.012344872591885048
103,0.40860312716067554,0.4223271374285279,0.4221134294937298,0.01372401026785236,0.01351030233305428
104,0.4051550228486167,0.42197060694962024,0.42156226627391324,0.016815584101003533,0.016407243425296536
105,0.40422537630602856,0.4190656710652329,0.4204030478397774,0.014840294759204342,0.016177671533748827
106,0.40301742836775545,0.4182875130684705,0.4192495225052965,0.015270084700715059,0.016232094137541064
107,0.4021770585193883,0.417212026915597,0.4183427282659509,0.015034968396208714,0.01616566974656264
108,0.40112219347734684,0.41599323421740453,0.41731566070875675,0.014871040740057684,0.016193467231409908
109,0.39932014670831706,0.41453997751323907,0.4162949268681194,0.015219830804922008,0.01697478015980236
110,0.39689988587752656,0.33292805924196855,0.41524390706674447,-0.063971826635558,0.018344021189217907
111,0.39546133928770955,0.33063895572136204,0.4136671014581312,-0.06482238356634751,0.018205762170421635
112,0.3937935440654767,0.3288810121947284,0.4128651708826654,-0.0649125318707483,0.019071626817188714
113,0.3929065967126126,0.32810590137704526,0.41202943897135774,-0.06480069533556732,0.019122842258745165
114,0.3919964027743773,0.32783038106356616,0.41033646336367857,-0.06416602171081115,0.018340060589301266
115,0.39130099470716806,0.32640410834714784,0.40866242022031646,-0.06489688636002022,0.0173614255131484
116,0.3899428004913926,0.32511509415664336,0.4081279532908262,-0.06482770633474927,0.018185152799433557
117,0.3894251814890724,0.3243139673788485,0.4071236816426193,-0.06511121411022391,0.017698500153546903
118,0.38867109728396715,0.3241843439232551,0.4050964559577643,-0.06448675336071202,0.01642535867379713
119,0.3874641159750322,0.3239791376632006,0.4040770703490348,-0.06348497831183164,0.016612954374002564
120,0.38653831256706567,0.3234018502676215,0.40294233329337953,-0.06313646229944414,0.01640402072631386
121,0.3853792656936296,0.3225164244204129,0.40201322686870317,-0.06286284127321673,0.01663396117507354
122,0.3830499736131851,0.322353476694804,0.40166937780185424,-0.06069649691838108,0.018619404188669142
123,0.38258273337323084,0.3223018850573437,0.4006336837671537,-0.06028084831588715,0.01805095039392285
124,0.38069993808738156,0.3222097610530676,0.3992954571651869,-0.05849017703431397,0.018595519077805323
125,0.3802295616642287,0.3221156483658466,0.3988551843869696,-0.058113913298382114,0.018625622722740875
126,0.3796193782849654,0.32204789031038794,0.3981505773835429,-0.05757148797457745,0.018531199098577533
127,0.3789113860888867,0.3219824199950871,0.39780554529231954,-0.056928966093799604,0.018894159203432848
128,0.377006025483696,0.3218958146565462,0.3968494056355809,-0.055110210827149786,0.019843380151884915
129,0.3751791670799951,0.3218244968960185,0.3964444095042837,-0.053354670183976605,0.021265242424288622
130,0.37432856487405514,0.32165520736383674,0.39573788156159084,-0.0526733575102184,0.021409316687535707
131,0.37398922467226386,0.32147879769262544,0.39543039895969373,-0.052510426979638425,0.021441174287429865
132,0.3734255744074498,0.32147879769262544,0.39447169358664486,-0.05194677671482434,0.021046119179195077
133,0.37276789362046614,0.321383467281597,0.3939041981944495,-0.05138442633886914,0.021136304573983355
134,0.37141443219138337,0.3212002676791163,0.3926098389705315,-0.05021416451226707,0.021195406779148107
135,0.37073992322498317,0.3202406554221214,0.3922068243010428,-0.05049926780286179,0.02146690107605964
136,0.37014691340031075,0.3200739774538299,0.39176547592356087,-0.05007293594648082,0.021618562523250118
137,0.36954296983001134,0.3197999077853255,0.39054640296877197,-0.049743062044685815,0.02100343313876063
138,0.3685058692627639,0.3197999077853255,0.3888422547303748,-0.048705961477438386,0.020336385467610907
139,0.36804729370283024,0.3197999077853255,0.3878155319052777,-0.048247385917504715,0.01976823820244744
140,0.36728384264494085,0.31965401668022764,0.38669652110430996,-0.04762982596471321,0.019412678459369115
141,0.3667478240822758,0.3196181472820414,0.38504309010332805,-0.04712967680023439,0.018295266021052248
142,0.3653373703259244,0.31836165032647346,0.3840958298990087,-0.04697571999945094,0.018758459573084307
143,0.364254855805505,0.31831320280047914,0.3832043690731418,-0.04594165300502584,0.01894951326763683
144,0.3617832733065158,0.3171709439239209,0.3818038352129215,-0.04461232938259485,0.02002056190640572
145,0.35999994573323874,0.31529254639358945,0.38117572898099633,-0.04470739933964929,0.021175783247757596
146,0.35975252737545627,0.31404432449985603,0.38088252724095695,-0.045708202875600235,0.02112999986550068
147,0.3593076164248177,0.3127493298462188,0.38003543867184275,-0.046558286578598895,0.020727822247025074
148,0.35842793585554367,0.3112092039090994,0.37967147701668286,-0.04721873194644427,0.02124354116113919
149,0.35773394849674695,0.3107105480423285,0.3791061832971925,-0.04702340045441844,0.021372234800445533
150,0.35703144975583534,0.3073520130504831,0.37762928650620253,-0.04967943670535224,0.020597836750367193
151,0.35571502482528383,0.30634413287439655,0.3767197982543203,-0.049370891950887286,0.02100477342903645
152,0.3530976199797408,0.30392605927071986,0.37633438273722836,-0.049171560709020956,0.02323676275748754
153,0.35266847745898683,0.3036717608089574,0.3751799555510481,-0.048996716650029415,0.022511478092061277
154,0.3520287386870774,0.30243900488075204,0.37360673821265605,-0.049589733806325365,0.02157799952557865
155,0.3516049596639298,0.3019542990924926,0.3733576079462435,-0.04965066057143719,0.021752648282313714
156,0.3512188540814435,0.3013936949782922,0.3723145874679661,-0.04982515910315127,0.021095733386522597
157,0.3505101981900439,0.3008628103556613,0.3712884121186616,-0.049647387834382606,0.020778213928617673
158,0.3496120072549341,0.300710154106089,0.37064561745268415,-0.0489018531488451,0.021033610197750074
159,0.34909902361404743,0.2998644739441884,0.37044054901268103,-0.04923454966985902,0.0213415253986336
160,0.34851964003270935,0.2994329154213221,0.37038304923250587,-0.049086724611387245,0.021863409199796513
161,0.34675347547231217,0.2984809889542486,0.37001983908180364,-0.04827248651806354,0.02326636360949147
162,0.34646201339750954,0.2975447765473715,0.3699463921310696,-0.048917236850138046,0.023484378733560074
163,0.34600953915565424,0.2967104825755333,0.36906414171091595,-0.04929905658012096,0.023054602555261705
164,0.34536522852403323,0.2959918427556983,0.36798137805025866,-0.04937338576833494,0.022616149526225426
165,0.34349496816104874,0.2958696786820058,0.36710780359651446,-0.04762528947904293,0.023612835435465718
166,0.34237379960734293,0.29580053446248145,0.36643008535847077,-0.046573265144861486,0.024056285751127837
167,0.3413074311342236,0.29552678005225413,0.36601480621637716,-0.04578065108196949,0.024707375082153538
168,0.33994470193926635,0.2954008872514649,0.36545335942469953,-0.04454381468780144,0.025508657485433184
169,0.33893315805829277,0.2941527353884237,0.364553365682398,-0.04478042266986909,0.025620207624105218
170,0.3376684726955656,0.29270292807849996,0.36411829406088225,-0.044965544617065645,0.02644982136531665
171,0.33632523729807445,0.29238627225522007,0.363699434459581,-0.04393896504285438,0.02737419716150652
172,0.33567875408211517,0.292114123399326,0.36298009246449797,-0.04356463068278915,0.0273013383823828
173,0.33514608375268223,0.2920148823614038,0.36239601068163035,-0.043131201391278406,0.02724992692894812
174,0.3330724739495623,0.291939499902989,0.36146796396251946,-0.04113297404657329,0.02839549001295716
175,0.3316682852415371,0.29152297909237584,0.3610925411504145,-0.04014530614916123,0.029424255908877428
176,0.33092449786708633,0.2913063641899899,0.35941301481054183,-0.039618133677096434,0.0284885169434555
177,0.3302344526723596,0.29121525794752623,0.35875482821321697,-0.039019194724833395,0.028520375540857346
178,0.32978410598253755,0.29086699238859715,0.35834486919455016,-0.0389171135939404,0.02856076321201262
179,0.32972560896563075,0.2901216649638561,0.3574097096907174,-0.03960394400177464,0.027684100725086647
180,0.32862517692274856,0.2894322114083219,0.35625353576309887,-0.039192965514426636,0.02762835884035031
181,0.32807695080056704,0.2891635019242989,0.3556866338547479,-0.03891344887626813,0.027609683054180878
182,0.32778350113174975,0.28901833114930736,0.35439778623253604,-0.03876516998244239,0.026614285100786284
183,0.3273741615270715,0.2881017337920134,0.35436060592090235,-0.03927242773505807,0.026986444393830855
184,0.327258779038869,0.2870625347306153,0.3537133795899548,-0.04019624430825369,0.026454600551085783
185,0.3266683106407363,0.28658950047416404,0.3528139319796062,-0.040078810166572276,0.026145621338869884
186,0.32514653944146416,0.2865567305417202,0.35231974426399754,-0.03858980889974395,0.02717320482253338
187,0.3237428743121328,0.28644197807479954,0.3518098720395059,-0.037300896237333236,0.028066997727373144
188,0.32298073497451557,0.2862364128083135,0.3500361626539364,-0.03674432216620205,0.027055427679420818
189,0.3226029219005633,0.28606745541183987,0.3497375027946398,-0.03653546648872341,0.0271345808940765
190,0.32202907477133497,0.27940490221069786,0.3393811453504154,-0.04262417256063711,0.017352070579080447
191,0.32139811379885674,0.27917361450078537,0.3387441704756742,-0.04222449929807137,0.017346056676817434
192,0.3211502958899748,0.2790070736981415,0.33677880189261955,-0.04214322219183331,0.01562850600264476
193,0.3200607283412074,0.2786277960029538,0.3359140396181944,-0.041432932338253625,0.01585331127698697
194,0.3197777513414065,0.278330028200399,0.3356571844237168,-0.04144772314100753,0.015879433082310268
195,0.31880437696044966,0.2783065236042156,0.33507316573772317,-0.04049785335623407,0.016268788777273502
196,0.3181181567208082,0.2775424269921155,0.33459156336585044,-0.04057572972869267,0.016473406645042266
197,0.31790931946715517,0.2772800722331787,0.33352002209877507,-0.040629247233976484,0.0156107026316199
198,0.3174459931637868,0.2770859354103374,0.3330491428620693,-0.04036005775344942,0.015603149698282526
199,0.3167209100573093,0.2767203163657288,0.3323025885417456,-0.04000059369158049,0.015581678484436312
200,0.3161968770936789,0.27667386154458307,0.33197751675003273,-0.03952301554909582,0.015780639656353845
201,0.31561591604607087,0.2765217421448065,0.33108050573810305,-0.03909417390126435,0.015464589692032182
202,0.3150842868577311,0.27610634577385806,0.3305002999247018,-0.038977941083873036,0.015416013066970713
203,0.3141946751467948,0.2759507453772266,0.3299892240516843,-0.0382439297695682,0.015794548904889516
204,0.31332780064152194,0.2757004375783091,0.3294732602190287,-0.03762736306321285,0.016145459577506738
205,0.3128269914854493,0.27531727468172607,0.32901136649050006,-0.037509716803723225,0.016184375005050766
206,0.3124363671201369,0.2748421920969063,0.32851036018057084,-0.03759417502323059,0.016073993060433944
207,0.3116133196999832,0.27478470333230126,0.32766614636060054,-0.03682861636768192,0.01605282666061736
208,0.31137216862798517,0.27473377339133015,0.3268334874332514,-0.03663839523665502,0.015461318805266244
209,0.3106029426095545,0.27412301428295033,0.32443916258474986,-0.03647992832660418,0.013836219975195352
210,0.3105073023294188,0.2727388128139868,0.3238847429954435,-0.03776848951543199,0.013377440666024698
211,0.31043444242694335,0.272446796715356,0.32303802218581035,-0.03798764571158736,0.012603579758867
212,0.309428634477521,0.2721957761016568,0.3223028532397257,-0.03723285837586421,0.012874218762204681
213,0.30842674189508595,0.2721957761016568,0.3217490262847421,-0.03623096579342916,0.013322284389656158
214,0.30837913261365935,0.272099266654941,0.32129476990109246,-0.03627986595871835,0.012915637287433113
215,0.307450756516762,0.2719596291590717,0.3210190190428466,-0.03549112735769033,0.013568262526084562
216,0.30562727215713714,0.2718495486065553,0.3204089520608487,-0.03377772355058184,0.014781679903711542
217,0.3051641203443651,0.2717525081265727,0.3200441810638763,-0.033411612217792375,0.014880060719511201
218,0.3045854377114939,0.2715353910411035,0.3198480998181508,-0.033050046670390354,0.015262662106656943
219,0.30405206697451026,0.2712083032264656,0.3192821749638934,-0.03284376374804465,0.015230107989383124
220,0.3029635870459563,0.27098660813079134,0.318934016553693,-0.03197697891516493,0.01597042950773675
221,0.3018121861825885,0.27081986570179206,0.3184450045025689,-0.03099232048079642,0.016632818319980425
222,0.3010673506034613,0.26940167835439155,0.3179689651471384,-0.03166567224906974,0.016901614543677113
223,0.2997528464688237,0.2688476987500612,0.3174332936726668,-0.030905147718762516,0.017680447203843097
224,0.29788250783738096,0.26823099585596005,0.3163364661427267,-0.02965151198142091,0.01845395830534574
225,0.2974669907032591,0.2674774079009014,0.31553793543338315,-0.029989582802357695,0.01807094473012405
226,0.29714098348417084,0.2672146514387855,0.3146603007849833,-0.029926332045385362,0.017519317300812465
227,0.29656274138909283,0.2670639733964377,0.31421512519795963,-0.029498767992655106,0.0176523838088668
228,0.2964428850965899,0.2669880175148933,0.3138178920140042,-0.029454867581696575,0.017375006917414282
229,0.29346468404684917,0.2662729208424367,0.31354317286618505,-0.027191763204412467,0.020078488819335882
230,0.2932846321392956,0.2643867212298342,0.3016163409148166,-0.02889791090946142,0.008331708775520974
231,0.29265692075728406,0.26411904897571536,0.2974611265622538,-0.02853787178156869,0.004804205804969763
232,0.29219416906750917,0.26367399587932916,0.29720865130844015,-0.02852017318818001,0.005014482240930984
233,0.2918408293744226,0.2628451775453209,0.2965074556781763,-0.028995651829101687,0.004666626303753751
234,0.2884660545624003,0.2626532667257135,0.29520327625288467,-0.025812787836686835,0.006737221690484352
235,0.28777681612041417,0.2626324063507578,0.2948363121669568,-0.025144409769656373,0.007059496046542657
236,0.28730875219176555,0.26222897664200606,0.29419420830945153,-0.025079775549759487,0.006885456117685984
237,0.28686686141126383,0.2619975045429909,0.29312967792334965,-0.024869356868272907,0.006262816512085823
238,0.286522850634341,0.2619361817421966,0.292508276506157,-0.024586668892144392,0.005985425871815997
239,0.2858687701062736,0.26104859169374217,0.2921917301558037,-0.024820178412531424,0.006322960049530091
240,0.2853268607643991,0.2608245984510837,0.2919982041369777,-0.024502262313315426,0.006671343372578575
241,0.28508396573015615,0.2607082931653279,0.2914170955987867,-0.024375672564828255,0.006333129868630549
242,0.2847233850785992,0.260313042726905,0.29131944667335347,-0.024410342351694203,0.006596061594754288
243,0.2842589228566427,0.2595286802780087,0.29074752961997813,-0.024730242578634043,0.006488606763335403
244,0.2835327706715452,0.2581640713993994,0.2905365773036847,-0.0253686992721458,0.007003806632139509
245,0.28287509665774063,0.2579327315242593,0.2903898142738789,-0.02494236513348136,0.007514717616138256
246,0.2815435200690849,0.25774767382199015,0.2898966482566646,-0.023795846247094743,0.008353128187579717
247,0.2808090582486447,0.2576673029585004,0.2893652405075016,-0.02314175529014434,0.008556182258856904
248,0.2803987880984178,0.257404200693282,0.28894108454906736,-0.02299458740513577,0.008542296450649578
249,0.2797146164549904,0.25719226428601694,0.28828939990081515,-0.02252235216897347,0.00857478344582474
250,0.2790619420425936,0.2570310887503715,0.28763575547391507,-0.022030853292222097,0.008573813431321464
251,0.27854437790018005,0.2569322027682205,0.28697531031955015,-0.021612175131959566,0.008430932419370096
252,0.2779807636186936,0.2566177180592693,0.28655920916692773,-0.02136304555942431,0.008578445548234115
253,0.2770176237573924,0.2565702270187417,0.2859297458850551,-0.020447396738650703,0.00891212212766268
254,0.2768012470840416,0.2563846462861237,0.2856054345024517,-0.020416600797917905,0.008804187418410103
255,0.27547719704087814,0.25637348955664224,0.285258861783923,-0.0191037074842359,0.009781664743044871
256,0.2749954487007263,0.25637348955664224,0.28511331766328063,-0.018621959144084044,0.010117868962554344
257,0.2741341390283387,0.25614553468800433,0.28489996671337076,-0.01798860434033439,0.010765827685032037
258,0.2729557568148035,0.25604303051612126,0.28489996671337076,-0.016912726298682235,0.01194420989856726
259,0.27284325035968826,0.2551365460751034,0.2847463088928531,-0.017706704284584873,0.011903058533164812
260,0.27235835323636864,0.2551206417723439,0.28444405400194717,-0.017237711464024752,0.012085700765578522
261,0.27224705718288295,0.25474758193937846,0.2844109795334034,-0.01749947524350448,0.01216392235052044
262,0.2718169749231397,0.253512344609239,0.2841005698890636,-0.018304630313900727,0.012283594965923905
263,0.2713217065755609,0.2533893637553605,0.28391811463962174,-0.017932342820200398,0.012596408064060871
264,0.27113870612594093,0.2525210425366264,0.28364994692797496,-0.018617663589314548,0.01251124080203403
265,0.27063660960012603,0.2520981283064171,0.28352194596038843,-0.01853848129370894,0.0128853363602624
266,0.27020895788975813,0.25184878622793044,0.2833483275861845,-0.018360171661827684,0.013139369696426373
267,0.27018447578527255,0.2516349577180621,0.28323470304861725,-0.018549518067210446,0.013050227263344705
268,0.2697839333516314,0.2513726758550851,0.28322920931929746,-0.01841125749654632,0.013445275967666037
269,0.2692413474063704,0.25117484476893703,0.28297523340118147,-0.018066502637433368,0.013733885994811068
270,0.26886342141080755,0.24911125265313538,0.2689099407618928,-0.01975216875767216,4.651935108523908e-05
271,0.2687478679861894,0.24803912788382562,0.2688712839276402,-0.02070874010236376,0.0001234159414508218
272,0.2687367378432348,0.24766868661724462,0.26846057152521763,-0.021068051225990203,-0.00027616631801719027
273,0.268528062788253,0.24754990111479502,0.26829744453132665,-0.02097816167345795,-0.0002306182569263293
274,0.26804844462047106,0.24754990111479502,0.26829744453132665,-0.020498543505676037,0.00024899991085558515
275,0.26750254347808833,0.24746943024797868,0.2679581405791761,-0.020033113230109645,0.00045559710108777907
276,0.2673703636473646,0.2473972653479164,0.26789668313981485,-0.01997309829944821,0.0005263194924502446
277,0.2673287357232438,0.2473972653479164,0.26785946967433577,-0.019931470375327387,0.0005307339510919884
278,0.26672204241769343,0.2473972653479164,0.26785905636613366,-0.019324777069777033,0.0011370139484402353
279,0.26666252935949364,0.24722086720540234,0.26785905636613366,-0.019441662154091294,0.0011965270066400246
280,0.26614833887556466,0.24709709715719042,0.2678546313500966,-0.019051241718374246,0.001706292474531912
281,0.26550168080497183,0.24709709715719042,0.267825272486859,-0.018404583647781414,0.0023235916818871716
282,0.2646866402551005,0.24666684686566545,0.267825272486859,-0.018019793389435074,0.003138632231758476
283,0.2645163609757707,0.24599935638668008,0.267825272486859,-0.018517004589090613,0.0033089115110883083
284,0.263991717947281,0.24578141126193426,0.2677291651015828,-0.018210306685346733,0.0037374471543017984
285,0.26363249065984473,0.24578141126193426,0.26756768462211233,-0.017851079397910474,0.003935193962267602
286,0.26343883010503266,0.2455402365081824,0.26756768462211233,-0.017898593596850254,0.004128854517079672
287,0.26282306515053966,0.2446592251651538,0.26756768462211233,-0.01816383998538587,0.004744619471572675
288,0.2626494414898385,0.24424955592885833,0.2674683259134044,-0.018399885560980156,0.004818884423565928
289,0.26225785158787507,0.2441136171690316,0.2670480823145058,-0.01814423441884347,0.0047902307266307065
290,0.26220131993242235,0.2441136171690316,0.2670480823145058,-0.01808770276339075,0.004846762382083425
291,0.2620943185197558,0.24402199588243834,0.2669817429698704,-0.01807232263731745,0.004887424450114586
292,0.26205946651948625,0.24371157586199035,0.2668152566513994,-0.018347890657495897,0.004755790131913129
293,0.26107773298339737,0.24368204169687752,0.26665646657114134,-0.017395691286519854,0.005578733587743967
294,0.26088134380694145,0.24360886356809708,0.26663589357013034,-0.017272480238844368,0.005754549763188899
295,0.26029161467557604,0.2434994549234705,0.2664561739805131,-0.016792159752105545,0.006164559304937034
296,0.25979826092164876,0.2433096596029252,0.2661152673344704,-0.016488601318723567,0.006317006412821624
297,0.2595335017857632,0.24329037744698961,0.2660262313077239,-0.016243124338773562,0.006492729521960727
298,0.2592984018891736,0.2431395217226946,0.26585912891317925,-0.016158880166478984,0.006560727024005675
299,0.2589711331609205,0.24309281152158202,0.2652160085147056,-0.0158783216393385,0.006244875353785095
300,0.2587949579168359,0.24309281152158202,0.2651626237031939,-0.015702146395253858,0.006367665786358001
301,0.25800370939743256,0.2430590550486078,0.2651050275143459,-0.014944654348824749,0.0071013181169133355
302,0.25786800710517355,0.2430590550486078,0.26509936348535823,-0.014808952056565738,0.007231356380184684
303,0.2571552775594528,0.24276684742090784,0.26308277895597876,-0.014388430138544933,0.00592750139652598
304,0.2566856175769058,0.24263116779609442,0.26207455631571247,-0.014054449780811357,0.005388938738806692
305,0.2565933581519605,0.24258025521769214,0.2603809040217883,-0.014013102934268357,0.003787545869827824
306,0.2565703851313138,0.24206372337073964,0.259755417318719,-0.014506661760574163,0.003185032187405179
307,0.25627750900951535,0.24175921427866343,0.2596367881129254,-0.014518294730851922,0.003359279103410051
308,0.25584473517770806,0.24175175267066298,0.2595204071786985,-0.014092982507045076,0.0036756720009904487
309,0.25582701421911463,0.24148409965293238,0.2590681528436533,-0.014342914566182252,0.0032411386245386753
310,0.2544589415608334,0.23940003550422348,0.240346010327984,-0.015058906056609894,-0.014112931232849374
311,0.2543990671465103,0.2393878191240852,0.23678999657574393,-0.015011248022425094,-0.017609070570766355
312,0.2542797684350505,0.23937897807102743,0.23628591716377828,-0.014900790364023087,-0.017993851271272232
313,0.254275818142955,0.23937897807102743,0.23603102267883433,-0.014896840071927597,-0.018244795464120694
314,0.25390712202525484,0.23900895578817088,0.2353696244289351,-0.014898166237083954,-0.01853749759631973
315,0.2536387315379369,0.2383485808970541,0.23448425454887384,-0.015290150640882821,-0.019154476989063085
316,0.253121177048701,0.2382195027577871,0.23407143657660262,-0.014901674290913908,-0.019049740472098398
317,0.25293637356392884,0.2381629428670931,0.23345625461129565,-0.014773430696835732,-0.019480118952633185
318,0.2529149938942709,0.23811960200701066,0.2325469074466548,-0.014795391887260256,-0.02036808644761612
319,0.2528368068758338,0.23793353169044917,0.23194376088929008,-0.014903275185384646,-0.020893045986543735
320,0.2520655471610164,0.2378852164505163,0.2312827189920005,-0.014180330710500122,-0.020782828169015916
321,0.25168993162043235,0.23772242694918252,0.23104418436260876,-0.013967504671249825,-0.020645747257823588
322,0.25126764350767045,0.23765245874795748,0.2308153266404367,-0.013615184759712962,-0.020452316867233755
323,0.2509566185970911,0.2374196430231827,0.23046278740684153,-0.013536975573908427,-0.020493831190249584
324,0.2498923182512776,0.23730720330024602,0.23028442613563116,-0.012585114951031595,-0.019607892115646453
325,0.2496751439330085,0.23704755595024732,0.23019501074990611,-0.012627587982761174,-0.019480133183102377
326,0.24966114432820102,0.23695430500228898,0.23008673962571322,-0.012706839325912045,-0.019574404702487808
327,0.2494629909000872,0.23636415677932476,0.23008673962571322,-0.013098834120762431,-0.01937625127437398
328,0.24909528129429465,0.23611727359538182,0.23002941321328926,-0.01297800769891283,-0.019065868081005383
329,0.2486817786769548,0.23588688535795344,0.22998688106849893,-0.012794893319001355,-0.018694897608455857
330,0.24843721312796696,0.2357876102274631,0.22998688106849893,-0.012649602900503848,-0.018450332059468028
331,0.24796148813184232,0.23557089696612474,0.22987261722538557,-0.012390591165717585,-0.01808887090645675
332,0.2479291050778728,0.23538925592257523,0.229703932314642,-0.012539849155297572,-0.018225172763230796
333,0.24777503326397135,0.23524985274412338,0.2296749537846983,-0.012525180519847967,-0.018100079479273057
334,0.2476930764617517,0.23510284883387422,0.2296749537846983,-0.012590227627877482,-0.01801812267705341
335,0.24691031164689034,0.23508484488384793,0.22965848385968096,-0.011825466763042414,-0.01725182778720938
336,0.2467398395419476,0.2350047300146394,0.22946263394780375,-0.01173510952730819,-0.017277205594143835
337,0.24657096086639474,0.2348534535237,0.2293609414156285,-0.01171750734269475,-0.01721001945076625
338,0.24629313205639572,0.23477717744741386,0.22933799709738176,-0.01151595460898186,-0.016955134959013962
339,0.24618205763383172,0.23477717744741386,0.22913411161421154,-0.01140488018641786,-0.017047946019620175
340,0.24606244346214642,0.23459660389810344,0.22913411161421154,-0.011465839564042984,-0.01692833184793488
341,0.2459726350797477,0.23427168219828534,0.22911949548703947,-0.011700952881462362,-0.016853139592708233
342,0.24584297335310362,0.23408384138616986,0.22911949548703947,-0.011759131966933761,-0.01672347786606415
343,0.24572551485832272,0.23403034926613683,0.22868906899980135,-0.011695165592185891,-0.017036445858521376
344,0.24557129593472551,0.23386017151133923,0.22845807511308505,-0.011711124423386288,-0.017113220821640462
345,0.24523503012603923,0.2332543934987755,0.22817417370708326,-0.01198063662726373,-0.017060856418955966
346,0.24502762182433313,0.2328975396294755,0.2279700233898001,-0.012130082194857644,-0.017057598434533028
347,0.24486221273655362,0.23276579670614336,0.22738908445844255,-0.012096416030410256,-0.017473128278111066
348,0.24455234904122375,0.23273404562769542,0.22721982753090322,-0.011818303413528325,-0.017332521510320525
349,0.2443700953444643,0.2325120979520065,0.2268100976951794,-0.011857997392457797,-0.017559997649284897
350,0.24362192200266006,0.22775803979485829,0.22078880547957166,-0.01586388220780177,-0.022833116523088393
351,0.24344041020666823,0.22769265768773464,0.2207422867952247,-0.015747752518933594,-0.022698123411443533
352,0.2433085096660374,0.22742436545949601,0.2204309184139676,-0.015884144206541384,-0.022877591252069784
353,0.24306253009582687,0.22741719681343892,0.22037839346469967,-0.015645333282387958,-0.0226841366311272
354,0.24257719052438684,0.2261025815863034,0.22037839346469967,-0.016474608938083446,-0.022198797059687164
355,0.24199087165712888,0.2260707837730247,0.2201961301155806,-0.015920087884104178,-0.021794741541548285
356,0.24156840451015704,0.22554827010967754,0.2200724059211781,-0.016020134400479502,-0.021495998588978937
357,0.2406955705023206,0.22553729906331138,0.2200117419957872,-0.015158271439009219,-0.020683828506533386
358,0.2402772236745579,0.22553729906331138,0.21998328696120242,-0.014739924611246513,-0.02029393671335547
359,0.23998928482313392,0.22539014979564312,0.21919177423859545,-0.0145991350274908,-0.020797510584538464
360,0.23745835752472436,0.22471383573388523,0.21849238866892062,-0.012744521790839125,-0.018965968855803733
361,0.23569564610521496,0.22402362163315395,0.21849238866892062,-0.011672024472061004,-0.017203257436294334
362,0.23530708805367734,0.2238713544415245,0.2179496132892643,-0.011435733612152832,-0.017357474764413044
363,0.235208573982003,0.2238656236392113,0.21694118885006133,-0.011342950342791702,-0.018267385131941677
364,0.23477502562217184,0.22385508217330696,0.216756223186274,-0.010919943448864877,-0.018018802435897846
365,0.23413385694199754,0.22372088847551194,0.21671778727021407,-0.010412968466485595,-0.01741606967178347
366,0.23341984763174006,0.22361362506822846,0.21671778727021407,-0.009806222563511602,-0.016702060361525994
367,0.23293817191900354,0.22319056706145649,0.21655335890352936,-0.009747604857547054,-0.016384813015474176
368,0.23251285810120395,0.22278760400881945,0.2160549783056008,-0.009725254092384505,-0.016457879795603148
369,0.23205430051561735,0.22274861302069168,0.2160549783056008,-0.009305687494925663,-0.015999322210016542
370,0.23180765096092973,0.22274861302069168,0.2160533793054047,-0.009059037940238046,-0.015754271655525037
371,0.23172133133953085,0.22274861302069168,0.21603667340533883,-0.008972718318839168,-0.01568465793419202
372,0.23118586481077794,0.22246051252985832,0.21591278806507583,-0.008725352280919613,-0.015273076745702108
373,0.22900525592215462,0.22227313167903975,0.21575035075975896,-0.006732124243114868,-0.013254905162395664
374,0.22727190999368588,0.22220983392588808,0.21564144045892036,-0.005062076067797794,-0.011630469534765514
375,0.22725398665744678,0.22208653012886445,0.21564144045892036,-0.0051674565285823315,-0.011612546198526419
376,0.22619996895715364,0.2215384027412777,0.21564144045892036,-0.004661566215875934,-0.010558528498233272
377,0.22593647697542824,0.2211706109545262,0.21564144045892036,-0.004765866020902038,-0.010295036516507872
378,0.22571842630923436,0.22109627192041903,0.21564144045892036,-0.0046221543888153305,-0.010076985850313996
379,0.22558454346765494,0.22093809329363234,0.21564144045892036,-0.004646450174022598,-0.009943103008734577
380,0.2255530514891144,0.22093809329363234,0.21564144045892036,-0.0046149581954820496,-0.009911611030194029
381,0.22554445120904315,0.22093809329363234,0.21563535625438082,-0.004606357915410808,-0.009909094954662329
382,0.22517120048353836,0.22093738400106527,0.21535838165169996,-0.004233816482473091,-0.009812818831838405
383,0.2251223181755792,0.22088012399936335,0.21474451571795727,-0.004242194176215852,-0.010377802457621932
384,0.22405673654939678,0.2201952410030882,0.21437144882430895,-0.0038614955463085743,-0.009685287725087838
385,0.22399701697485805,0.2198170708361534,0.21435431419431555,-0.004179946138704649,-0.009642702780542495
386,0.22298251489917997,0.21974445731673076,0.2143202241248655,-0.0032380575824492164,-0.008662290774314463
387,0.22296004993780943,0.21966234611008764,0.21426564728053543,-0.003297703827721793,-0.008694402657274003
388,0.22274909157599593,0.21955985932032912,0.2141162068089644,-0.0031892322556668073,-0.008632884767031529
389,0.22261332125376637,0.2191822783341753,0.2135953108588145,-0.0034310429195910652,-0.00901801039495187
390,0.2222066120324817,0.21798274608281754,0.20816829454319077,-0.004223865949664174,-0.014038317489290936
391,0.2219897672605036,0.21757407732480905,0.20796308265864122,-0.00441568993569455,-0.014026684601862377
392,0.2218706967682543,0.21745450735882924,0.20796308265864122,-0.004416189409425064,-0.013907614109613081
393,0.2212364219443795,0.21741972340670762,0.20796308265864122,-0.0038166985376718865,-0.01327333928573829
394,0.22066225776622164,0.2174032564075423,0.20791884846730604,-0.0032590013586793476,-0.012743409298915598
395,0.22054916336435237,0.21735093722298235,0.20774542478503993,-0.0031982261413700253,-0.01280373857931244
396,0.2201760273358429,0.217085638977174,0.20763723720874663,-0.0030903883586688996,-0.012538790127096272
397,0.22006063914625826,0.21675415622222619,0.20763723720874663,-0.0033064829240320726,-0.012423401937511624
398,0.2199129943045303,0.21657741669744163,0.20761866911764776,-0.0033355776070886634,-0.012294325186882532
399,0.21961595268204684,0.21648976445517637,0.20756512487855402,-0.003126188226870469,-0.012050827803492814
400,0.21941001605499663,0.21646750020099578,0.20715230777609062,-0.002942515854000849,-0.012257708278906015
401,0.2193230941060192,0.21643692294684164,0.20695312631816776,-0.002886171159177553,-0.012369967787851432
402,0.21661564235333963,0.21617199837322051,0.206916409338095,-0.0004436439801191183,-0.00969923301524464
403,0.21631669696967404,0.21565948583802508,0.206916409338095,-0.0006572111316489604,-0.009400287631579046
404,0.21573463051502628,0.21565216680242405,0.20683038270593154,-8.246371260223206e-05,-0.00890424780909474
405,0.2156372191836234,0.21558155936062331,0.20683038270593154,-5.5659823000098196e-05,-0.00880683647769187
406,0.21547323217738693,0.21541878809454768,0.2067791761458051,-5.444408283925006e-05,-0.008694056031581826
407,0.21513863768016245,0.21501576401283815,0.20675260325399514,-0.0001228736673243025,-0.00838603442616731
408,0.21486635171021615,0.21501576401283815,0.2057046114290617,0.00014941230262199845,-0.009161740281154435
409,0.2145337256482921,0.21481089381478582,0.20570354897958523,0.00027716816649372977,-0.008830176668706863
410,0.21444930778863366,0.21451043780762116,0.2056970251608817,6.113001898749859e-05,-0.008752282627751962
411,0.2136413808861382,0.2142685774013298,0.2056970251608817,0.0006271965151915804,-0.007944355725256508
412,0.21360053608310475,0.2139757357790159,0.2056970251608817,0.00037519969591115476,-0.00790351092222305
413,0.2135726973585017,0.2139700361562861,0.20553721962585578,0.0003973387977843912,-0.00803547773264593
414,0.21311421252173487,0.21385633349267028,0.20530064238716775,0.0007421209709354004,-0.007813570134567127
415,0.21309952287071274,0.21352361774051903,0.2051763939675721,0.0004240948698062963,-0.007923128903140647
416,0.21309656106927502,0.21296628135114923,0.20481773355304567,-0.00013027971812579198,-0.008278827516229353
417,0.212919783012495,0.2128239689672089,0.2036316052817122,-9.581404528610782e-05,-0.009288177730782804
418,0.2124105208499728,0.21275437822315368,0.2035243394324026,0.00034385737318087806,-0.008886181417570194
419,0.2121482746672014,0.21270217509380024,0.2035243394324026,0.0005539004265988356,-0.00862393523479879
420,0.21136712701662175,0.21266353460418627,0.2035243394324026,0.0012964075875645242,-0.007842787584219135
421,0.2111099970137058,0.2126298570752847,0.20336665496258288,0.0015198600615788926,-0.007743342051122926
422,0.21071339643213843,0.21209897561055188,0.20315852834240025,0.0013855791784134486,-0.0075548680897381815
423,0.210630062496756,0.21203059626620582,0.2031106920045211,0.0014005337694498188,-0.007519370492234917
424,0.21057355885862702,0.2119761803426035,0.2031103975781841,0.0014026214839764628,-0.007463161280442915
425,0.21057355885862702,0.21175123462902887,0.20297812739780147,0.0011776757704018426,-0.007595431460825558
426,0.21031931207910798,0.21175123462902887,0.2013338484992373,0.0014319225499208887,-0.008985463579870678
427,0.20951823336596712,0.21175123462902887,0.20105622704484333,0.0022330012630617513,-0.008462006321123788
428,0.20944062474441932,0.21146106920229354,0.20088896478419033,0.002020444457874221,-0.008551659960228997
429,0.20934304855675834,0.21146106920229354,0.20088896478419033,0.002118020645535207,-0.00845408377256801
430,0.20934304855675834,0.21040597862734556,0.20088896478419033,0.0010629300705872202,-0.00845408377256801
431,0.20924588905891955,0.21040597862734556,0.20088896478419033,0.0011600895684260037,-0.008356924274729227
432,0.20898393523223438,0.2103576227463398,0.20088896478419033,0.0013736875141054095,-0.008094970448044053
433,0.2079938269558425,0.21032167550856806,0.20058505796134976,0.0023278485527255532,-0.007408768994492748
434,0.20771967908270955,0.21032167550856806,0.2003992278272845,0.0026019964258585104,-0.007320451255425048
435,0.2074895910221233,0.21018181979542117,0.20036998714139037,0.002692228773297861,-0.007119603880732933
436,0.2073135489716739,0.21017875989208845,0.20022739176076085,0.002865210920414557,-0.007086157210913047
437,0.20692343931432264,0.2100310069472998,0.2001533940459113,0.0031075676329771484,-0.006770045268411351
438,0.20657007207646477,0.20968951656542256,0.1999922875032405,0.00311944448895779,-0.006577784573224277
439,0.2064533340546472,0.2093756316852274,0.19997437911582921,0.0029222976305802173,-0.006478954938817977
440,0.20572315987222958,0.20909910762121398,0.19993675006809208,0.0033759477489843925,-0.005786409804137499
441,0.2053283913132858,0.20883950865558917,0.19993675006809208,0.0035111173423033604,-0.005391641245193729
442,0.20427040840479196,0.2086919204955503,0.19993675006809208,0.004421512090758334,-0.00433365833669988
443,0.2040252647458637,0.20824806445205257,0.19986538166843823,0.0042227997061888844,-0.004159883077425458
444,0.2040161922156345,0.20813179826445363,0.19934861180529492,0.004115606048819137,-0.004667580410339572
445,0.20332447004701087,0.207664751574176,0.1991394822619699,0.0043402815271651185,-0.004184987785040978
446,0.2032047811384053,0.20761793319815267,0.19905207505114697,0.004413152059747377,-0.004152706087258318
447,0.20300918593054282,0.2073385300531696,0.19905207505114697,0.004329344122626783,-0.003957110879395848
448,0.20291579719366523,0.20729213713622396,0.19905207505114697,0.004376339942558732,-0.003863722142518261
449,0.20253129970441028,0.20729213713622396,0.19905207505114697,0.004760837431813686,-0.0034792246532633075
450,0.2024677983368305,0.2071677745384583,0.19905207505114697,0.004699976201627792,-0.0034157232856835418
451,0.20236204344414693,0.20716158410850324,0.19905207505114697,0.004799540664356311,-0.0033099683929999624
452,0.20207585309239343,0.20712289225232047,0.1990466228294796,0.005047039159927047,-0.0030292302629138235
453,0.20153868164751224,0.20703643080391046,0.19903064438906629,0.005497749156398224,-0.00250803725844595
454,0.20153868164751224,0.20688397930978805,0.19903064438906629,0.005345297662275816,-0.00250803725844595
455,0.20153868164751224,0.20682342261077863,0.19903064438906629,0.005284740963266393,-0.00250803725844595
456,0.2014219648864244,0.206793759495287,0.19903064438906629,0.005371794608862612,-0.0023913204973581015
457,0.20114199641058153,0.20636781453186415,0.19903064438906629,0.005225818121282616,-0.002111352021515245
458,0.200974402587651,0.20620044684708166,0.19895245252827354,0.005226044259430657,-0.0020219500593774697
459,0.20084804617137733,0.20620044684708166,0.19895245252827354,0.005352400675704333,-0.0018955936431037934
460,0.2006951903122805,0.20620044684708166,0.19887636700973868,0.005505256534801162,-0.0018188233025418221
461,0.20062972321026837,0.2061213542162402,0.19887456864921346,0.005491631005971831,-0.0017551545610549057
462,0.2005406979538108,0.2059170893760154,0.1986539326670781,0.005376391422204613,-0.0018867652867327056
463,0.2004237155223601,0.2058213248037592,0.1981714990201846,0.005397609281399096,-0.002252216502175497
464,0.20006355688765923,0.2054096309272629,0.19769699971439975,0.00534607403960366,-0.0023665571732594815
465,0.2000569288680395,0.20538640295049773,0.19747946214347853,0.005329474082458235,-0.0025774667245609673
466,0.19983836734113125,0.20511803731518902,0.19736788533047445,0.005279669974057766,-0.002470482010656805
467,0.19946699234097287,0.20471603204191294,0.19699606331845954,0.005249039700940067,-0.002470929022513335
468,0.19938245774348387,0.2046705526045021,0.1968150223277162,0.005288094861018222,-0.002567435415767677
469,0.19930742752100633,0.20438136047750732,0.19673577817127627,0.005073932956500993,-0.0025716493497300597
470,0.19905928633180228,0.20390923969268315,0.19607272634732364,0.004849953360880871,-0.0029865599844786372
471,0.1990336149739118,0.20390923969268315,0.1959563239375585,0.004875624718771343,-0.003077291036353319
472,0.19896069529617302,0.20366555233372113,0.19585993896508302,0.00470485703754811,-0.003100756331089999
473,0.19827242403813147,0.20366555233372113,0.19562664389044399,0.005393128295589661,-0.0026457801476874876
474,0.19801608734343745,0.20360406232854047,0.19540284203020725,0.0055879749851030225,-0.002613245313230206
475,0.19708338476908557,0.20351007258720902,0.1952999033059178,0.006426687818123444,-0.0017834814631677853
476,0.1970089825598381,0.20345396986348918,0.19521041400406122,0.00644498730365109,-0.0017985685557768694
477,0.19651629228234857,0.2033581821954968,0.19505076025681004,0.006841889913148241,-0.0014655320255385351
478,0.19600593630376734,0.2033581821954968,0.19503685918095795,0.007352245891729475,-0.0009690771228093864
479,0.19536229237748956,0.20329158361713492,0.19492054082221255,0.007929291239645364,-0.00044175155527700904
480,0.1952960557005384,0.20300816001524485,0.19479538567059265,0.007712104314706453,-0.0005006700299457489
481,0.1952960557005384,0.20288202568220418,0.19479538567059265,0.007585969981665774,-0.0005006700299457489
482,0.19509298104642073,0.20288202568220418,0.19479538567059265,0.007789044635783449,-0.0002975953758280747
483,0.19437469782316344,0.20288202568220418,0.19479538567059265,0.008507327859040736,0.00042068784742921306
484,0.19387669204136224,0.20288202568220418,0.19470647822763637,0.00900533364084194,0.000829786186274134
485,0.19349883893850958,0.20226956989209055,0.19463157908332576,0.008770730953580969,0.00113274014481618
486,0.19330878396473394,0.20214106285463673,0.1946273543255243,0.00883227888990279,0.001318570360790361
487,0.19319455732515378,0.20176832799406033,0.19435214276453883,0.00857377066890655,0.0011575854393850449
488,0.1929724902094343,0.20173743560791724,0.19276657826914823,0.008764945398482937,-0.0002059119402860743
489,0.1929724902094343,0.20169445102323064,0.19276657826914823,0.008721960813796337,-0.0002059119402860743
490,0.1927562294612047,0.20169445102323064,0.1926556801807847,0.00893822156202595,-0.00010054928041999811
491,0.1927562294612047,0.20169445102323064,0.19254919744618348,0.00893822156202595,-0.0002070320150212024
492,0.19237235737578148,0.20169445102323064,0.19247486280408255,0.009322093647449153,0.00010250542830106402
493,0.19232864541969577,0.2016596300249152,0.19233522538451625,0.009330984605219417,6.5799648204800665e-06
494,0.19203790007612342,0.20148554315261963,0.19208648915916976,0.009447643076496204,4.858908304633536e-05
495,0.19113775502505528,0.20148554315261963,0.1917035339293899,0.010347788127564345,0.000565778904334624
496,0.19113775502505528,0.20141536283006103,0.1917035339293899,0.01027760780500575,0.000565778904334624
497,0.19112889468528546,0.20136430589953108,0.19122836206755534,0.010235411214245621,9.94673822698744e-05
498,0.19112889468528546,0.20129663145523044,0.19121647952277615,0.01016773676994498,8.758483749068957e-05
499,0.19112889468528546,0.2012927589637579,0.19115474010688152,0.010163864278472434,2.584542159606018e-05
500,0.191124146193153,0.20106237572453056,0.19114103993551101,0.009938229531377574,1.689374235802621e-05
501,0.19111033154346205,0.2008446778542424,0.19106719179560872,0.00973434631078035,-4.313974785333241e-05
502,0.19033798143284952,0.1999923259222084,0.1902697426762576,0.009654344489358868,-6.823875659192624e-05
503,0.18947836065608234,0.1999363773229328,0.1902697426762576,0.01045801666685045,0.0007913820201752575
504,0.1890307906772893,0.19988354956562138,0.1901398334438091,0.010852758888332065,0.0011090427665197966
505,0.1884289009853971,0.19984438599808504,0.19009521606288668,0.011415485012687937,0.0016663150774895719
506,0.1883603108449012,0.19975567544485556,0.190087202278761,0.011395364599954355,0.0017268914338597896
507,0.1883603108449012,0.1994901798202709,0.190087202278761,0.011129868975369689,0.0017268914338597896
508,0.18798992380393617,0.19866517721067034,0.190087202278761,0.01067525340673417,0.0020972784748248263
509,0.18798217563122824,0.19858189799543693,0.18991797472819746,0.010599722364208697,0.0019357990969692263
510,0.18798217563122824,0.19754834515300365,0.18887305277695882,0.009566169521775414,0.0008908771457305786
511,0.18795906093929032,0.19725236137539254,0.18834563212572109,0.009293300436102214,0.00038657118643076194
512,0.18552594402426448,0.1966987187510184,0.18834563212572109,0.011172774726753931,0.0028196881014566078
513,0.18332082765321173,0.19668810697984573,0.18820874609223265,0.013367279326634007,0.004887918439020922
514,0.18285382694693977,0.19666673329319664,0.18789819876078928,0.01381290634625687,0.0050443718138495075
515,0.18257246777466393,0.19664908307817314,0.18765087669619782,0.014076615303509205,0.0050784089215338835
516,0.1824695491745533,0.19654747953835264,0.18765087669619782,0.01407793036379934,0.005181327521644519
517,0.18217854434297645,0.19642275687931363,0.18765087669619782,0.014244212536337175,0.005472332353221365
518,0.1817673582918915,0.1964097870709373,0.18760941470833664,0.014642428779045785,0.0058420564164451405
519,0.1813215999218639,0.19613278867861858,0.18725116862037028,0.01481118875675469,0.005929568698506388
520,0.18102363174176525,0.19597577922785475,0.18725116862037028,0.014952147486089501,0.006227536878605028
521,0.1802257227069921,0.19594736777497063,0.18712903105946943,0.015721645067978518,0.006903308352477322
522,0.17915266196360755,0.1958913850532328,0.18707200750933678,0.016738723089625263,0.007919345545729234
523,0.1787288129650036,0.19589042662236264,0.18707200750933678,0.01716161365735905,0.008343194544333188
524,0.17838494701500093,0.19588193386007766,0.18680944855863355,0.017496986845076723,0.008424501543632612
525,0.17798445947063585,0.19563668650738752,0.18652078500866787,0.017652227036751678,0.008536325538032019
526,0.17798445947063585,0.19557587982991118,0.18652078500866787,0.017591420359275328,0.008536325538032019
527,0.17766494918049236,0.1955289547792313,0.18652078500866787,0.017864005598738936,0.008855835828175507
528,0.17759896940710906,0.1955289547792313,0.186497676788195,0.01792998537212223,0.008898707381085946
529,0.1767998773375368,0.1954384788976149,0.18647758777235077,0.0186386015600781,0.009677710434813969
530,0.1756136886360309,0.19542777029667927,0.18647758777235077,0.019814081660648353,0.010863899136319854
531,0.17550624837591772,0.1950984480476964,0.18647758777235077,0.019592199671778693,0.01097133939643305
532,0.17543600497635678,0.19504653133378652,0.18647758777235077,0.01961052635742974,0.011041582795993987
533,0.17516555944208156,0.19492769535796167,0.18611094242265847,0.019762135915880108,0.010945382980576901
534,0.17516555944208156,0.19492769535796167,0.1860879629102386,0.019762135915880108,0.010922403468157038
535,0.17464206931631432,0.1948478295902836,0.1860879629102386,0.02020576027396928,0.011445893593924283
536,0.172914231880208,0.1947461474980742,0.1860247746319418,0.02183191561786621,0.013110542751733817
537,0.17259120283663562,0.19471402368319118,0.18582613236860046,0.022122820846555563,0.01323492953196484
538,0.17257525695538056,0.19471402368319118,0.18568753520988468,0.02213876672781062,0.013112278254504117
539,0.1722736714083787,0.1945958963064378,0.18548904392405988,0.0223222248980591,0.013215372515681167
540,0.1722736714083787,0.19431793700333136,0.18545164867140645,0.02204426559495265,0.013177977263027746
541,0.17218589651524538,0.19416762538645121,0.18545164867140645,0.021981728871205836,0.013265752156161076
542,0.17204932509030632,0.19302747257485495,0.18537556983022285,0.020978147484548626,0.013326244739916532
543,0.17193372032396173,0.1929587359159141,0.1853483068164792,0.021025015591952356,0.013414586492517477
544,0.17162133754089687,0.19287548336815014,0.1853483068164792,0.021254145827253268,0.01372696927558234
545,0.17154157131449022,0.19277086618072511,0.18496448887018946,0.0212292948662349,0.013422917555699243
546,0.171490971839605,0.19274683210407936,0.18496448887018946,0.021255860264474374,0.01347351703058447
547,0.171490971839605,0.19274683210407936,0.18479879748397013,0.021255860264474374,0.01330782564436514
548,0.17078063263813395,0.19262759840561686,0.184729624967113,0.021846965767482907,0.01394899232897906
549,0.17046420002522378,0.1925594830944022,0.1845392287552637,0.022095283069178434,0.014075028730039935
550,0.17046420002522378,0.19245048268643425,0.18446526502360577,0.02198628266121047,0.014001064998381996
551,0.17024594489071845,0.19243185266932414,0.184403143436347,0.022185907778605685,0.014157198545628552
552,0.1700787745755877,0.19242642323426795,0.18438355700876885,0.022347648658680247,0.014304782433181146
553,0.17001518998215331,0.19215219195629057,0.18400640986039501,0.02213700197413726,0.0139912198782417
554,0.169825310215664,0.19204090648491867,0.1839623675938729,0.022215596269254678,0.014137057378208917
555,0.1698100493295947,0.19196427730934687,0.1839623675938729,0.022154227979752167,0.014152318264278207
556,0.16969306158186645,0.19196427730934687,0.18395695297681433,0.02227121572748042,0.01426389139494788
557,0.16942452503357422,0.19155040991822778,0.18343559737261098,0.022125884884653557,0.014011072339036756
558,0.16913139791154963,0.19153933648027774,0.1834194751550281,0.02240793856872811,0.01428807724347847
559,0.16882611626835956,0.19147415428304435,0.1834194751550281,0.02264803801468479,0.014593358886668545
560,0.16825645597563565,0.1912897791510062,0.1834194751550281,0.023033323175370546,0.015163019179392445
561,0.16822335505811406,0.19128844860418565,0.1834194751550281,0.023065093546071586,0.01519612009691404
562,0.1682182495562866,0.19082079774782532,0.1829250747011945,0.02260254819153873,0.014706825144907926
563,0.1682182495562866,0.19082079774782532,0.18278388597484943,0.02260254819153873,0.014565636418562844
564,0.16803327293378176,0.19082079774782532,0.18273389508512006,0.022787524814043558,0.0147006221513383
565,0.16778796112382266,0.19075064647852635,0.18270510338216422,0.022962685354703694,0.014917142258341565
566,0.16739011562998846,0.19075064647852635,0.1824209991808825,0.023360530848537897,0.015030883550894047
567,0.1669601034707987,0.19073272256543355,0.18211266644775007,0.02377261909463485,0.015152562976951361
568,0.1665833523901453,0.19073272256543355,0.18211266644775007,0.02414937017528826,0.01552931405760477
569,0.16592838642386998,0.19072442747985455,0.18211266644775007,0.02479604105598457,0.016184280023880088
570,0.16590367444133933,0.19058696830502206,0.18211266644775007,0.02468329386368273,0.01620899200641074
571,0.1657910668373252,0.19022763367074433,0.1820043498349003,0.024436566833419132,0.0162132829975751
572,0.16576312888276848,0.19017310679301389,0.1820043498349003,0.024409977910245406,0.01624122095213182
573,0.16570595592046192,0.19017310679301389,0.18194784389424695,0.024467150872551968,0.016241887973785035
574,0.16565940778149915,0.19017310679301389,0.1818586149856934,0.024513699011514734,0.016199207204194238
575,0.16565940778149915,0.19017310679301389,0.18172337042589737,0.024513699011514734,0.016063962644398216
576,0.16565940778149915,0.19012420867550484,0.1816971342079094,0.024464800894005684,0.016037726426410243
577,0.16564669275200544,0.19012420867550484,0.1816971342079094,0.024477515923499393,0.016050441455903952
578,0.16564669275200544,0.19006585130576278,0.1816971342079094,0.024419158553757342,0.016050441455903952
579,0.16564669275200544,0.19006585130576278,0.18157952747692338,0.024419158553757342,0.015932834724917938
580,0.16545587735564163,0.18997946578590863,0.18157952747692338,0.024523588430267,0.016123650121281752
581,0.16535664558066368,0.18965339377599877,0.18157952747692338,0.02429674819533509,0.0162228818962597
582,0.16533863451438027,0.18960729244072963,0.18157952747692338,0.024268657926349357,0.016240892962543108
583,0.16531488219138785,0.18934989834593657,0.18147935710519011,0.024035016154548727,0.016164474913802268
584,0.16482879321190202,0.18864088637002377,0.18147935710519011,0.023812093158121744,0.01665056389328809
585,0.16482879321190202,0.188287253972806,0.18134078582878824,0.023458460760903965,0.016511992616886212
586,0.16482879321190202,0.18814939319125645,0.18134078582878824,0.02332059997935443,0.016511992616886212
587,0.16482879321190202,0.18789241136959528,0.18134078582878824,0.023063618157693255,0.016511992616886212
588,0.16482879321190202,0.18770792900663838,0.18134078582878824,0.022879135794736355,0.016511992616886212
589,0.1646743327371116,0.187587408194774,0.18134078582878824,0.022913075457662413,0.016666453091676636
590,0.16467390676417717,0.1870696385649588,0.18082390282894525,0.022395731800781637,0.01614999606476808
591,0.16463867670812682,0.18702318025599876,0.18071317634890144,0.022384503547871942,0.01607449964077462
592,0.16462878756785293,0.18702318025599876,0.18058887025674406,0.02239439268814583,0.015960082688891125
593,0.16461329527732166,0.18699313081257474,0.18018368552051645,0.02237983553525308,0.015570390243194787
594,0.1644371581501719,0.1868686151279108,0.18018368552051645,0.022431456977738906,0.015746527370344543
595,0.16293172335424685,0.1860517423692409,0.18018368552051645,0.023120019014994053,0.01725196216626959
596,0.16285980017433938,0.18604615115932052,0.18001433275118167,0.023186350984981147,0.017154532576842296
597,0.162833770681355,0.1860108551762374,0.1799532839768494,0.0231770844948824,0.01711951329549441
598,0.16266123323982173,0.18586722670335507,0.1799532839768494,0.02320599346353333,0.017292050737027664
599,0.16262634444056093,0.18586722670335507,0.17992077296553177,0.023240882262794138,0.017294428524970845
600,0.16250886375652931,0.18586722670335507,0.17983587525918368,0.02335836294682575,0.017327011502654366
601,0.16185809440663945,0.18586722670335507,0.17981689485878563,0.024009132296715613,0.01795880045214618
602,0.16168985081364365,0.18582388584327264,0.17963977142387552,0.024134035029628992,0.017949920610231873
603,0.16166473014241564,0.18559061756155823,0.17941697961277578,0.02392588741914259,0.017752249470360137
604,0.16140080955443128,0.1852185956478809,0.17936082866088238,0.023817786093449617,0.01796001910645109
605,0.16140080955443128,0.1850315818420956,0.17935752233111255,0.023630772287664303,0.01795671277668126
606,0.16140080955443128,0.1850315818420956,0.1792502194157833,0.023630772287664303,0.017849409861352028
607,0.16136816720223715,0.18490522772290538,0.1792502194157833,0.02353706052066823,0.017882052213546162
608,0.16135552272232395,0.18480665642760064,0.17916090779722157,0.023451133705276683,0.017805385074897623
609,0.16135552272232395,0.18478113110043382,0.17916090779722157,0.023425608378109863,0.017805385074897623
610,0.16123544598141512,0.18478113110043382,0.17916090779722157,0.023545685119018694,0.017925461815806454
611,0.16121620346111987,0.18478113110043382,0.17916090779722157,0.02356492763931395,0.017944704336101708
612,0.16121620346111987,0.18478113110043382,0.1791394307780738,0.02356492763931395,0.01792322731695392
613,0.16121620346111987,0.18478113110043382,0.17901882070987982,0.02356492763931395,0.01780261724875995
614,0.16121620346111987,0.18445920596505339,0.17882500951903535,0.02324300250393352,0.017608806057915483
615,0.16106830807411926,0.1841619360072102,0.17882500951903535,0.023093627933090943,0.01775670144491609
616,0.16099281499353127,0.18362567843922772,0.17882500951903535,0.022632863445696455,0.01783219452550408
617,0.16096241045853396,0.18354024219881804,0.17882500951903535,0.022577831740284077,0.01786259906050139
618,0.16095729967439196,0.18331732551048904,0.178784691797583,0.022360025836097086,0.017827392123191038
619,0.1608251190044523,0.18294969768675012,0.1787530996293783,0.022124578682297835,0.01792798062492601
620,0.16074047448749038,0.18294969768675012,0.17868825930081575,0.022209223199259748,0.017947784813325374
621,0.16053800228216772,0.18287737607402377,0.17868825930081575,0.02233937379185605,0.01815025701864803
622,0.16053800228216772,0.18216297644814003,0.17825164306111888,0.02162497416597231,0.017713640778951156
623,0.16037588307499667,0.18215322551574525,0.1777334318887141,0.02177734244074858,0.017357548813717427
624,0.16037588307499667,0.182057028873657,0.17772359419808983,0.021681145798660317,0.017347711123093162
625,0.16026988726198554,0.18190727345152174,0.1775439949177589,0.0216373861895362,0.017274107655773363
626,0.16020910363213892,0.18190727345152174,0.17750106344678185,0.02169816981938283,0.017291959814642932
627,0.1600551986816602,0.18173815733681833,0.17733626128598365,0.021682958655158124,0.01728106260432344
628,0.1600136513637502,0.18166485865519175,0.17733626128598365,0.021651207291441543,0.017322609922233445
629,0.1599342414843959,0.18166247906749788,0.1773312394166689,0.021728237583101995,0.017396997932273006
630,0.1599342414843959,0.18153147629360153,0.1771787210113142,0.02159723480920564,0.01724447952691832
631,0.1599342414843959,0.18120920927879625,0.17709341063602324,0.021274967794400357,0.01715916915162735
632,0.159567432159531,0.1808507645156698,0.17704977962826532,0.0212833323561388,0.01748234746873431
633,0.1595414594467055,0.18024910537265845,0.17704977962826532,0.02070764592595295,0.017508320181559817
634,0.1595347887310912,0.180141127055345,0.17704977962826532,0.020606338324253792,0.01751499089717412
635,0.1595347887310912,0.1799425990089146,0.17686360967336218,0.0204078102778234,0.017328820942270978
636,0.15899953083215088,0.17984058114239976,0.17674974300555993,0.020841050310248882,0.017750212173409052
637,0.15892518367499575,0.17984058114239976,0.17674974300555993,0.020915397467404007,0.017824559330564177
638,0.1588770978919082,0.1798342943432096,0.1766344212722925,0.020957196451301396,0.0177573233803843
639,0.15879303162976816,0.17977661527638814,0.1766344212722925,0.02098358364661998,0.017841389642524352
640,0.15879303162976816,0.17963945574647758,0.1766344212722925,0.020846424116709422,0.017841389642524352
641,0.15878987245649875,0.17963945574647758,0.17652816646076336,0.020849583289978824,0.017738294004264604
642,0.15860914456581987,0.17955775294921114,0.17652816646076336,0.02094860838339127,0.017919021894943488
643,0.1579742264731583,0.17912035517675542,0.17627021234189416,0.02114612870359711,0.018295985868735848
644,0.157896715883757,0.17864749385132586,0.1762701645109689,0.020750777967568856,0.018373448627211908
645,0.1578869488436829,0.17863157452994133,0.1762701645109689,0.020744625686258428,0.018383215667286013
646,0.1578869488436829,0.1784746001283142,0.17614996667373573,0.020587651284631303,0.018263017830052825
647,0.1578869488436829,0.1784746001283142,0.1757243356173958,0.020587651284631303,0.01783738677371291
648,0.1574846634800507,0.17818810462559337,0.1757243356173958,0.020703441145542678,0.01823967213734512
649,0.15722495681998463,0.1781796826428867,0.1757243356173958,0.02095472582290206,0.018499378797411176
650,0.15722433361583407,0.1781796826428867,0.17559816761727223,0.020955349027052622,0.01837383400143816
651,0.15688861955010697,0.17813637194597848,0.17559816761727223,0.02124775239587151,0.018709548067165266
652,0.1564608936352589,0.17811139031009185,0.17559816761727223,0.02165049667483296,0.019137273982013342
653,0.15638178804916944,0.17810167609822927,0.17559816761727223,0.021719888049059832,0.019216379568102793
654,0.1561939874682032,0.17810167609822927,0.17559816761727223,0.021907688630026068,0.019404180149069028
655,0.1561939874682032,0.17810167609822927,0.17559816761727223,0.021907688630026068,0.019404180149069028
656,0.1561939874682032,0.17795357132821946,0.17559816761727223,0.02175958386001625,0.019404180149069028
657,0.1561301317047064,0.17795357132821946,0.17559816761727223,0.021823439623513047,0.019468035912565823
658,0.15606348974534923,0.17783182656328925,0.17529619107683497,0.02176833681794002,0.019232701331485746
659,0.15574244490761108,0.1773243477429102,0.1752834014869751,0.02158190283529912,0.019540956579364027
660,0.15511002645502275,0.17711223524656108,0.17525352036766464,0.02200220879153833,0.02014349391264189
661,0.15511002645502275,0.17703603696454506,0.17509611294075605,0.02192601050952231,0.0199860864857333
662,0.15511002645502275,0.17579885835064654,0.17418261385227513,0.020688831895623788,0.019072587397252372
663,0.15487743402683232,0.17522946959596508,0.17389754077816072,0.02035203556913276,0.019020106751328397
664,0.1548649574709854,0.17365329307554297,0.17388999546693262,0.018788335604557588,0.019025037995947236
665,0.15463075944972143,0.17317792465841267,0.17381802645645353,0.018547165208691235,0.019187267006732095
666,0.1543234635314881,0.17316166566189423,0.1738054953058953,0.01883820213040613,0.019482031774407216
667,0.15410968640522907,0.173090363504283,0.17365607699820773,0.018980677099053933,0.019546390592978663
668,0.15410968640522907,0.173090363504283,0.17364156120159602,0.018980677099053933,0.01953187479636695
669,0.15410968640522907,0.1730731833603625,0.17364156120159602,0.01896349695513344,0.01953187479636695
670,0.15405176916206675,0.17297805651652326,0.17362197477401783,0.018926287354456506,0.01957020561195108
671,0.15405176916206675,0.17296992745824513,0.17361744186132008,0.018918158296178378,0.019565672699253328
672,0.15360642788725945,0.17288580427759107,0.1734295126623402,0.019279376390331615,0.01982308477508074
673,0.1531919254585586,0.17266694844575986,0.17289565827670453,0.019475022987201274,0.01970373281814594
674,0.1531919254585586,0.17264415790700702,0.17286023091334993,0.01945223244844843,0.01966830545479134
675,0.15316021125084978,0.17249094058412806,0.17285182626235282,0.019330729333278285,0.019691615011503044
676,0.15316021125084978,0.17249094058412806,0.1727391531033571,0.019330729333278285,0.01957894185250733
677,0.15260953424587215,0.17232824975426123,0.17268212430188398,0.01971871550838908,0.020072590056011835
678,0.1524394297304173,0.17172637216669048,0.17257251464964085,0.019286942436273186,0.020133084919223554
679,0.1524189647687353,0.17172602001240594,0.17257251464964085,0.019307055243670657,0.020153549880905564
680,0.1524189647687353,0.17172602001240594,0.17257251464964085,0.019307055243670657,0.020153549880905564
681,0.1520983743623868,0.17172602001240594,0.17253958661935798,0.01962764565001915,0.02044121225697118
682,0.15176906760101871,0.17152202530710403,0.17253958661935798,0.019752957706085317,0.020770519018339262
683,0.15167146064586684,0.1710998907988362,0.17252085650257498,0.019428430152969356,0.02084939585670814
684,0.15166179784306963,0.17089721578571437,0.17242171336611267,0.019235417942644745,0.020759915523043043
685,0.1513344807838078,0.16947077060146148,0.17242171336611267,0.018136289817653695,0.021087232582304882
686,0.15071182542930725,0.16909907610365504,0.17242171336611267,0.018387250674347794,0.021709887936805422
687,0.15071182542930725,0.16886673365438987,0.17242171336611267,0.018154908225082617,0.021709887936805422
688,0.15065725163189114,0.16879431509690604,0.17242171336611267,0.018137063465014897,0.02176446173422153
689,0.15062833433913683,0.16876160641280197,0.1723755847776124,0.018133272073665135,0.021747250438475557
690,0.15057602859843341,0.1687435076643985,0.1723755847776124,0.01816747906596508,0.021799556179178975
691,0.15057602859843341,0.1687435076643985,0.1723755847776124,0.01816747906596508,0.021799556179178975
692,0.15057602859843341,0.1687057687208188,0.1723755847776124,0.018129740122385385,0.021799556179178975
693,0.1498086452503233,0.1687057687208188,0.1723755847776124,0.01889712347049549,0.02256693952728908
694,0.1494273642201078,0.16834310600769523,0.1723755847776124,0.018915741787587426,0.02294822055750459
695,0.14860414466034746,0.16715124712338705,0.17225272719554147,0.01854710246303959,0.023648582535194
696,0.14855777757343328,0.1670298090424861,0.17225272719554147,0.018472031469052824,0.02369494962210819
697,0.14855777757343328,0.1670298090424861,0.17215172524431946,0.018472031469052824,0.023593947670886184
698,0.14855777757343328,0.16678590090670795,0.17215172524431946,0.01822812333327467,0.023593947670886184
699,0.148219400973063,0.1665384473667803,0.17204332560043342,0.018319046393717314,0.02382392462737043
700,0.148219400973063,0.1665384473667803,0.17204332560043342,0.018319046393717314,0.02382392462737043
701,0.148219400973063,0.16647377170397926,0.17204332560043342,0.018254370730916264,0.02382392462737043
702,0.14821180598836015,0.16647377170397926,0.17184385780321476,0.01826196571561911,0.023632051814854615
703,0.14821180598836015,0.1664644641625744,0.17184385780321476,0.01825265817421426,0.023632051814854615
704,0.14821180598836015,0.16621253175832698,0.17184385780321476,0.018000725769966835,0.023632051814854615
705,0.14821180598836015,0.16607804988458527,0.17183578559311163,0.017866243896225126,0.02362397960475149
706,0.14821180598836015,0.16603478303918046,0.1712635390329055,0.01782297705082031,0.02305173304454536
707,0.14817555693918757,0.16599857750151828,0.17124539452346685,0.017823020562330705,0.023069837584279274
708,0.14817555693918757,0.16590293282606358,0.17124539452346685,0.017727375886876007,0.023069837584279274
709,0.14817555693918757,0.16579883360051412,0.17124539452346685,0.017623276661326542,0.023069837584279274
710,0.14817555693918757,0.16433280364182234,0.1703239878469988,0.01615724670263477,0.022148430907811212
711,0.147145187872326,0.1637524674739824,0.17023236891517457,0.016607279601656394,0.02308718104284857
712,0.14707666313021028,0.1637524674739824,0.1701902990521607,0.01667580434377211,0.023113635921950426
713,0.14699727269770738,0.16369667479046937,0.1701902990521607,0.016699402092761995,0.023193026354453333
714,0.14556783269709445,0.16357370420854178,0.17014891390935988,0.018005871511447336,0.024581081212265432
715,0.14555818824484792,0.16355985021201774,0.17014891390935988,0.01800166196716982,0.024590725664511953
716,0.1454298999594529,0.16346044011549546,0.17005935888841456,0.01803054015604255,0.02462945892896165
717,0.14536149451764493,0.16346044011549546,0.17002473916287397,0.018098945597850524,0.024663244645229038
718,0.14536149451764493,0.16344386694308,0.16986877715643248,0.01808237242543506,0.024507282638787542
719,0.14535446809307753,0.16329120840073666,0.16986877715643248,0.017936740307659127,0.024514309063354944
720,0.14534169211312004,0.16318800864862817,0.16986877715643248,0.01784631653550814,0.02452708504331244
721,0.14534169211312004,0.16306372341689349,0.16986877715643248,0.01772203130377345,0.02452708504331244
722,0.1449457671750157,0.16295566588711283,0.16986877715643248,0.018009898712097128,0.024923009981416777
723,0.14471948254994338,0.1629128708890743,0.16986877715643248,0.018193388339130923,0.025149294606489098
724,0.14467502953996425,0.1626225928245514,0.16986877715643248,0.01794756328458716,0.025193747616468226
725,0.14456026205884573,0.16235639394998416,0.16986877715643248,0.017796131891138434,0.025308515097586748
726,0.1445179867539841,0.16235639394998416,0.16963999463142493,0.01783840719600005,0.025122007877440816
727,0.1445179867539841,0.16223731032189123,0.16963999463142493,0.01771932356790712,0.025122007877440816
728,0.1445179867539841,0.1622152116375333,0.16963999463142493,0.01769722488354919,0.025122007877440816
729,0.1445179867539841,0.1622152116375333,0.16963999463142493,0.01769722488354919,0.025122007877440816
730,0.1444625678788408,0.1622152116375333,0.16963999463142493,0.01775264375869251,0.025177426752584137
731,0.14375064844669982,0.1622152116375333,0.16963999463142493,0.018464563190833477,0.025889346184725104
732,0.143599835170392,0.1617157672573707,0.16963999463142493,0.018115932086978703,0.02604015946103294
733,0.143599835170392,0.1617157672573707,0.16963999463142493,0.018115932086978703,0.02604015946103294
734,0.143599835170392,0.1617157672573707,0.16933089176578844,0.018115932086978703,0.025731056595396457
735,0.14354267740526044,0.1617157672573707,0.16933089176578844,0.018173089852110247,0.025788214360528
736,0.14312817497655955,0.16170412276603283,0.16929345657261155,0.018575947789473274,0.026165281596051998
737,0.14312817497655955,0.1615808189690092,0.16929345657261155,0.01845264399244964,0.026165281596051998
738,0.14273565213638745,0.1615808189690092,0.16929345657261155,0.018845166832621746,0.026557804436224103
739,0.14273565213638745,0.16148616287906065,0.16929345657261155,0.0187505107426732,0.026557804436224103
740,0.1426945878763775,0.16140831972019237,0.16929345657261155,0.018713731843814863,0.02659886869623404
741,0.14248276449927189,0.16140831972019237,0.16929345657261155,0.018925555220920487,0.026810692073339665
742,0.14248276449927189,0.16140015711349304,0.16826757181777707,0.01891739261422115,0.025784807318505187
743,0.14248276449927189,0.1612963600720475,0.16817732641057018,0.01881359557277562,0.02569456191129829
744,0.14221939032970807,0.1612963600720475,0.16816044810966688,0.01907696974233944,0.02594105777995881
745,0.14207836016171457,0.1612963600720475,0.1679000957039877,0.019217999910332934,0.025821735542273128
746,0.14184650560047962,0.16128833562533432,0.16751236026368235,0.019441830024854695,0.02566585466320273
747,0.14184650560047962,0.16128833562533432,0.16721918897258206,0.019441830024854695,0.02537268337210244
748,0.14184650560047962,0.16128833562533432,0.16721918897258206,0.019441830024854695,0.02537268337210244
749,0.14184650560047962,0.16128833562533432,0.16721918897258206,0.019441830024854695,0.02537268337210244
750,0.14155726126177867,0.16053227261224584,0.16639780030163262,0.01897501135046717,0.02484053903985395
751,0.1415327914636756,0.16053227261224584,0.16625573976393804,0.018999481148570252,0.02472294830026245
752,0.1415327914636756,0.16052767762184234,0.16625573976393804,0.018994886158166746,0.02472294830026245
753,0.1414647167303875,0.16040914323785266,0.16624605898960926,0.018944426507465167,0.024781342259221767
754,0.14086232215118188,0.16040230537839612,0.16624605898960926,0.01953998322721423,0.025383736838427373
755,0.1395947994752915,0.16040230537839612,0.16616794791539172,0.020807505903104623,0.026573148440100225
756,0.13913969232889428,0.16040230537839612,0.16593841400924472,0.021262613049501833,0.02679872168035044
757,0.13906419947665163,0.16032022680624036,0.16578996939716859,0.021256027329588728,0.02672576992051695
758,0.13906419947665163,0.1602920056020093,0.16573587387686953,0.021227806125357657,0.026671674400217893
759,0.13902817134351056,0.1602920056020093,0.16573587387686953,0.02126383425849873,0.026707702533358968
760,0.13852634553559273,0.1602622338533679,0.16573587387686953,0.021735888317775176,0.027209528341276795
761,0.13852634553559273,0.16024815478224264,0.16573587387686953,0.021721809246649904,0.027209528341276795
762,0.13852634553559273,0.16024815478224264,0.16555275658398053,0.021721809246649904,0.027026411048387794
763,0.13852634553559273,0.16019614581972158,0.16549368418334348,0.02166980028412885,0.02696733864775075
764,0.13852634553559273,0.16018224877159437,0.16549175924044388,0.02165590323600164,0.026965413704851143
765,0.13846823366143085,0.1601062959270285,0.16549175924044388,0.02163806226559764,0.027023525579013025
766,0.13821395185236318,0.1601062959270285,0.1654816715443154,0.02189234407466531,0.027267719691952214
767,0.13821395185236318,0.1601062959270285,0.16537420582573278,0.02189234407466531,0.027160253973369602
768,0.1381604715995408,0.15991759958138296,0.16512606519143225,0.02175712798184215,0.026965593591891435
769,0.1381604715995408,0.15990099458262746,0.16507037898029214,0.021740522983086652,0.02690990738075133
770,0.1381561253620712,0.15972748230108458,0.1650051913830651,0.02157135693901338,0.026849066020993906
771,0.13813932028070655,0.15964974798432496,0.16399170910613584,0.021510427703618412,0.025852388825429284
772,0.13813932028070655,0.15964974798432496,0.16399170910613584,0.021510427703618412,0.025852388825429284
773,0.13813932028070655,0.15961406299132874,0.16399170910613584,0.02147474271062219,0.025852388825429284
774,0.13813932028070655,0.15961406299132874,0.16356168682398167,0.02147474271062219,0.02542236654327512
775,0.13813932028070655,0.15948986008412044,0.16352723920974616,0.021350539803413893,0.025387918929039605
776,0.13813932028070655,0.15948986008412044,0.16352723920974616,0.021350539803413893,0.025387918929039605
777,0.1381384157212018,0.15948986008412044,0.16352723920974616,0.021351444362918637,0.02538882348854435
778,0.1381384157212018,0.15933366838998786,0.16352723920974616,0.021195252668786052,0.02538882348854435
779,0.1381384157212018,0.15911801729083472,0.16352723920974616,0.02097960156963291,0.02538882348854435
780,0.1381384157212018,0.1590751992302668,0.16352723920974616,0.020936783509065,0.02538882348854435
781,0.1381384157212018,0.15904341002971512,0.16352723920974616,0.02090499430851331,0.02538882348854435
782,0.1381384157212018,0.15601573820894363,0.16350088150946998,0.01787732248774182,0.025362465788268174
783,0.1381384157212018,0.15590776596197223,0.16350088150946998,0.01776935024077042,0.025362465788268174
784,0.1381384157212018,0.15579545661487948,0.16350088150946998,0.017657040893677672,0.025362465788268174
785,0.1380880813375167,0.15577125901805589,0.16345989063242516,0.017683177680539175,0.025371809294908454
786,0.1379809595639377,0.1557546075159918,0.16345989063242516,0.017773647952054106,0.025478931068487476
787,0.13791741798248144,0.15562069986151034,0.16345989063242516,0.017703281879028893,0.02554247264994372
788,0.1376706247234318,0.15561843744883613,0.16345989063242516,0.017947812725404327,0.02578926590899336
789,0.1376706247234318,0.15539624037561278,0.1632647250966837,0.017725615652180976,0.025594100373251882
790,0.1376706247234318,0.15533961812211441,0.1632647250966837,0.01766899339868261,0.025594100373251882
791,0.1376706247234318,0.15519974952575255,0.1631983088952675,0.017529124802320745,0.025527684171835707
792,0.1376706247234318,0.155174623522981,0.1631622124218674,0.017503998799549197,0.025491587698435597
793,0.13510904958796377,0.15515127601970616,0.1631622124218674,0.020042226431742388,0.028053162833903633
794,0.1350567366536094,0.155147187016058,0.162539653061382,0.02009045036244861,0.02748291640777259
795,0.13491060138267716,0.15511467308687815,0.16248063414159558,0.020204071704200993,0.027570032758918422
796,0.13465271826380562,0.15511467308687815,0.16248063414159558,0.02046195482307253,0.02782791587778996
797,0.13458730550517622,0.15505887504037916,0.16248063414159558,0.020471569535202933,0.027893328636419357
798,0.13393544308979072,0.15505887504037916,0.16248063414159558,0.02112343195058844,0.028545191051804863
799,0.13385403787599312,0.15505887504037916,0.16248063414159558,0.021204837164386037,0.02862659626560246
800,0.13379053230379187,0.15505887504037916,0.16248063414159558,0.021268342736587287,0.02869010183780371
801,0.13375627866221598,0.15490774667518684,0.16248063414159558,0.021151468012970853,0.0287243554793796
802,0.13362938887247836,0.15480383665765637,0.16248063414159558,0.02117444778517802,0.028851245269117226
803,0.13359327561507298,0.15471475988329858,0.16248063414159558,0.021121484268225604,0.028887358526522605
804,0.13357483256346528,0.15471475988329858,0.16248063414159558,0.0211399273198333,0.028905801578130302
805,0.13344721712122934,0.15471475988329858,0.16246570820620349,0.02126754276206924,0.029018491084974146
806,0.13321151529176067,0.15471475988329858,0.16246570820620349,0.021503244591537907,0.02925419291444281
807,0.13303258314588498,0.15471475988329858,0.16246570820620349,0.0216821767374136,0.029433125060318505
808,0.13303258314588498,0.15471475988329858,0.1624370432745387,0.0216821767374136,0.02940446012865372
809,0.13303258314588498,0.15471475988329858,0.1624370432745387,0.0216821767374136,0.02940446012865372
810,0.13302005635685626,0.15464607399585753,0.16242771825792385,0.021626017639001266,0.029407661901067583
811,0.13302005635685626,0.15464607399585753,0.16242771825792385,0.021626017639001266,0.029407661901067583
812,0.13300397554236162,0.15461316911454942,0.16242771825792385,0.021609193572187796,0.029423742715562223
813,0.13294868791255984,0.15458881178416328,0.1623792247480519,0.02164012387160344,0.029430536835492044
814,0.13267799509953807,0.15458881178416328,0.1623792247480519,0.021910816684625217,0.02970122964851382
815,0.13257199526620259,0.15447068545246845,0.1623792247480519,0.021898690186265862,0.0298072294818493
816,0.1325497040962724,0.15447068545246845,0.1623792247480519,0.02192098135619605,0.02982952065177949
817,0.1322140302462835,0.15447068545246845,0.1623792247480519,0.022256655206184944,0.030165194501768383
818,0.1322140302462835,0.15447068545246845,0.16178771308063325,0.022256655206184944,0.029573682834349746
819,0.1322140302462835,0.15447068545246845,0.16178771308063325,0.022256655206184944,0.029573682834349746
820,0.1322140302462835,0.1542695888639041,0.16178771308063325,0.022055558617620596,0.029573682834349746
821,0.1322140302462835,0.1542695888639041,0.16171359498191987,0.022055558617620596,0.029499564735636363
822,0.13190645135579518,0.15419658382578502,0.1616849280829744,0.022290132469989843,0.02977847672717923
823,0.13190645135579518,0.15418569668308596,0.1616849280829744,0.02227924532729078,0.02977847672717923
824,0.13190645135579518,0.15404205970896528,0.1616849280829744,0.022135608353170105,0.02977847672717923
825,0.13188000848469808,0.15382368341742933,0.1616849280829744,0.02194367493273125,0.02980491959827633
826,0.13150868741622698,0.15378714747229183,0.1616849280829744,0.022278460056064847,0.030176240666747428
827,0.13150868741622698,0.15368336525465776,0.1616849280829744,0.022174677838430773,0.030176240666747428
828,0.13150868741622698,0.15365797924773325,0.1615684723523491,0.022149291831506268,0.03005978493612213
829,0.13150868741622698,0.1536250093353256,0.1615684723523491,0.022116321919098625,0.03005978493612213
830,0.13150868741622698,0.153554710660462,0.1615684723523491,0.02204602324423502,0.03005978493612213
831,0.13135764067914557,0.15341521242517164,0.16150212139282785,0.022057571746026072,0.03014448071368228
832,0.13130263318408628,0.15341521242517164,0.16126252535010668,0.022112579241085367,0.029959892166020408
833,0.13125617614484333,0.15339887218606196,0.16126252535010668,0.02214269604121863,0.03000634920526335
834,0.1302166215573239,0.15336431407406376,0.16126252535010668,0.023147692516739843,0.03104590379278277
835,0.1302166215573239,0.15336431407406376,0.16126252535010668,0.023147692516739843,0.03104590379278277
836,0.13021301244118774,0.15336431407406376,0.16126252535010668,0.023151301632876015,0.03104951290891894
837,0.13021301244118774,0.15336331918880092,0.16126252535010668,0.023150306747613175,0.03104951290891894
838,0.13013336785046234,0.15325554347718917,0.16123205372259083,0.023122175626726832,0.031098685872128495
839,0.13013336785046234,0.15324838098865795,0.16121592565543966,0.02311501313819561,0.031082557804977318
840,0.13013336785046234,0.15324838098865795,0.16121592565543966,0.02311501313819561,0.031082557804977318
841,0.1301055361113991,0.15324838098865795,0.16121592565543966,0.023142844877258845,0.03111038954404055
842,0.1300252152015439,0.15324838098865795,0.16121592565543966,0.02322316578711406,0.031190710453895765
843,0.1298961475077474,0.15324838098865795,0.16097948216967542,0.02335223348091056,0.03108333466192803
844,0.1298961475077474,0.15324838098865795,0.160730334748745,0.02335223348091056,0.030834187240997624
845,0.1298961475077474,0.15324838098865795,0.1607166420745608,0.02335223348091056,0.030820494566813406
846,0.1298242474038098,0.15324838098865795,0.1607166420745608,0.023424133584848156,0.030892394670751
847,0.12968762131720948,0.15324838098865795,0.1607166420745608,0.023560759671448467,0.03102902075735131
848,0.12968762131720948,0.15324838098865795,0.1607166420745608,0.023560759671448467,0.03102902075735131
849,0.12968762131720948,0.1532212501946519,0.1607166420745608,0.023533628877442425,0.03102902075735131
850,0.12968762131720948,0.1532212501946519,0.1601555856978626,0.023533628877442425,0.030467964380653106
851,0.12968762131720948,0.15320264034914619,0.15939504027833315,0.0235150190319367,0.029707418961123666
852,0.12965477762194236,0.15312022096418654,0.15939504027833315,0.02346544334224418,0.029740262656390792
853,0.12961367442832283,0.15311211162702817,0.15939504027833315,0.02349843719870534,0.029781365850010316
854,0.12957737450441162,0.15311211162702817,0.15935826172306092,0.023534737122616556,0.0297808872186493
855,0.12957737450441162,0.15311211162702817,0.15935826172306092,0.023534737122616556,0.0297808872186493
856,0.12945887417156238,0.15311211162702817,0.15935826172306092,0.023653237455465798,0.02989938755149854
857,0.12944617477523732,0.15311211162702817,0.15935826172306092,0.02366593685179086,0.029912086947823602
858,0.12944617477523732,0.15272985340479922,0.15935826172306092,0.023283678629561905,0.029912086947823602
859,0.12944617477523732,0.15264661972834334,0.15935826172306092,0.023200444953106025,0.029912086947823602
860,0.12937502581465532,0.15262180835170594,0.15935826172306092,0.02324678253705062,0.029983235908405598
861,0.12937502581465532,0.15262180835170594,0.15935826172306092,0.02324678253705062,0.029983235908405598
862,0.12937502581465532,0.15262180835170594,0.15935826172306092,0.02324678253705062,0.029983235908405598
863,0.12937502581465532,0.1524832144692221,0.15935826172306092,0.02310818865456679,0.029983235908405598
864,0.12900341671565083,0.15242333970181246,0.15935826172306092,0.023419922986161634,0.03035484500741009
865,0.12900341671565083,0.15242333970181246,0.15935826172306092,0.023419922986161634,0.03035484500741009
866,0.1288473635439965,0.15242333970181246,0.15935826172306092,0.023575976157815953,0.03051089817906441
867,0.1288473635439965,0.15242333970181246,0.15935826172306092,0.023575976157815953,0.03051089817906441
868,0.1288473635439965,0.15241784957144067,0.15935826172306092,0.02357048602744416,0.03051089817906441
869,0.1288473635439965,0.15241784957144067,0.15935826172306092,0.02357048602744416,0.03051089817906441
870,0.1288473635439965,0.15241784957144067,0.15931052900436915,0.02357048602744416,0.030463165460372643
871,0.12839387588451154,0.15241784957144067,0.15922324840448063,0.02402397368692913,0.03082937251996909
872,0.128355366892261,0.15241784957144067,0.15922324840448063,0.024062482679179653,0.030867881512219614
873,0.12823150296990132,0.15241784957144067,0.15922324840448063,0.024186346601539344,0.030991745434579304
874,0.12822534879410125,0.1523266206965964,0.15922324840448063,0.02410127190249514,0.03099789961037938
875,0.12803344491518742,0.1523266206965964,0.15922324840448063,0.024293175781408965,0.031189803489293205
876,0.12803344491518742,0.1523266206965964,0.15922324840448063,0.024293175781408965,0.031189803489293205
877,0.12803344491518742,0.1523266206965964,0.15922324840448063,0.024293175781408965,0.031189803489293205
878,0.12797955226873453,0.15222835085553046,0.15921767390489674,0.024248798586795933,0.031238121636162214
879,0.12797955226873453,0.15220981041771317,0.15913550080063196,0.02423025814897864,0.03115594853189743
880,0.12797955226873453,0.15220981041771317,0.15913550080063196,0.02423025814897864,0.03115594853189743
881,0.1279663358677234,0.15220981041771317,0.15913550080063196,0.024243474549989763,0.031169164932908555
882,0.1279663358677234,0.15220981041771317,0.15913550080063196,0.024243474549989763,0.031169164932908555
883,0.1279663358677234,0.15220981041771317,0.15913550080063196,0.024243474549989763,0.031169164932908555
884,0.1279663358677234,0.15220981041771317,0.15913550080063196,0.024243474549989763,0.031169164932908555
885,0.1279663358677234,0.15185781421258812,0.15913550080063196,0.023891478344864714,0.031169164932908555
886,0.1279663358677234,0.15142590614705745,0.15913550080063196,0.02345957027933404,0.031169164932908555
887,0.12794220598596381,0.15142590614705745,0.15913550080063196,0.023483700161093635,0.03119329481466815
888,0.1278171501808856,0.15142590614705745,0.15913550080063196,0.023608755966171846,0.03131835061974636
889,0.12779673330561095,0.1514165203366766,0.15913550080063196,0.023619787031065653,0.031338767495021014
890,0.12779673330561095,0.1512996474403356,0.15913550080063196,0.02350291413472466,0.031338767495021014
891,0.12779673330561095,0.1512996474403356,0.15913550080063196,0.02350291413472466,0.031338767495021014
892,0.12775274449700658,0.1512996474403356,0.15913550080063196,0.023546902943329034,0.031382756303625386
893,0.12775274449700658,0.15112512410462206,0.15913550080063196,0.023372379607615484,0.031382756303625386
894,0.12775274449700658,0.15112512410462206,0.15913550080063196,0.023372379607615484,0.031382756303625386
895,0.12762620359927696,0.15112512410462206,0.15913550080063196,0.023498920505345106,0.03150929720135501
896,0.1275012019734788,0.15112512410462206,0.15913550080063196,0.023623922131143255,0.03163429882715316
897,0.12739834017600518,0.15112512410462206,0.15913550080063196,0.02372678392861688,0.03173716062462678
898,0.12697631201065013,0.15112512410462206,0.15913550080063196,0.024148812093971933,0.032159188789981835
899,0.12697631201065013,0.15112512410462206,0.15913550080063196,0.024148812093971933,0.032159188789981835
900,0.12697631201065013,0.15112512410462206,0.15913550080063196,0.024148812093971933,0.032159188789981835
