arm,graph_id,seed,reference_value_ticks,aoc_gap_pct_20_900s,final_value_ticks
codex,CP-SCALE-AU-L002__g0340,67,1628798375614,0.19011375177212725,1628798375614
knn,CP-SCALE-AU-L002__g0340,67,1628798375614,0.22000581658483911,1626128233112
linucb,CP-SCALE-AU-L002__g0340,67,1628798375614,0.2576451263717364,1625336960829
codex,CP-SCALE-AU-L002__g0340,71,1628798375614,0.1805753815206534,1626965624296
knn,CP-SCALE-AU-L002__g0340,71,1628798375614,0.19421880868902447,1626766375948
linucb,CP-SCALE-AU-L002__g0340,71,1628798375614,0.1833000357879837,1626742217054
codex,CP-SCALE-AU-L002__g0340,73,1628798375614,0.22577907015302046,1626174088958
knn,CP-SCALE-AU-L002__g0340,73,1628798375614,0.26654006630236693,1625937110348
linucb,CP-SCALE-AU-L002__g0340,73,1628798375614,0.1910896854085867,1627037533830
codex,CP-SCALE-AU-L002__g0340,79,1628798375614,0.20252405593117764,1626871135910
knn,CP-SCALE-AU-L002__g0340,79,1628798375614,0.14755577282079713,1627519455066
linucb,CP-SCALE-AU-L002__g0340,79,1628798375614,0.21662027058667319,1626700659320
codex,CP-SCALE-AU-L002__g0340,83,1628798375614,0.23472033620811694,1626296885269
knn,CP-SCALE-AU-L002__g0340,83,1628798375614,0.23469950509475676,1625606095607
linucb,CP-SCALE-AU-L002__g0340,83,1628798375614,0.19816985565461107,1626296257969
codex,CP-SCALE-AU-L002__g0680,67,1250767219999,0.12738446479082696,1250276659081
knn,CP-SCALE-AU-L002__g0680,67,1250767219999,0.10696518183313637,1250317461782
linucb,CP-SCALE-AU-L002__g0680,67,1250767219999,0.09164730874072663,1250423301389
codex,CP-SCALE-AU-L002__g0680,71,1250767219999,0.11030519981146188,1249735621329
knn,CP-SCALE-AU-L002__g0680,71,1250767219999,0.1498902763540422,1249361057694
linucb,CP-SCALE-AU-L002__g0680,71,1250767219999,0.15951266697011257,1249162081188
codex,CP-SCALE-AU-L002__g0680,73,1250767219999,0.18091979640454198,1248936067127
knn,CP-SCALE-AU-L002__g0680,73,1250767219999,0.12207460680373879,1249899084534
linucb,CP-SCALE-AU-L002__g0680,73,1250767219999,0.1422521905066517,1249558637146
codex,CP-SCALE-AU-L002__g0680,79,1250767219999,0.0807111532540206,1250767219999
knn,CP-SCALE-AU-L002__g0680,79,1250767219999,0.1621343592145266,1249138536169
linucb,CP-SCALE-AU-L002__g0680,79,1250767219999,0.13591464084000457,1249657032107
codex,CP-SCALE-AU-L002__g0680,83,1250767219999,0.17850391241374924,1249320212442
knn,CP-SCALE-AU-L002__g0680,83,1250767219999,0.1036063241017004,1249886590516
linucb,CP-SCALE-AU-L002__g0680,83,1250767219999,0.1559225762234107,1249571767238
codex,CP-SCALE-AU-L002__g1200,67,887395138197,0.5583349053188368,884652999543
knn,CP-SCALE-AU-L002__g1200,67,887395138197,0.3108229134964568,885946009698
linucb,CP-SCALE-AU-L002__g1200,67,887395138197,0.5300598110256289,883296153906
codex,CP-SCALE-AU-L002__g1200,71,887395138197,0.3134916824638785,885589500280
knn,CP-SCALE-AU-L002__g1200,71,887395138197,0.22781729424018224,886294257198
linucb,CP-SCALE-AU-L002__g1200,71,887395138197,0.30844106568497487,885848590215
codex,CP-SCALE-AU-L002__g1200,73,887395138197,0.24910634294133113,886440476828
knn,CP-SCALE-AU-L002__g1200,73,887395138197,0.26959664554828844,886270277068
linucb,CP-SCALE-AU-L002__g1200,73,887395138197,0.31833644461989236,885399199207
codex,CP-SCALE-AU-L002__g1200,79,887395138197,0.2919938264733034,886591551802
knn,CP-SCALE-AU-L002__g1200,79,887395138197,0.3806583222998016,884930319970
linucb,CP-SCALE-AU-L002__g1200,79,887395138197,0.3363452101101371,886543312967
codex,CP-SCALE-AU-L002__g1200,83,887395138197,0.2969342625927735,886423762551
knn,CP-SCALE-AU-L002__g1200,83,887395138197,0.48866051077311834,887395138197
linucb,CP-SCALE-AU-L002__g1200,83,887395138197,0.6580611023306322,882873738331
codex,CP-SCALE-AU-L002__g1800,67,685565876950,0.21762110589792033,685029682297
knn,CP-SCALE-AU-L002__g1800,67,685565876950,0.47534536887841644,682467274598
linucb,CP-SCALE-AU-L002__g1800,67,685565876950,0.2637372803221496,684264864925
codex,CP-SCALE-AU-L002__g1800,71,685565876950,0.46687685717324856,682657829731
knn,CP-SCALE-AU-L002__g1800,71,685565876950,0.3361649961106086,683468294012
linucb,CP-SCALE-AU-L002__g1800,71,685565876950,0.34773436663176427,683467028481
codex,CP-SCALE-AU-L002__g1800,73,685565876950,0.3487812402715312,684419128559
knn,CP-SCALE-AU-L002__g1800,73,685565876950,0.40734100612268176,683673895149
linucb,CP-SCALE-AU-L002__g1800,73,685565876950,0.5190332452200481,682501251431
codex,CP-SCALE-AU-L002__g1800,79,685565876950,0.5364688285411318,682184967863
knn,CP-SCALE-AU-L002__g1800,79,685565876950,0.29309269080393474,684615363706
linucb,CP-SCALE-AU-L002__g1800,79,685565876950,0.6339467857828213,682392955036
codex,CP-SCALE-AU-L002__g1800,83,685565876950,0.2290877321266803,684955009325
knn,CP-SCALE-AU-L002__g1800,83,685565876950,0.36480908665180517,683593315977
linucb,CP-SCALE-AU-L002__g1800,83,685565876950,0.2100289407739143,685565876950
codex,CP-SCALE-AU-L002__gW0340_gE1200_s0150,67,1263774423872,0.18228693507931903,1263557672195
knn,CP-SCALE-AU-L002__gW0340_gE1200_s0150,67,1263774423872,0.18907393718202015,1262500097021
linucb,CP-SCALE-AU-L002__gW0340_gE1200_s0150,67,1263774423872,0.19445724290446242,1262666934213
codex,CP-SCALE-AU-L002__gW0340_gE1200_s0150,71,1263774423872,0.12410721520638125,1263738340088
knn,CP-SCALE-AU-L002__gW0340_gE1200_s0150,71,1263774423872,0.1887916447861037,1262235986954
linucb,CP-SCALE-AU-L002__gW0340_gE1200_s0150,71,1263774423872,0.2133925197537662,1262693494073
codex,CP-SCALE-AU-L002__gW0340_gE1200_s0150,73,1263774423872,0.17246191797917726,1262636792686
knn,CP-SCALE-AU-L002__gW0340_gE1200_s0150,73,1263774423872,0.18112120358672937,1263002065246
linucb,CP-SCALE-AU-L002__gW0340_gE1200_s0150,73,1263774423872,0.196530925948036,1262648480256
codex,CP-SCALE-AU-L002__gW0340_gE1200_s0150,79,1263774423872,0.1494461591256247,1263495423263
knn,CP-SCALE-AU-L002__gW0340_gE1200_s0150,79,1263774423872,0.18168337068507326,1262098867901
linucb,CP-SCALE-AU-L002__gW0340_gE1200_s0150,79,1263774423872,0.21811796485206353,1261793183404
codex,CP-SCALE-AU-L002__gW0340_gE1200_s0150,83,1263774423872,0.17457118291839518,1263052054696
knn,CP-SCALE-AU-L002__gW0340_gE1200_s0150,83,1263774423872,0.21103122440839092,1262371840509
linucb,CP-SCALE-AU-L002__gW0340_gE1200_s0150,83,1263774423872,0.13279170841913307,1263774423872
codex,CP-SCALE-AU-L002__gW0680_gE1200_s0150,67,1070725304725,0.3518938528412404,1068964198416
knn,CP-SCALE-AU-L002__gW0680_gE1200_s0150,67,1070725304725,0.3411353735136827,1067966548596
linucb,CP-SCALE-AU-L002__gW0680_gE1200_s0150,67,1070725304725,0.37187972471554903,1067820505277
codex,CP-SCALE-AU-L002__gW0680_gE1200_s0150,71,1070725304725,0.3117745155938906,1068786114411
knn,CP-SCALE-AU-L002__gW0680_gE1200_s0150,71,1070725304725,0.29752706469745266,1068434300275
linucb,CP-SCALE-AU-L002__gW0680_gE1200_s0150,71,1070725304725,0.3294980809839842,1067967207997
codex,CP-SCALE-AU-L002__gW0680_gE1200_s0150,73,1070725304725,0.270935955298078,1069461504955
knn,CP-SCALE-AU-L002__gW0680_gE1200_s0150,73,1070725304725,0.11917853915451315,1070725304725
linucb,CP-SCALE-AU-L002__gW0680_gE1200_s0150,73,1070725304725,0.3029683797567065,1069009394090
codex,CP-SCALE-AU-L002__gW0680_gE1200_s0150,79,1070725304725,0.3556238300433968,1067678851039
knn,CP-SCALE-AU-L002__gW0680_gE1200_s0150,79,1070725304725,0.23741594533769608,1069160470564
linucb,CP-SCALE-AU-L002__gW0680_gE1200_s0150,79,1070725304725,0.21309900832071943,1069837758148
codex,CP-SCALE-AU-L002__gW0680_gE1200_s0150,83,1070725304725,0.4069403656007956,1067847479729
knn,CP-SCALE-AU-L002__gW0680_gE1200_s0150,83,1070725304725,0.41938448601161393,1066681321959
linucb,CP-SCALE-AU-L002__gW0680_gE1200_s0150,83,1070725304725,0.2509777898926638,1069028547545
codex,CP-SCALE-AU-L002__gW1200_gE0340_s0150,67,1264982127074,0.2601773682010501,1262481618552
knn,CP-SCALE-AU-L002__gW1200_gE0340_s0150,67,1264982127074,0.25939227173152757,1263001398691
linucb,CP-SCALE-AU-L002__gW1200_gE0340_s0150,67,1264982127074,0.24104604347466185,1262881693890
codex,CP-SCALE-AU-L002__gW1200_gE0340_s0150,71,1264982127074,0.18843176776866466,1263693325176
knn,CP-SCALE-AU-L002__gW1200_gE0340_s0150,71,1264982127074,0.4070084596272359,1260953053347
linucb,CP-SCALE-AU-L002__gW1200_gE0340_s0150,71,1264982127074,0.2688375767524775,1263019326460
codex,CP-SCALE-AU-L002__gW1200_gE0340_s0150,73,1264982127074,0.1258250619457277,1264982127074
knn,CP-SCALE-AU-L002__gW1200_gE0340_s0150,73,1264982127074,0.1620901182107614,1264070783123
linucb,CP-SCALE-AU-L002__gW1200_gE0340_s0150,73,1264982127074,0.08812262135238039,1264963141355
codex,CP-SCALE-AU-L002__gW1200_gE0340_s0150,79,1264982127074,0.16295751302485809,1263968296254
knn,CP-SCALE-AU-L002__gW1200_gE0340_s0150,79,1264982127074,0.2600359581345972,1263030718970
linucb,CP-SCALE-AU-L002__gW1200_gE0340_s0150,79,1264982127074,0.13349581121108786,1264463131554
codex,CP-SCALE-AU-L002__gW1200_gE0340_s0150,83,1264982127074,0.2736892437801826,1263699721236
knn,CP-SCALE-AU-L002__gW1200_gE0340_s0150,83,1264982127074,0.2397915324510735,1262766151697
linucb,CP-SCALE-AU-L002__gW1200_gE0340_s0150,83,1264982127074,0.2988242484710733,1262531924865
codex,CP-SCALE-AU-L002__gW1200_gE0680_s0150,67,1068691440359,0.13935544993303836,1068512325458
knn,CP-SCALE-AU-L002__gW1200_gE0680_s0150,67,1068691440359,0.09962370369822277,1068202632746
linucb,CP-SCALE-AU-L002__gW1200_gE0680_s0150,67,1068691440359,0.1694138187073966,1067497302943
codex,CP-SCALE-AU-L002__gW1200_gE0680_s0150,71,1068691440359,0.15694857528667783,1068441512874
knn,CP-SCALE-AU-L002__gW1200_gE0680_s0150,71,1068691440359,0.08804475091924426,1068691440359
linucb,CP-SCALE-AU-L002__gW1200_gE0680_s0150,71,1068691440359,0.15841455052541842,1068353280014
codex,CP-SCALE-AU-L002__gW1200_gE0680_s0150,73,1068691440359,0.2849531996256124,1066488502255
knn,CP-SCALE-AU-L002__gW1200_gE0680_s0150,73,1068691440359,0.22199111896655926,1067006577547
linucb,CP-SCALE-AU-L002__gW1200_gE0680_s0150,73,1068691440359,0.1496818889039779,1067759990601
codex,CP-SCALE-AU-L002__gW1200_gE0680_s0150,79,1068691440359,0.19427132159914332,1067297623607
knn,CP-SCALE-AU-L002__gW1200_gE0680_s0150,79,1068691440359,0.12981963925780493,1068336260231
linucb,CP-SCALE-AU-L002__gW1200_gE0680_s0150,79,1068691440359,0.13975575922917538,1067762456045
codex,CP-SCALE-AU-L002__gW1200_gE0680_s0150,83,1068691440359,0.1190680441027591,1068544466134
knn,CP-SCALE-AU-L002__gW1200_gE0680_s0150,83,1068691440359,0.17468800424666314,1067626486841
linucb,CP-SCALE-AU-L002__gW1200_gE0680_s0150,83,1068691440359,0.16126402621734706,1067595458859
