kind,start_seconds,end_seconds,label
model_pending,20.078321751207113,34.02108050510287,call 1
http,20.08116928115487,33.0596707649529,call 1
model_pending,60.10397958010435,75.04636437445879,call 2
http,60.10672903433442,74.92832532525063,call 2
model_pending,100.12297970429063,112.17338081076741,call 3
http,100.12584371864796,111.65827295556664,call 3
native_action,4.980937711894512,5.983795490115881,v05_nonllm_adaptive
native_action,5.983819391578436,6.986112505197525,v05_nonllm_adaptive
native_action,6.9861429035663605,7.988607242703438,v05_nonllm_adaptive
native_action,7.988629929721355,8.990573730319738,v05_nonllm_adaptive
native_action,8.99059546366334,9.993610918521881,v05_nonllm_adaptive
native_action,9.993633471429348,10.997152969241142,v05_nonllm_adaptive
native_action,10.997173976153135,12.00214747339487,v05_nonllm_adaptive
native_action,12.002170249819756,13.005936212837696,v05_nonllm_adaptive
native_action,13.005958080291748,14.008831407874823,v05_nonllm_adaptive
native_action,14.008854281157255,15.012484688311815,v05_nonllm_adaptive
native_action,15.01250572130084,16.015847261995077,v05_nonllm_adaptive
native_action,16.015867345035076,17.018233932554722,v05_nonllm_adaptive
native_action,17.01825785264373,18.020487397909164,v05_nonllm_adaptive
native_action,18.020509108901024,19.02380007505417,v05_nonllm_adaptive
native_action,19.0238215662539,20.027040760964155,v05_nonllm_adaptive
native_action,20.08182516694069,20.9832566305995,v05_nonllm_adaptive
native_action,20.98328386992216,21.98567260801792,v05_nonllm_adaptive
native_action,21.98569431900978,22.98803774267435,v05_nonllm_adaptive
native_action,22.98805956542492,23.991652570664883,v05_nonllm_adaptive
native_action,23.99167439341545,24.993752874433994,v05_nonllm_adaptive
native_action,24.993775095790625,25.99736261740327,v05_nonllm_adaptive
native_action,25.997384194284678,27.000120636075735,v05_nonllm_adaptive
native_action,27.000142756849527,28.00286005064845,v05_nonllm_adaptive
native_action,28.002881281077862,29.00636912882328,v05_nonllm_adaptive
native_action,29.00639060139656,30.00937643647194,v05_nonllm_adaptive
native_action,30.009397573769093,31.012106735259295,v05_nonllm_adaptive
native_action,31.012127999216318,32.01553615927696,v05_nonllm_adaptive
native_action,32.015559051185846,33.01754071563482,v05_nonllm_adaptive
native_action,33.0175644941628,34.02105984091759,v05_nonllm_adaptive
native_action,34.034365367144346,35.03711147978902,directed_reseed
native_action,35.03884832933545,36.042306672781706,directed_reseed
native_action,36.04239034280181,37.045455638319254,directed_reseed
native_action,37.04553588107228,38.04888725653291,directed_reseed
native_action,38.048967119306326,39.05275551229715,directed_reseed
native_action,39.052836924791336,40.056545704603195,directed_reseed
native_action,40.05662900209427,41.05902112647891,directed_reseed
native_action,41.05910173431039,42.0361234433949,directed_reseed
native_action,42.036206766963005,43.03847663849592,spread
native_action,43.0384984947741,44.041488863527775,spread
native_action,44.041510071605444,45.04555802419782,spread
native_action,45.04558143019676,46.04846418648958,spread
native_action,46.04848541691899,47.05160067975521,spread
native_action,47.0516214184463,48.055664245039225,spread
native_action,48.05568481609225,49.05823531001806,spread
native_action,49.05825501307845,50.06149950250983,spread
native_action,50.061519142240286,51.06395668908954,spread
native_action,51.06397744640708,52.06786708533764,spread
native_action,52.06788870319724,53.070871256291866,spread
native_action,53.070892207324505,54.0748846642673,spread
native_action,54.07490488514304,55.07740407064557,spread
native_action,55.077424213290215,56.08196431398392,spread
native_action,56.081984754651785,57.08405699208379,spread
native_action,57.084076549857855,58.03961352258921,spread
native_action,58.039637856185436,59.04273181781173,spread
native_action,59.0427516810596,60.04491203278303,spread
native_action,60.10735495015979,61.11133869737387,spread
native_action,61.11136094480753,62.11394900083542,spread
native_action,62.11397003009915,63.11771212518215,spread
native_action,63.11773478984833,64.12142316997051,spread
native_action,64.12144534289837,65.1246309876442,spread
native_action,65.12465110048652,66.12743938714266,spread
native_action,66.12746072933078,67.1309476941824,spread
native_action,67.130969081074,68.13397550582886,spread
native_action,68.13399589806795,69.1376377530396,spread
native_action,69.13765809312463,70.14208560809493,spread
native_action,70.14210643619299,71.14448863640428,spread
native_action,71.1445085555315,72.14750462770462,spread
native_action,72.14752604067326,73.15045238286257,spread
native_action,73.15047303214669,74.04297400638461,spread
native_action,74.04299798607826,75.04634456709027,spread
native_action,75.05711501836777,76.06095796823502,spread
native_action,76.06098061800003,77.06572018191218,spread
native_action,77.06574242189527,78.07056366279721,spread
native_action,78.0705850534141,79.07347510755062,spread
native_action,79.07349593564868,80.07606700435281,spread
native_action,80.0760873220861,81.07894484698772,spread
native_action,81.07896541804075,82.08198057115078,spread
native_action,82.08200230449438,83.08561435341835,spread
native_action,83.08563609421253,84.08905562013388,spread
native_action,84.08907672017813,85.09308372810483,spread
native_action,85.0931035540998,86.09765881299973,spread
native_action,86.09767908975482,87.10664601624012,spread
native_action,87.10666740685701,88.1101303435862,spread
native_action,88.1101503111422,89.11490799486637,spread
native_action,89.11492896825075,90.11926337331533,spread
native_action,90.11928397789598,91.12383393198252,spread
native_action,91.12385447323322,92.12844070792198,spread
native_action,92.12846082821488,93.13127924501896,spread
native_action,93.13129980489612,94.13543617725372,spread
native_action,94.13545842468739,95.13921798020601,spread
native_action,95.1392394863069,96.14348217844963,spread
native_action,96.14350283890963,97.14602660015225,spread
native_action,97.14604783803225,98.15055870637298,spread
native_action,98.15057990700006,99.05957549065351,spread
native_action,99.0596003010869,100.0640233233571,spread
native_action,100.1265364959836,101.1312730461359,spread
native_action,101.13130367919803,102.13402386382222,spread
native_action,102.13404555618763,103.13824907317758,spread
native_action,103.1382716409862,104.14072745665908,spread
native_action,104.14074829593301,105.143863838166,spread
native_action,105.14388670027256,106.14767002686858,spread
native_action,106.1476911753416,107.1536527685821,spread
native_action,107.15368146076798,108.15709794312716,spread
native_action,108.15712003782392,109.16105968505144,spread
native_action,109.16108023002744,110.16575142741203,spread
native_action,110.16577227786183,111.17009706422687,spread
native_action,111.1701183244586,112.17336062341928,spread
native_action,112.18462083116174,113.1886411421001,spread
native_action,113.18866331502795,114.19103880599141,spread
native_action,114.19106101617217,115.19521544128656,spread
native_action,115.19523683935404,116.2021713219583,spread
native_action,116.20220264419913,117.20606329292059,spread
native_action,117.20608443021774,118.21262166276574,spread
native_action,118.21264964342117,119.21567494422197,spread
native_action,119.21569805592299,120.2183284573257,spread
native_action,120.21834923699498,121.22224720194936,spread
native_action,121.22226857021451,122.22593011334538,spread
native_action,122.22595284506679,123.2282707542181,spread
native_action,123.22829082235694,124.23150236904621,spread
native_action,124.23152334988117,125.23399244248867,spread
native_action,125.23401430249214,126.23737496882677,spread
native_action,126.23739651963115,127.23957934603095,spread
native_action,127.2396007142961,128.2444363757968,spread
native_action,128.24445681646466,129.24910958111286,spread
native_action,129.24913746118546,130.25352910533547,spread
native_action,130.25355155020952,131.25568287819624,spread
native_action,131.25570471212268,132.2594092488289,spread
native_action,132.25942983478308,133.26228618621826,spread
native_action,133.26230700686574,134.2657575532794,spread
native_action,134.26577784493566,135.27177123725414,spread
native_action,135.27179706469178,136.1887689754367,spread
native_action,136.18879360705614,137.19208781793714,spread
native_action,137.19210895895958,138.1968680843711,spread
native_action,138.19689005613327,139.2021470889449,spread
native_action,139.20217529684305,140.0,spread
plan_install,34.03345776721835,34.03345776721835,repair_s1_b1_antenna_spread
plan_install,75.05647884309292,75.05647884309292,spread
plan_install,112.18386823683977,112.18386823683977,spread
