comparator,wall_seconds,reference_gap_threshold_pct,on_attained,off_attained,positions,on_minus_off_percentage_points
knn,20,0.0,0,0,40,0.0
knn,40,0.0,0,0,40,0.0
knn,60,0.0,0,0,40,0.0
knn,90,0.0,0,0,40,0.0
knn,120,0.0,0,0,40,0.0
knn,180,0.0,0,0,40,0.0
knn,240,0.0,0,0,40,0.0
knn,360,0.0,0,0,40,0.0
knn,480,0.0,0,0,40,0.0
knn,600,0.0,0,0,40,0.0
knn,720,0.0,1,0,40,2.5
knn,900,0.0,3,3,40,0.0
knn,20,0.05,0,0,40,0.0
knn,40,0.05,0,0,40,0.0
knn,60,0.05,0,0,40,0.0
knn,90,0.05,0,0,40,0.0
knn,120,0.05,0,0,40,0.0
knn,180,0.05,0,0,40,0.0
knn,240,0.05,0,0,40,0.0
knn,360,0.05,0,1,40,-2.5
knn,480,0.05,1,1,40,0.0
knn,600,0.05,8,3,40,12.5
knn,720,0.05,9,5,40,10.0
knn,900,0.05,10,6,40,10.0
knn,20,0.1,0,0,40,0.0
knn,40,0.1,0,0,40,0.0
knn,60,0.1,0,0,40,0.0
knn,90,0.1,0,0,40,0.0
knn,120,0.1,0,0,40,0.0
knn,180,0.1,0,1,40,-2.5
knn,240,0.1,2,1,40,2.5
knn,360,0.1,2,4,40,-5.0
knn,480,0.1,5,6,40,-2.5
knn,600,0.1,12,6,40,15.0
knn,720,0.1,16,10,40,15.0
knn,900,0.1,17,12,40,12.5
knn,20,0.15,0,0,40,0.0
knn,40,0.15,0,0,40,0.0
knn,60,0.15,0,0,40,0.0
knn,90,0.15,0,0,40,0.0
knn,120,0.15,0,1,40,-2.5
knn,180,0.15,2,2,40,0.0
knn,240,0.15,4,5,40,-2.5
knn,360,0.15,10,10,40,0.0
knn,480,0.15,14,17,40,-7.5
knn,600,0.15,22,19,40,7.5
knn,720,0.15,23,21,40,5.0
knn,900,0.15,27,23,40,10.0
knn,20,0.2,0,0,40,0.0
knn,40,0.2,0,0,40,0.0
knn,60,0.2,0,0,40,0.0
knn,90,0.2,1,0,40,2.5
knn,120,0.2,1,7,40,-15.0
knn,180,0.2,3,10,40,-17.5
knn,240,0.2,7,14,40,-17.5
knn,360,0.2,16,22,40,-15.0
knn,480,0.2,24,22,40,5.0
knn,600,0.2,28,27,40,2.5
knn,720,0.2,30,30,40,0.0
knn,900,0.2,33,31,40,5.0
knn,20,0.3,0,0,40,0.0
knn,40,0.3,1,1,40,0.0
knn,60,0.3,2,2,40,0.0
knn,90,0.3,9,8,40,2.5
knn,120,0.3,10,18,40,-20.0
knn,180,0.3,22,24,40,-5.0
knn,240,0.3,25,27,40,-5.0
knn,360,0.3,32,30,40,5.0
knn,480,0.3,34,31,40,7.5
knn,600,0.3,36,33,40,7.5
knn,720,0.3,36,35,40,2.5
knn,900,0.3,37,36,40,2.5
knn,20,0.4,2,1,40,2.5
knn,40,0.4,6,4,40,5.0
knn,60,0.4,11,12,40,-2.5
knn,90,0.4,22,19,40,7.5
knn,120,0.4,25,30,40,-12.5
knn,180,0.4,28,32,40,-10.0
knn,240,0.4,34,36,40,-5.0
knn,360,0.4,37,37,40,0.0
knn,480,0.4,37,38,40,-2.5
knn,600,0.4,37,38,40,-2.5
knn,720,0.4,38,39,40,-2.5
knn,900,0.4,38,39,40,-2.5
knn,20,0.6,13,11,40,5.0
knn,40,0.6,18,20,40,-5.0
knn,60,0.6,30,27,40,7.5
knn,90,0.6,36,34,40,5.0
knn,120,0.6,38,39,40,-2.5
knn,180,0.6,39,39,40,0.0
knn,240,0.6,39,39,40,0.0
knn,360,0.6,40,40,40,0.0
knn,480,0.6,40,40,40,0.0
knn,600,0.6,40,40,40,0.0
knn,720,0.6,40,40,40,0.0
knn,900,0.6,40,40,40,0.0
knn,20,1.0,34,31,40,7.5
knn,40,1.0,36,39,40,-7.5
knn,60,1.0,40,39,40,2.5
knn,90,1.0,40,40,40,0.0
knn,120,1.0,40,40,40,0.0
knn,180,1.0,40,40,40,0.0
knn,240,1.0,40,40,40,0.0
knn,360,1.0,40,40,40,0.0
knn,480,1.0,40,40,40,0.0
knn,600,1.0,40,40,40,0.0
knn,720,1.0,40,40,40,0.0
knn,900,1.0,40,40,40,0.0
linucb,20,0.0,0,0,40,0.0
linucb,40,0.0,0,0,40,0.0
linucb,60,0.0,0,0,40,0.0
linucb,90,0.0,0,0,40,0.0
linucb,120,0.0,0,0,40,0.0
linucb,180,0.0,0,0,40,0.0
linucb,240,0.0,0,0,40,0.0
linucb,360,0.0,0,0,40,0.0
linucb,480,0.0,0,0,40,0.0
linucb,600,0.0,0,0,40,0.0
linucb,720,0.0,1,0,40,2.5
linucb,900,0.0,3,2,40,2.5
linucb,20,0.05,0,0,40,0.0
linucb,40,0.05,0,0,40,0.0
linucb,60,0.05,0,0,40,0.0
linucb,90,0.05,0,0,40,0.0
linucb,120,0.05,0,0,40,0.0
linucb,180,0.05,0,0,40,0.0
linucb,240,0.05,0,0,40,0.0
linucb,360,0.05,0,1,40,-2.5
linucb,480,0.05,1,4,40,-7.5
linucb,600,0.05,8,5,40,7.5
linucb,720,0.05,9,5,40,10.0
linucb,900,0.05,10,6,40,10.0
linucb,20,0.1,0,0,40,0.0
linucb,40,0.1,0,0,40,0.0
linucb,60,0.1,0,0,40,0.0
linucb,90,0.1,0,0,40,0.0
linucb,120,0.1,0,0,40,0.0
linucb,180,0.1,0,0,40,0.0
linucb,240,0.1,2,1,40,2.5
linucb,360,0.1,2,4,40,-5.0
linucb,480,0.1,5,7,40,-5.0
linucb,600,0.1,12,9,40,7.5
linucb,720,0.1,16,10,40,15.0
linucb,900,0.1,17,16,40,2.5
linucb,20,0.15,0,0,40,0.0
linucb,40,0.15,0,0,40,0.0
linucb,60,0.15,0,0,40,0.0
linucb,90,0.15,0,0,40,0.0
linucb,120,0.15,0,0,40,0.0
linucb,180,0.15,2,0,40,5.0
linucb,240,0.15,4,3,40,2.5
linucb,360,0.15,10,18,40,-20.0
linucb,480,0.15,14,19,40,-12.5
linucb,600,0.15,22,21,40,2.5
linucb,720,0.15,23,22,40,2.5
linucb,900,0.15,27,22,40,12.5
linucb,20,0.2,0,0,40,0.0
linucb,40,0.2,0,0,40,0.0
linucb,60,0.2,0,0,40,0.0
linucb,90,0.2,1,0,40,2.5
linucb,120,0.2,1,2,40,-2.5
linucb,180,0.2,3,5,40,-5.0
linucb,240,0.2,7,6,40,2.5
linucb,360,0.2,16,23,40,-17.5
linucb,480,0.2,24,26,40,-5.0
linucb,600,0.2,28,29,40,-2.5
linucb,720,0.2,30,30,40,0.0
linucb,900,0.2,33,31,40,5.0
linucb,20,0.3,0,0,40,0.0
linucb,40,0.3,1,0,40,2.5
linucb,60,0.3,2,4,40,-5.0
linucb,90,0.3,9,9,40,0.0
linucb,120,0.3,10,11,40,-2.5
linucb,180,0.3,22,16,40,15.0
linucb,240,0.3,25,28,40,-7.5
linucb,360,0.3,32,31,40,2.5
linucb,480,0.3,34,34,40,0.0
linucb,600,0.3,36,35,40,2.5
linucb,720,0.3,36,35,40,2.5
linucb,900,0.3,37,35,40,5.0
linucb,20,0.4,2,0,40,5.0
linucb,40,0.4,6,5,40,2.5
linucb,60,0.4,11,11,40,0.0
linucb,90,0.4,22,17,40,12.5
linucb,120,0.4,25,22,40,7.5
linucb,180,0.4,28,31,40,-7.5
linucb,240,0.4,34,35,40,-2.5
linucb,360,0.4,37,36,40,2.5
linucb,480,0.4,37,36,40,2.5
linucb,600,0.4,37,36,40,2.5
linucb,720,0.4,38,36,40,5.0
linucb,900,0.4,38,36,40,5.0
linucb,20,0.6,13,11,40,5.0
linucb,40,0.6,18,21,40,-7.5
linucb,60,0.6,30,29,40,2.5
linucb,90,0.6,36,33,40,7.5
linucb,120,0.6,38,35,40,7.5
linucb,180,0.6,39,37,40,5.0
linucb,240,0.6,39,38,40,2.5
linucb,360,0.6,40,38,40,5.0
linucb,480,0.6,40,39,40,2.5
linucb,600,0.6,40,40,40,0.0
linucb,720,0.6,40,40,40,0.0
linucb,900,0.6,40,40,40,0.0
linucb,20,1.0,34,32,40,5.0
linucb,40,1.0,36,37,40,-2.5
linucb,60,1.0,40,39,40,2.5
linucb,90,1.0,40,40,40,0.0
linucb,120,1.0,40,40,40,0.0
linucb,180,1.0,40,40,40,0.0
linucb,240,1.0,40,40,40,0.0
linucb,360,1.0,40,40,40,0.0
linucb,480,1.0,40,40,40,0.0
linucb,600,1.0,40,40,40,0.0
linucb,720,1.0,40,40,40,0.0
linucb,900,1.0,40,40,40,0.0
