tau_seconds,events,runs,mean_incumbent_delta_contact_seconds,mean_trajectory_delta_contact_seconds,mean_diversity_pct
-10,401,40,-120.75584736307582,-193.42377177066467,62.56521033028777
-5,401,40,-53.79342981771673,-88.83873251106046,62.57617957736014
0,401,40,0.0,0.0,62.60796742769037
1,401,40,0.0,0.0,62.60796742769037
5,401,40,30.29165570159646,-2417.630815142205,92.78372448962149
8,401,40,53.73025260591034,-1840.9708062189386,92.79581815595516
12,401,40,118.38508008201258,-1087.117992473402,80.69489201123876
16,401,40,160.23366988490108,-843.3163466599261,80.72689005170524
24,401,40,226.82284076499286,-512.5126000625343,80.76675348133116
30,400,40,274.09100677817105,-345.8082278855156,80.8553965186064
