arm,graph_id,seed,host_port,partition,screen_position,value_ticks,contact_seconds,decisions,native_epochs,result_sha256,event_sha256,transfer_manifest_sha256
siu_off,CP-SCALE-AU-L002__g0340,67,15713,0,True,1623103611353,1623103.611353,1,896,1e69533e88be7e5d262e20d034ab6787b890f81c13a58d639e275fd85bbe9c1f,8c1c918b90a8c27bc5f9ee77317b48c39c65db1e37e22b7e3f0749f03a2b9dcf,906a9e40e6f16f69f8a75a9548f4f3309e7ff73444e3cff05c4b66c6a8aabac0
siu_off,CP-SCALE-AU-L002__g0340,71,38773,1,True,1621532631470,1621532.63147,1,894,0c16054a5a9c1a471b7e4a6c32a3e88d66c35c394f500f2d5ce5824ccfff4186,d3ca64df640d2e0f3646747bdf348145043b88474f58c1d22a1d250b824fa611,9389733578438b0528e122d643527751438b0daaebbb405dc998f8215ce2aeea
siu_off,CP-SCALE-AU-L002__g0340,73,15713,0,True,1623716809445,1623716.809445,1,896,626f97161b064ba9c1fd4db92c2d9ca3d8339208865bc1cdd5a4d68f44fad785,ab82a12e095179d9ddd3b4d25603a91caa136c4799815f362d4df534a2d70432,906a9e40e6f16f69f8a75a9548f4f3309e7ff73444e3cff05c4b66c6a8aabac0
siu_off,CP-SCALE-AU-L002__g0340,79,38773,1,False,1624588827728,1624588.827728,1,895,bbff88e3a2bcde446f11811d834dc1cc122b14f15cacff7ab25080c1b8deee8b,b3f73c465c2a054c054aa7ffc385f944b5dc9f5c175377a9cac0d9dc995bb6e4,9389733578438b0528e122d643527751438b0daaebbb405dc998f8215ce2aeea
siu_off,CP-SCALE-AU-L002__g0340,83,15713,0,False,1623723344535,1623723.344535,1,896,431eab3b843e2a79ccbb3cf084449b187ecd66b5cd87153d0c49cc3cbaf70815,9f1784d1ba1e837d25b160a53371e9fded80f0485c2c026317e18f83aa16bd7f,906a9e40e6f16f69f8a75a9548f4f3309e7ff73444e3cff05c4b66c6a8aabac0
siu_off,CP-SCALE-AU-L002__g0680,67,38773,1,False,1247428161225,1247428.161225,1,894,b29e7933484334098c308a7f2f2038ea59b75a990f09f132484b0fb427316b95,c92279a48d600ed4fb017a737da91170c65a4d3efe4b79823d703528581f897a,9389733578438b0528e122d643527751438b0daaebbb405dc998f8215ce2aeea
siu_off,CP-SCALE-AU-L002__g0680,71,15713,0,False,1247023277312,1247023.277312,1,895,3d8deaab772fd6f5e9cdff3adf9364796d3eee151d7b62b9a5bd37f88e3d13c9,d4270d07ebb5d3fc3b0e400b1dfa0b35e76b23ad148c0c5e6eaa34632ef71ecb,906a9e40e6f16f69f8a75a9548f4f3309e7ff73444e3cff05c4b66c6a8aabac0
siu_off,CP-SCALE-AU-L002__g0680,73,38773,1,False,1247424403098,1247424.403098,1,893,34b3d3cfd25ca10c5755d6a02a76d840c51dfbbb16b6ecba687693610ce691d3,e6c5f55bbbf717dfb475f3cf98c5dd2ce0aa0064afc7c3de61bc20909e58e710,9389733578438b0528e122d643527751438b0daaebbb405dc998f8215ce2aeea
siu_off,CP-SCALE-AU-L002__g0680,79,15713,0,False,1247513103914,1247513.103914,1,895,cd0a47dcf621c3976976bf3a3c739e391238990e85aa6e3a63534a3e540321ec,ab411e893fbdac1642cc824f78b0b0242b19e2ae881472309835afcdb391e209,906a9e40e6f16f69f8a75a9548f4f3309e7ff73444e3cff05c4b66c6a8aabac0
siu_off,CP-SCALE-AU-L002__g0680,83,38773,1,False,1246028258972,1246028.258972,1,893,d8548eed4474598ac8f964039a8d79e88d0fb1d11044ff2b549d76825f85d7b8,2fb0c629aaa58952c0be15534e4842591160703142cebcdb961eceb4fd5f7a01,9389733578438b0528e122d643527751438b0daaebbb405dc998f8215ce2aeea
siu_off,CP-SCALE-AU-L002__g1200,67,38773,1,False,879238101413,879238.101413,1,892,90058d32dee5f549d04fe50cabc1aeab58fc87ae0ce1be58be5ca0b5704ee853,88748d22e79787d9f3d6d3989485a3c9015285981d9535fe9d3137663f7a7840,9389733578438b0528e122d643527751438b0daaebbb405dc998f8215ce2aeea
siu_off,CP-SCALE-AU-L002__g1200,71,15713,0,False,878889040379,878889.040379,1,894,848e4ac0e31f647e22782b3952fede32de441923117a02579b49a10b64fc1c74,3b4fee5b708c16e66bd76cf1edcdd7cce0e60640d60d7f6be3115baf23e7de7c,906a9e40e6f16f69f8a75a9548f4f3309e7ff73444e3cff05c4b66c6a8aabac0
siu_off,CP-SCALE-AU-L002__g1200,73,38773,1,False,880042071368,880042.071368,1,892,df9bdae04c0b38435a66cf7959eb1927661c9c743a1c6b7b5d0ecf6ff12840a0,546c33ec22f7d508ea689fc291888eec315f17016e1962ec57c89c394d77f08c,9389733578438b0528e122d643527751438b0daaebbb405dc998f8215ce2aeea
siu_off,CP-SCALE-AU-L002__g1200,79,15713,0,False,880757522849,880757.522849,1,894,1ba4c0894cf9ad46eacff565fbc5acdd35b7eeb7736d485bd1955ee00fbc5a32,70f7575e0a891cbd7a339872ecfa7c5a5766b019a11c5ce1e6e2c6c034945583,906a9e40e6f16f69f8a75a9548f4f3309e7ff73444e3cff05c4b66c6a8aabac0
siu_off,CP-SCALE-AU-L002__g1200,83,38773,1,False,878735988844,878735.988844,1,893,0ce4df017ca1973ad583692c193cd333670d5aa9829a1b47c519ac3101257734,49483adf58e66f3d64eeb76c843be1be06adac25fcdeb9d638cc6f2704afba0e,9389733578438b0528e122d643527751438b0daaebbb405dc998f8215ce2aeea
siu_off,CP-SCALE-AU-L002__g1800,67,15713,0,True,680696697575,680696.697575,1,893,6f87a4e705d49612805a3589f7244d4397b8840617f33265c0d983465c0d8f8c,89439e8c01e8ff3698e3394e7d615f1f3f359240632f86da38f28978913a999d,906a9e40e6f16f69f8a75a9548f4f3309e7ff73444e3cff05c4b66c6a8aabac0
siu_off,CP-SCALE-AU-L002__g1800,71,15713,0,True,681344728341,681344.728341,1,893,1fe9956bb9936da59e60e7fbbb753c118080e20e589c70e3cb518ede37f5668b,2e4e584bb7f15b0bff2f935770c1ff32a99850e5133640e27ec1a549dabe8e1d,906a9e40e6f16f69f8a75a9548f4f3309e7ff73444e3cff05c4b66c6a8aabac0
siu_off,CP-SCALE-AU-L002__g1800,73,38773,1,True,678887721635,678887.721635,1,890,8580ede94f572f768c77c531d0e142108db403ae2554103b5d18430c2b7a9448,ffa401043e7fe55aa49820d6d2813a6c15d62c95e753848710bc77d0bd85c71e,9389733578438b0528e122d643527751438b0daaebbb405dc998f8215ce2aeea
siu_off,CP-SCALE-AU-L002__g1800,79,15713,0,False,678779499264,678779.499264,1,892,490b8b34271c3e69ba09f7ada81b3d49caa8553880715bdac5555b759338aa29,941c58047034ae841af8d400b8906936703553489698c65c957b1a34e87a94a8,906a9e40e6f16f69f8a75a9548f4f3309e7ff73444e3cff05c4b66c6a8aabac0
siu_off,CP-SCALE-AU-L002__g1800,83,38773,1,False,680943202503,680943.202503,1,891,f3cc03115796e8b46150c07fb0a5a399193979b67de3e283acfff1c16c65d902,342223203e21f4ccfa388bfafe090b8054cdb309631d391138f0cda78a5bd44a,9389733578438b0528e122d643527751438b0daaebbb405dc998f8215ce2aeea
siu_off,CP-SCALE-AU-L002__gW0340_gE1200_s0150,67,15713,0,True,1258342771083,1258342.771083,1,895,3f33d96e7740a35371f013d5c2e80356ddbc51c959f4848e6d0a3676acc8b551,eef9fbfa609a365ddef3ce9a4de5383a23bad554338b6c762070fa1639c07b15,906a9e40e6f16f69f8a75a9548f4f3309e7ff73444e3cff05c4b66c6a8aabac0
siu_off,CP-SCALE-AU-L002__gW0340_gE1200_s0150,71,38773,1,True,1258889413687,1258889.413687,1,892,3335cc6c6803add903a3966482c339bff8dd7152776b3e4e81fe2ea69bb229c5,267d6c3da5cd75a634c1e7be4a0ea99bc9a922df19b71dc6be7f5dd24382dc20,9389733578438b0528e122d643527751438b0daaebbb405dc998f8215ce2aeea
siu_off,CP-SCALE-AU-L002__gW0340_gE1200_s0150,73,38773,1,True,1259752767419,1259752.767419,1,893,368e1e5b531a9092afcc1b67b943c22264055b4c28b2ee3db5af5d3d8b69b055,2f0449fa9cba83b6378821770b766ca360a347cd1accb06f3100f2765d41ecc3,9389733578438b0528e122d643527751438b0daaebbb405dc998f8215ce2aeea
siu_off,CP-SCALE-AU-L002__gW0340_gE1200_s0150,79,15713,0,False,1256703304771,1256703.304771,1,895,589f974abc8b1c8a615fa58aa9af390b9421f238287e5c884f0b946e8849c64b,61067c5dc8413be4845a375eefa25c54e4a0f7aee407034b4ec683527a1d4581,906a9e40e6f16f69f8a75a9548f4f3309e7ff73444e3cff05c4b66c6a8aabac0
siu_off,CP-SCALE-AU-L002__gW0340_gE1200_s0150,83,15713,0,False,1256500198697,1256500.198697,1,895,4eb0aaa69b1ae7fa8ed94a9c61d1bb858050c67679a96f47d196866a0d28738a,2c7d96652c98ef8cfff97eb0fd79c14134e2318b05879592a408341e3aaf08ab,906a9e40e6f16f69f8a75a9548f4f3309e7ff73444e3cff05c4b66c6a8aabac0
siu_off,CP-SCALE-AU-L002__gW0680_gE1200_s0150,67,38773,1,False,1063838617515,1063838.617515,1,893,c8672bda0736f15d3238a61e9c5013a1be7f15b37ea710df0645df7f85611ef3,826f347b3ccaa0ec15d8009e14d697f388f80e38e51af8847d4b56f1ee2c9236,9389733578438b0528e122d643527751438b0daaebbb405dc998f8215ce2aeea
siu_off,CP-SCALE-AU-L002__gW0680_gE1200_s0150,71,38773,1,False,1064114920366,1064114.920366,1,893,d7a8bca5d743ee26ae8f288842ee76d5bb9383b4504d3759a5e24580432b4816,bee6adc5f050526e7913e2e81d1d40edd1105705e06afb4210aa22a563d3d042,9389733578438b0528e122d643527751438b0daaebbb405dc998f8215ce2aeea
siu_off,CP-SCALE-AU-L002__gW0680_gE1200_s0150,73,38773,1,False,1065282880114,1065282.880114,1,893,fe3a5386080b8ec8d210c1aa63683f14a1379a3b6b1bd38a3e4114ec99474438,2c8d76c0556f51c70828d64b1360ddc76a1ef936674e69ca44b374f1a26558b9,9389733578438b0528e122d643527751438b0daaebbb405dc998f8215ce2aeea
siu_off,CP-SCALE-AU-L002__gW0680_gE1200_s0150,79,15713,0,False,1063997415294,1063997.415294,1,895,a9009b4aa1cf99119b00a99da795dde2f85d1663a7aa641b3f636b55154a603c,884df0c34ececc71146358d6c35f4756f9b525b7a81cbdfc2dd3506aa71f293b,906a9e40e6f16f69f8a75a9548f4f3309e7ff73444e3cff05c4b66c6a8aabac0
siu_off,CP-SCALE-AU-L002__gW0680_gE1200_s0150,83,38773,1,False,1064724694901,1064724.694901,1,893,cb038575a1ad7d311f2eec0bf24010148b16f85d20a8d32e326bc0474f79d1e8,12b3eb77f72409ca77286dd16a8db23e8bf18b7d395a6922c1f5ba144d21a311,9389733578438b0528e122d643527751438b0daaebbb405dc998f8215ce2aeea
siu_off,CP-SCALE-AU-L002__gW1200_gE0340_s0150,67,15713,0,True,1259035234577,1259035.234577,1,895,9e66b9481ff236c89e2970980ccde112dd13302a93c8167e641ae12b38cab5a7,e615cd95946ab486f436e7f5028ef17e0fef6ab9ff41f08f4bf4ca1a60195ac7,906a9e40e6f16f69f8a75a9548f4f3309e7ff73444e3cff05c4b66c6a8aabac0
siu_off,CP-SCALE-AU-L002__gW1200_gE0340_s0150,71,38773,1,True,1256869107343,1256869.107343,1,893,aaa21223ca0caf885876859e7bf84c4443dde8e1c04a6a0c52ada6b715349319,fcaaaec1f04dccd645c7e36e73035e6f939fa03517e55f9779989adf7f0bd410,9389733578438b0528e122d643527751438b0daaebbb405dc998f8215ce2aeea
siu_off,CP-SCALE-AU-L002__gW1200_gE0340_s0150,73,38773,1,True,1261891302868,1261891.302868,1,894,9591e582ff92e87fd9e851dd5c58e43b32bcf08a2e484296e0f6a9a19e7b29b8,d4c795ea8e52dc338150d511d9e8e261dc1f921e4ccfc2d4b09b5f341b66cf6d,9389733578438b0528e122d643527751438b0daaebbb405dc998f8215ce2aeea
siu_off,CP-SCALE-AU-L002__gW1200_gE0340_s0150,79,38773,1,False,1258334330651,1258334.330651,1,894,2396ddd51d0816445e1f869eabec0c035bd1fcf72b861415ddda0092f2941fcd,a55f7ca56398669e0893486d4abc42ae5d97b4e6e5db38d4ecebbf93ee83f7b3,9389733578438b0528e122d643527751438b0daaebbb405dc998f8215ce2aeea
siu_off,CP-SCALE-AU-L002__gW1200_gE0340_s0150,83,38773,1,False,1256808017594,1256808.017594,1,894,582095250c6629992954d2c4f6d7f3fcc11891dded60ff3721c19f08aa5c8040,c49e5658c37ba14387a0a61610183ae9e0a8da463eb08a12d3f5b040790a348e,9389733578438b0528e122d643527751438b0daaebbb405dc998f8215ce2aeea
siu_off,CP-SCALE-AU-L002__gW1200_gE0680_s0150,67,15713,0,False,1063826710974,1063826.710974,1,895,55cc309df4d554ca835d05c39a2442eb9fd28c627502365df0ba57813fc139fe,c421558b758a79e3ab29ac8274b4187b22f2bb23a5d23a4ceff702f2de525546,906a9e40e6f16f69f8a75a9548f4f3309e7ff73444e3cff05c4b66c6a8aabac0
siu_off,CP-SCALE-AU-L002__gW1200_gE0680_s0150,71,15713,0,False,1063780132777,1063780.132777,1,895,2c0580a1385dec498888ca41154bf2f1e64c5a2fb4b045c28d0938144a0d0634,9a663693104893f8c55f2fb8f9a88693e1000f6ee7a2ee21b603afe648da3da9,906a9e40e6f16f69f8a75a9548f4f3309e7ff73444e3cff05c4b66c6a8aabac0
siu_off,CP-SCALE-AU-L002__gW1200_gE0680_s0150,73,15713,0,False,1064111136646,1064111.136646,1,895,a8d9e160e1139954fa9e3f2fb11bba11d408fafc0154fddc877237a8f35588a9,ba0069a803092a3a4cdd0a9ed918d26e8ffbfb8bf70368f33a05534f673131c1,906a9e40e6f16f69f8a75a9548f4f3309e7ff73444e3cff05c4b66c6a8aabac0
siu_off,CP-SCALE-AU-L002__gW1200_gE0680_s0150,79,15713,0,False,1063764251830,1063764.25183,1,895,0b67b81888a2975224ee7641b553e7b66191cf69dab74bd64f4559cf468d47b3,13f6bad77af26f8f3986f9fef638d656d7124e4c77e29dd555e74de11347aa66,906a9e40e6f16f69f8a75a9548f4f3309e7ff73444e3cff05c4b66c6a8aabac0
siu_off,CP-SCALE-AU-L002__gW1200_gE0680_s0150,83,15713,0,False,1065157274846,1065157.274846,1,895,28cde44df27ac28c701a9b4a30a09afcb3f6e62abdfdba89c596cd5b4ae6a494,8d5c2e71862483444580be889a7c274b009f2597bea38d586e6296e5bbc31e66,906a9e40e6f16f69f8a75a9548f4f3309e7ff73444e3cff05c4b66c6a8aabac0
fixed_spread,CP-SCALE-AU-L002__g0340,67,15713,0,True,1624631717972,1624631.717972,22,892,edb59669f9c4282731ddc30fac5993c76cf6f501ff150bfed1c6bca01b094a32,4ffabf14b6831c0f1931fb082ecc342bc1b2394afd0b1680a21633c0dfd2e7ae,4cff1494134394e12b8020fdfd9537bf9a8fcfadd91924c9fbee78adf7007e20
fixed_spread,CP-SCALE-AU-L002__g0340,71,38773,1,True,1626132913550,1626132.91355,22,891,d4e6af0c266f85cc78e342ee8b95b695b955a6374c45acb36358b6f62b941019,f025753bcce10bc359e84b221b45603f23a29d2db2f927a9246513ab676589a8,14aeed66f42870aeb71a9b150c1ce14a03f5db1ea309330f9cfcaf09045ab8d0
fixed_spread,CP-SCALE-AU-L002__g0340,73,15713,0,True,1625003600484,1625003.600484,22,894,88119fbbb42b25bd5d05a4d610603c755b6074a6cedcc72550529fc06ff3119e,dc9095be360735c14e0ff5768c3e011fadba33be67e2bfc1d04b97d9bde43414,4cff1494134394e12b8020fdfd9537bf9a8fcfadd91924c9fbee78adf7007e20
fixed_spread,CP-SCALE-AU-L002__g0340,79,38773,1,False,1626215534461,1626215.534461,22,892,5e5c4092ad92e84ca980b65a1afddbb7e6d876395411a5700e57e9df9c93f4d2,e1814b21848db32889b4c508102b14569c259f74f2be4a20364ba68f7959906b,14aeed66f42870aeb71a9b150c1ce14a03f5db1ea309330f9cfcaf09045ab8d0
fixed_spread,CP-SCALE-AU-L002__g0340,83,15713,0,False,1625561005701,1625561.005701,22,894,ef53d09dff16a46a35d05d56b47f1b42d5edfbbece86e82e7299629669d4f220,e9d5fc0b16c0bc0483bbddf2d4bafd92fba2644be3afa80d51254707952ee3dc,4cff1494134394e12b8020fdfd9537bf9a8fcfadd91924c9fbee78adf7007e20
fixed_spread,CP-SCALE-AU-L002__g0680,67,38773,1,False,1249474363746,1249474.363746,22,891,79b496862f86861ca383e157a141c9b389a78727c2bf00b4b37f3eb8800399ce,66a13c56ec27663b4a0f4b925432de7a94a588d4b1230eaed0bc91328d2f332f,14aeed66f42870aeb71a9b150c1ce14a03f5db1ea309330f9cfcaf09045ab8d0
fixed_spread,CP-SCALE-AU-L002__g0680,71,15713,0,False,1249291327884,1249291.327884,22,894,57cc38c07dec649b410cc40105b99991f88268a8d217f1a984cdf51d84627c85,f487ed3a01ebe7c8c60351175f02b27d413c3581881cdc9232a490e4f1482a25,4cff1494134394e12b8020fdfd9537bf9a8fcfadd91924c9fbee78adf7007e20
fixed_spread,CP-SCALE-AU-L002__g0680,73,38773,1,False,1249487205238,1249487.205238,22,892,07f109b1a790f03124af0a37ff2335bf4226b23c48f43fe5a7849041a6aabcee,0f16a5e9a081254920adf156c16d7a4fbeacc73bbe9033abae36b0a9a20d8e17,14aeed66f42870aeb71a9b150c1ce14a03f5db1ea309330f9cfcaf09045ab8d0
fixed_spread,CP-SCALE-AU-L002__g0680,79,15713,0,False,1248850909388,1248850.909388,22,894,fcd1d39f9c9ecc8b5a7d073c1055ff0744ad5937496bfbb0bb1df54ac11e2b75,c6e6e550af017db36505f09613650420d721decdf6091af171e9a861b54a7602,4cff1494134394e12b8020fdfd9537bf9a8fcfadd91924c9fbee78adf7007e20
fixed_spread,CP-SCALE-AU-L002__g0680,83,38773,1,False,1249512803239,1249512.803239,22,892,90991577963d1338e0229e0623033176466688ea6cb6e3c75bd83a9eeaaae133,ac32d8fe53ad5e3629b70bb4733c2a047e19cbfb37eaba6f5cdb1e8dfb370d51,14aeed66f42870aeb71a9b150c1ce14a03f5db1ea309330f9cfcaf09045ab8d0
fixed_spread,CP-SCALE-AU-L002__g1200,67,38773,1,False,883231989307,883231.989307,22,890,cf3ceb9df54d46a163648e7db56a4aafff9c52e2d91feb85c9f2e5c67a6f3013,647c3576898f8ea57a254da661cc7622d867765e2a97c118fcd0d1c0fe7b4043,14aeed66f42870aeb71a9b150c1ce14a03f5db1ea309330f9cfcaf09045ab8d0
fixed_spread,CP-SCALE-AU-L002__g1200,71,15713,0,False,884713112779,884713.112779,22,892,4f6043508e15822210340cba0d9d6bcdacca7742c09c13e3c96993afaf0a6cec,7539f0413119bbfb0f57cec649615ed972962f28d5bf5be9c9b0effaccfc5f48,4cff1494134394e12b8020fdfd9537bf9a8fcfadd91924c9fbee78adf7007e20
fixed_spread,CP-SCALE-AU-L002__g1200,73,38773,1,False,885673866903,885673.866903,22,890,dec6a23ea0568971d1f93f54f039a52f619dfa5a5ab361dbd543e4df9a0e1925,ef24ec653c70927f8f33819dbe4c9e4a69ba82703749cd21b4db0f93592c9570,14aeed66f42870aeb71a9b150c1ce14a03f5db1ea309330f9cfcaf09045ab8d0
fixed_spread,CP-SCALE-AU-L002__g1200,79,15713,0,False,884864597129,884864.597129,22,892,fd6ff0b7cb72e989ef05dc85c1b28c2cf1e304f594f616ceafdbd27677f167c3,96e91b0030824753c1f4d509d12a36a11a90392f85969039a9fa08b6668f36cf,4cff1494134394e12b8020fdfd9537bf9a8fcfadd91924c9fbee78adf7007e20
fixed_spread,CP-SCALE-AU-L002__g1200,83,38773,1,False,882367378042,882367.378042,22,891,c6020fd70271045166be2d622091ce84a907b7c35d52693298855db307b1da9c,525beef14535ad01ea48fae95489628fcb349c2d310a8d5f702342418747a9ee,14aeed66f42870aeb71a9b150c1ce14a03f5db1ea309330f9cfcaf09045ab8d0
fixed_spread,CP-SCALE-AU-L002__g1800,67,15713,0,True,683183383199,683183.383199,22,891,6bee11248c2117024f9950e71824f3dff57f0f4aa801333d8b48adbbfcbfeecd,67c7a8be3a94b868b60ac4bc3aa2e141bdc1a63970375f93a2b87ccfb0a2754b,4cff1494134394e12b8020fdfd9537bf9a8fcfadd91924c9fbee78adf7007e20
fixed_spread,CP-SCALE-AU-L002__g1800,71,15713,0,True,683816341211,683816.341211,22,891,b5df64bf22d9a675f725cbc375005576b43cce65c1bfac58f7352993e7b3d023,f53aed1514d5087765cc821b1be4f9479bb91e61f49d1194e991bae733664d3b,4cff1494134394e12b8020fdfd9537bf9a8fcfadd91924c9fbee78adf7007e20
fixed_spread,CP-SCALE-AU-L002__g1800,73,38773,1,True,683553277350,683553.27735,22,887,1080ef9f7ba70e6f0951f062fd67514073da785ef28981aa40dc09bf8dc1178a,2a619dd83f73757ae9a2a6178f18a3d89b47040943fd051dbd531f6b39acd60e,14aeed66f42870aeb71a9b150c1ce14a03f5db1ea309330f9cfcaf09045ab8d0
fixed_spread,CP-SCALE-AU-L002__g1800,79,15713,0,False,681312099672,681312.099672,22,891,b0398021b0d4fe488e55a71ade5efd677ee8e3295be4135878600ac10cbaecab,5d2ec7d06f87283818d086c05867bf7632f8e7d5ee07e243f97827054271179a,4cff1494134394e12b8020fdfd9537bf9a8fcfadd91924c9fbee78adf7007e20
fixed_spread,CP-SCALE-AU-L002__g1800,83,38773,1,False,682926888932,682926.888932,22,889,5b5ffce867e4ee583232370bf9fef4236e4bb2d135bf3a8fc03dd19bb760c802,011a60df3ed2a5ca60b550c1b85ea4fd77459e54560623559e6aa52fc933eadd,14aeed66f42870aeb71a9b150c1ce14a03f5db1ea309330f9cfcaf09045ab8d0
fixed_spread,CP-SCALE-AU-L002__gW0340_gE1200_s0150,67,15713,0,True,1260424682646,1260424.682646,22,893,28b68267405191edeae5113d810391ba727a122f7b33c5d15161594e12e87400,b75df6ac0a558e2aefa9ff5fe42c73a051ba80a659171b096cf876bc3fe5988c,4cff1494134394e12b8020fdfd9537bf9a8fcfadd91924c9fbee78adf7007e20
fixed_spread,CP-SCALE-AU-L002__gW0340_gE1200_s0150,71,38773,1,True,1261287125367,1261287.125367,22,890,8607efe01ff856f65cf34a23b12387d08b2de158d4d8657ab037ec53b22992ad,1a56df306931a11f40de2e7c4206663f86bab43c83353c0c477a85698336f5c8,14aeed66f42870aeb71a9b150c1ce14a03f5db1ea309330f9cfcaf09045ab8d0
fixed_spread,CP-SCALE-AU-L002__gW0340_gE1200_s0150,73,38773,1,True,1261645369070,1261645.36907,22,890,b4bc6ef4d0fcf116e2258aaf4da4c1222ba91b2b4e70e251c81db72b34b91bc7,a54e055b8d2d248fc60d0ac6b8f399a1f93654ab8b674549429b4644306df6da,14aeed66f42870aeb71a9b150c1ce14a03f5db1ea309330f9cfcaf09045ab8d0
fixed_spread,CP-SCALE-AU-L002__gW0340_gE1200_s0150,79,15713,0,False,1262324945367,1262324.945367,22,893,7647319167e9689719260860c4ac4a23a5f787d7f8ca35eca89e1824f708e774,dcca1fe9c961ee077deecc1cb7e562268132b1aafd15b0a1016dc2b294526abe,4cff1494134394e12b8020fdfd9537bf9a8fcfadd91924c9fbee78adf7007e20
fixed_spread,CP-SCALE-AU-L002__gW0340_gE1200_s0150,83,15713,0,False,1261767642006,1261767.642006,22,893,5973341e65ba7d812d76b21f1ad917022e2cf28daae523768e0ff0658b8d2f80,57538ffbfab8eb278972a90c97b1a3df08852803dc76d62508e67c618f50eee9,4cff1494134394e12b8020fdfd9537bf9a8fcfadd91924c9fbee78adf7007e20
fixed_spread,CP-SCALE-AU-L002__gW0680_gE1200_s0150,67,38773,1,False,1066456504072,1066456.504072,22,891,e6b6e3c252cabd9b272117f84f635ba276432a744f996cfedd9850b2d85002aa,8b50a7b5bc18ffc214166347581732f751c3ec86d53090c44911103dc1618ace,14aeed66f42870aeb71a9b150c1ce14a03f5db1ea309330f9cfcaf09045ab8d0
fixed_spread,CP-SCALE-AU-L002__gW0680_gE1200_s0150,71,38773,1,False,1067234354685,1067234.354685,22,891,ff215a3187fea5c841a1e3ba7461b2439140447199b3ee69ff48529304d98f96,e0e04eba1ce8692c1ec39356662c5a45713a5e4bffbe51aae761678a9fb5fbc1,14aeed66f42870aeb71a9b150c1ce14a03f5db1ea309330f9cfcaf09045ab8d0
fixed_spread,CP-SCALE-AU-L002__gW0680_gE1200_s0150,73,38773,1,False,1069801576858,1069801.576858,22,891,567e31329b5d20e1055fb6826c6810475cd5353c1f799a1ead42c7cff1216e14,65993797e243262b1847a91ef6bc3fbda6f9bcbdfe7f8088ccd295feb6861a42,14aeed66f42870aeb71a9b150c1ce14a03f5db1ea309330f9cfcaf09045ab8d0
fixed_spread,CP-SCALE-AU-L002__gW0680_gE1200_s0150,79,15713,0,False,1067420842462,1067420.842462,22,893,dcda2f885915eeeb24218bf0b19f15f5de95568d184ee0d3f315faee626a2ebc,378305a1cd9916f15af90d53732ddf62741be026e502d2a4d0cf3e10ad25f58c,4cff1494134394e12b8020fdfd9537bf9a8fcfadd91924c9fbee78adf7007e20
fixed_spread,CP-SCALE-AU-L002__gW0680_gE1200_s0150,83,38773,1,False,1067910463650,1067910.46365,22,891,d14ec29a2f6f08834cec34222dab5797bb1127375ce959a4e293d705dc2f43e2,6760532a9d4626e1380de82c16a4660d4b9dc9384df684788c4b8dbafbc33b74,14aeed66f42870aeb71a9b150c1ce14a03f5db1ea309330f9cfcaf09045ab8d0
fixed_spread,CP-SCALE-AU-L002__gW1200_gE0340_s0150,67,15713,0,True,1262795659691,1262795.659691,22,893,f365b20e93e9491cdb3871a3479605ec827868a047fb8c48f748823cd6e853f1,76a6413eaf18727625e1829e5b16fad98736f221e41e2bdec2a280bf95eaa04f,4cff1494134394e12b8020fdfd9537bf9a8fcfadd91924c9fbee78adf7007e20
fixed_spread,CP-SCALE-AU-L002__gW1200_gE0340_s0150,71,38773,1,True,1261710051038,1261710.051038,22,891,93942cf18d78423680e7b2ee5598deae88f491f587d6c0ef4a98425f1b3393a4,3260187c8e29ed54db424c90e801e653d79b4ee243047112e5b2f8cbad28ce0c,14aeed66f42870aeb71a9b150c1ce14a03f5db1ea309330f9cfcaf09045ab8d0
fixed_spread,CP-SCALE-AU-L002__gW1200_gE0340_s0150,73,38773,1,True,1264049376922,1264049.376922,22,891,1a821b80b4ce1a8d330e8a8d145d6707df22ca10bfd90ec532aab5fc641e2040,1e4f6377f8ebc1b6a34aa0fa9e93b6fae6cf0b0db3a6d58bbf720e86c08ef4b5,14aeed66f42870aeb71a9b150c1ce14a03f5db1ea309330f9cfcaf09045ab8d0
fixed_spread,CP-SCALE-AU-L002__gW1200_gE0340_s0150,79,38773,1,False,1263175643403,1263175.643403,22,891,6c5c98ef330f770b3538fba47ef6e1e9badcc3ad686dc8710fefaf773bca1e0c,59c4bfe2a34ca24759b79c1d6b939c6dd6c54a5348a2a665fab71d098c6346bb,14aeed66f42870aeb71a9b150c1ce14a03f5db1ea309330f9cfcaf09045ab8d0
fixed_spread,CP-SCALE-AU-L002__gW1200_gE0340_s0150,83,38773,1,False,1260986992705,1260986.992705,22,891,d929c53f9d86edaa19e97812c497323d0dfc3f045ed46af2b9634df8c0e6f1ce,5dfa2a1dc41392e28d9423b6589150ac01cc0aeaa0c85a952f017bba80624920,14aeed66f42870aeb71a9b150c1ce14a03f5db1ea309330f9cfcaf09045ab8d0
fixed_spread,CP-SCALE-AU-L002__gW1200_gE0680_s0150,67,15713,0,False,1067629837563,1067629.837563,22,893,24c56a2935eb3a0c05b21c3b34b0ecc54d8d1b9aadec53a86dc6c041f1fcb5a6,9c2db6dbbb2af40e4ee9c6d6b3b0713876ede22205e3e599e3d7466910c18ce9,4cff1494134394e12b8020fdfd9537bf9a8fcfadd91924c9fbee78adf7007e20
fixed_spread,CP-SCALE-AU-L002__gW1200_gE0680_s0150,71,15713,0,False,1066222109767,1066222.109767,22,893,1a03ad13d50fa769457f44308d539efac7c5cc3cf1315a311bd70906655e6c50,97c4324f8514d1796c28abe5102accbd523dc37ad3040ee53e4657b6027d8673,4cff1494134394e12b8020fdfd9537bf9a8fcfadd91924c9fbee78adf7007e20
fixed_spread,CP-SCALE-AU-L002__gW1200_gE0680_s0150,73,15713,0,False,1066794046789,1066794.046789,22,893,d6d0824a92ddfb8e42049ee587f11f7031ba29b72f19012cf209bfd744208fd1,25707efed78b1ff27f896100f2683df87614be3d62b2a045560ec8879b1d9ae3,4cff1494134394e12b8020fdfd9537bf9a8fcfadd91924c9fbee78adf7007e20
fixed_spread,CP-SCALE-AU-L002__gW1200_gE0680_s0150,79,15713,0,False,1065782447256,1065782.447256,22,893,2208c9bada2e050a47bbb43fb41883c4660e68c68bec0f0904efac5925147c36,5d317ecd669490b25b7c89f3fb86b5f38111e2ce166d70c4f4a6cd21fcd44316,4cff1494134394e12b8020fdfd9537bf9a8fcfadd91924c9fbee78adf7007e20
fixed_spread,CP-SCALE-AU-L002__gW1200_gE0680_s0150,83,15713,0,False,1067461709647,1067461.709647,22,891,ac762490c7fe4d2d76f17861acf2e9add7b1841b2d3ddddebaf5c94a2a843756,4c85d21c3bcea52665f558daeb6da1cd3f76aca4ff32295d1ad85c44f590f0fa,4cff1494134394e12b8020fdfd9537bf9a8fcfadd91924c9fbee78adf7007e20
