method,graph_id,replicate,value_ticks,contact_seconds,clock_group,observed_trace_points,measured_final_time_seconds
codex,CP-SCALE-AU-L002__g0340,67,1628798375614,1628798.375614,native,712,
codex,CP-SCALE-AU-L002__g0340,71,1626965624296,1626965.624296,native,597,
codex,CP-SCALE-AU-L002__g0340,73,1626174088958,1626174.088958,native,625,
codex,CP-SCALE-AU-L002__g0340,79,1626871135910,1626871.13591,native,603,
codex,CP-SCALE-AU-L002__g0340,83,1626296885269,1626296.885269,native,565,
codex,CP-SCALE-AU-L002__g0680,67,1250276659081,1250276.659081,native,589,
codex,CP-SCALE-AU-L002__g0680,71,1249735621329,1249735.621329,native,543,
codex,CP-SCALE-AU-L002__g0680,73,1248936067127,1248936.067127,native,536,
codex,CP-SCALE-AU-L002__g0680,79,1250767219999,1250767.219999,native,567,
codex,CP-SCALE-AU-L002__g0680,83,1249320212442,1249320.212442,native,505,
codex,CP-SCALE-AU-L002__g1200,67,884652999543,884652.999543,native,550,
codex,CP-SCALE-AU-L002__g1200,71,885589500280,885589.50028,native,522,
codex,CP-SCALE-AU-L002__g1200,73,886440476828,886440.476828,native,557,
codex,CP-SCALE-AU-L002__g1200,79,886591551802,886591.551802,native,518,
codex,CP-SCALE-AU-L002__g1200,83,886423762551,886423.762551,native,586,
codex,CP-SCALE-AU-L002__g1800,67,685029682297,685029.682297,native,389,
codex,CP-SCALE-AU-L002__g1800,71,682657829731,682657.829731,native,338,
codex,CP-SCALE-AU-L002__g1800,73,684419128559,684419.128559,native,382,
codex,CP-SCALE-AU-L002__g1800,79,682184967863,682184.967863,native,345,
codex,CP-SCALE-AU-L002__g1800,83,684955009325,684955.009325,native,340,
codex,CP-SCALE-AU-L002__gW0340_gE1200_s0150,67,1263557672195,1263557.672195,native,587,
codex,CP-SCALE-AU-L002__gW0340_gE1200_s0150,71,1263738340088,1263738.340088,native,576,
codex,CP-SCALE-AU-L002__gW0340_gE1200_s0150,73,1262636792686,1262636.792686,native,634,
codex,CP-SCALE-AU-L002__gW0340_gE1200_s0150,79,1263495423263,1263495.423263,native,696,
codex,CP-SCALE-AU-L002__gW0340_gE1200_s0150,83,1263052054696,1263052.054696,native,649,
codex,CP-SCALE-AU-L002__gW0680_gE1200_s0150,67,1068964198416,1068964.198416,native,562,
codex,CP-SCALE-AU-L002__gW0680_gE1200_s0150,71,1068786114411,1068786.114411,native,560,
codex,CP-SCALE-AU-L002__gW0680_gE1200_s0150,73,1069461504955,1069461.504955,native,579,
codex,CP-SCALE-AU-L002__gW0680_gE1200_s0150,79,1067678851039,1067678.851039,native,605,
codex,CP-SCALE-AU-L002__gW0680_gE1200_s0150,83,1067847479729,1067847.479729,native,551,
codex,CP-SCALE-AU-L002__gW1200_gE0340_s0150,67,1262481618552,1262481.618552,native,616,
codex,CP-SCALE-AU-L002__gW1200_gE0340_s0150,71,1263693325176,1263693.325176,native,738,
codex,CP-SCALE-AU-L002__gW1200_gE0340_s0150,73,1264982127074,1264982.127074,native,688,
codex,CP-SCALE-AU-L002__gW1200_gE0340_s0150,79,1263968296254,1263968.296254,native,654,
codex,CP-SCALE-AU-L002__gW1200_gE0340_s0150,83,1263699721236,1263699.721236,native,669,
codex,CP-SCALE-AU-L002__gW1200_gE0680_s0150,67,1068512325458,1068512.325458,native,534,
codex,CP-SCALE-AU-L002__gW1200_gE0680_s0150,71,1068441512874,1068441.512874,native,497,
codex,CP-SCALE-AU-L002__gW1200_gE0680_s0150,73,1066488502255,1066488.502255,native,544,
codex,CP-SCALE-AU-L002__gW1200_gE0680_s0150,79,1067297623607,1067297.623607,native,536,
codex,CP-SCALE-AU-L002__gW1200_gE0680_s0150,83,1068544466134,1068544.466134,native,527,
knn,CP-SCALE-AU-L002__g0340,67,1626128233112,1626128.233112,native,616,
knn,CP-SCALE-AU-L002__g0340,71,1626766375948,1626766.375948,native,568,
knn,CP-SCALE-AU-L002__g0340,73,1625937110348,1625937.110348,native,600,
knn,CP-SCALE-AU-L002__g0340,79,1627519455066,1627519.455066,native,610,
knn,CP-SCALE-AU-L002__g0340,83,1625606095607,1625606.095607,native,553,
knn,CP-SCALE-AU-L002__g0680,67,1250317461782,1250317.461782,native,606,
knn,CP-SCALE-AU-L002__g0680,71,1249361057694,1249361.057694,native,543,
knn,CP-SCALE-AU-L002__g0680,73,1249899084534,1249899.084534,native,528,
knn,CP-SCALE-AU-L002__g0680,79,1249138536169,1249138.536169,native,487,
knn,CP-SCALE-AU-L002__g0680,83,1249886590516,1249886.590516,native,532,
knn,CP-SCALE-AU-L002__g1200,67,885946009698,885946.009698,native,549,
knn,CP-SCALE-AU-L002__g1200,71,886294257198,886294.257198,native,512,
knn,CP-SCALE-AU-L002__g1200,73,886270277068,886270.277068,native,466,
knn,CP-SCALE-AU-L002__g1200,79,884930319970,884930.31997,native,427,
knn,CP-SCALE-AU-L002__g1200,83,887395138197,887395.138197,native,585,
knn,CP-SCALE-AU-L002__g1800,67,682467274598,682467.274598,native,331,
knn,CP-SCALE-AU-L002__g1800,71,683468294012,683468.294012,native,319,
knn,CP-SCALE-AU-L002__g1800,73,683673895149,683673.895149,native,360,
knn,CP-SCALE-AU-L002__g1800,79,684615363706,684615.363706,native,382,
knn,CP-SCALE-AU-L002__g1800,83,683593315977,683593.315977,native,309,
knn,CP-SCALE-AU-L002__gW0340_gE1200_s0150,67,1262500097021,1262500.097021,native,593,
knn,CP-SCALE-AU-L002__gW0340_gE1200_s0150,71,1262235986954,1262235.986954,native,553,
knn,CP-SCALE-AU-L002__gW0340_gE1200_s0150,73,1263002065246,1263002.065246,native,618,
knn,CP-SCALE-AU-L002__gW0340_gE1200_s0150,79,1262098867901,1262098.867901,native,632,
knn,CP-SCALE-AU-L002__gW0340_gE1200_s0150,83,1262371840509,1262371.840509,native,634,
knn,CP-SCALE-AU-L002__gW0680_gE1200_s0150,67,1067966548596,1067966.548596,native,538,
knn,CP-SCALE-AU-L002__gW0680_gE1200_s0150,71,1068434300275,1068434.300275,native,550,
knn,CP-SCALE-AU-L002__gW0680_gE1200_s0150,73,1070725304725,1070725.304725,native,615,
knn,CP-SCALE-AU-L002__gW0680_gE1200_s0150,79,1069160470564,1069160.470564,native,606,
knn,CP-SCALE-AU-L002__gW0680_gE1200_s0150,83,1066681321959,1066681.321959,native,508,
knn,CP-SCALE-AU-L002__gW1200_gE0340_s0150,67,1263001398691,1263001.398691,native,595,
knn,CP-SCALE-AU-L002__gW1200_gE0340_s0150,71,1260953053347,1260953.053347,native,599,
knn,CP-SCALE-AU-L002__gW1200_gE0340_s0150,73,1264070783123,1264070.783123,native,600,
knn,CP-SCALE-AU-L002__gW1200_gE0340_s0150,79,1263030718970,1263030.71897,native,621,
knn,CP-SCALE-AU-L002__gW1200_gE0340_s0150,83,1262766151697,1262766.151697,native,624,
knn,CP-SCALE-AU-L002__gW1200_gE0680_s0150,67,1068202632746,1068202.632746,native,524,
knn,CP-SCALE-AU-L002__gW1200_gE0680_s0150,71,1068691440359,1068691.440359,native,498,
knn,CP-SCALE-AU-L002__gW1200_gE0680_s0150,73,1067006577547,1067006.577547,native,508,
knn,CP-SCALE-AU-L002__gW1200_gE0680_s0150,79,1068336260231,1068336.260231,native,557,
knn,CP-SCALE-AU-L002__gW1200_gE0680_s0150,83,1067626486841,1067626.486841,native,518,
linucb,CP-SCALE-AU-L002__g0340,67,1625336960829,1625336.960829,native,615,
linucb,CP-SCALE-AU-L002__g0340,71,1626742217054,1626742.217054,native,558,
linucb,CP-SCALE-AU-L002__g0340,73,1627037533830,1627037.53383,native,639,
linucb,CP-SCALE-AU-L002__g0340,79,1626700659320,1626700.65932,native,616,
linucb,CP-SCALE-AU-L002__g0340,83,1626296257969,1626296.257969,native,589,
linucb,CP-SCALE-AU-L002__g0680,67,1250423301389,1250423.301389,native,586,
linucb,CP-SCALE-AU-L002__g0680,71,1249162081188,1249162.081188,native,536,
linucb,CP-SCALE-AU-L002__g0680,73,1249558637146,1249558.637146,native,569,
linucb,CP-SCALE-AU-L002__g0680,79,1249657032107,1249657.032107,native,489,
linucb,CP-SCALE-AU-L002__g0680,83,1249571767238,1249571.767238,native,525,
linucb,CP-SCALE-AU-L002__g1200,67,883296153906,883296.153906,native,474,
linucb,CP-SCALE-AU-L002__g1200,71,885848590215,885848.590215,native,526,
linucb,CP-SCALE-AU-L002__g1200,73,885399199207,885399.199207,native,465,
linucb,CP-SCALE-AU-L002__g1200,79,886543312967,886543.312967,native,524,
linucb,CP-SCALE-AU-L002__g1200,83,882873738331,882873.738331,native,512,
linucb,CP-SCALE-AU-L002__g1800,67,684264864925,684264.864925,native,365,
linucb,CP-SCALE-AU-L002__g1800,71,683467028481,683467.028481,native,333,
linucb,CP-SCALE-AU-L002__g1800,73,682501251431,682501.251431,native,343,
linucb,CP-SCALE-AU-L002__g1800,79,682392955036,682392.955036,native,352,
linucb,CP-SCALE-AU-L002__g1800,83,685565876950,685565.87695,native,339,
linucb,CP-SCALE-AU-L002__gW0340_gE1200_s0150,67,1262666934213,1262666.934213,native,550,
linucb,CP-SCALE-AU-L002__gW0340_gE1200_s0150,71,1262693494073,1262693.494073,native,538,
linucb,CP-SCALE-AU-L002__gW0340_gE1200_s0150,73,1262648480256,1262648.480256,native,582,
linucb,CP-SCALE-AU-L002__gW0340_gE1200_s0150,79,1261793183404,1261793.183404,native,632,
linucb,CP-SCALE-AU-L002__gW0340_gE1200_s0150,83,1263774423872,1263774.423872,native,694,
linucb,CP-SCALE-AU-L002__gW0680_gE1200_s0150,67,1067820505277,1067820.505277,native,513,
linucb,CP-SCALE-AU-L002__gW0680_gE1200_s0150,71,1067967207997,1067967.207997,native,539,
linucb,CP-SCALE-AU-L002__gW0680_gE1200_s0150,73,1069009394090,1069009.39409,native,579,
linucb,CP-SCALE-AU-L002__gW0680_gE1200_s0150,79,1069837758148,1069837.758148,native,616,
linucb,CP-SCALE-AU-L002__gW0680_gE1200_s0150,83,1069028547545,1069028.547545,native,541,
linucb,CP-SCALE-AU-L002__gW1200_gE0340_s0150,67,1262881693890,1262881.69389,native,604,
linucb,CP-SCALE-AU-L002__gW1200_gE0340_s0150,71,1263019326460,1263019.32646,native,679,
linucb,CP-SCALE-AU-L002__gW1200_gE0340_s0150,73,1264963141355,1264963.141355,native,628,
linucb,CP-SCALE-AU-L002__gW1200_gE0340_s0150,79,1264463131554,1264463.131554,native,638,
linucb,CP-SCALE-AU-L002__gW1200_gE0340_s0150,83,1262531924865,1262531.924865,native,661,
linucb,CP-SCALE-AU-L002__gW1200_gE0680_s0150,67,1067497302943,1067497.302943,native,509,
linucb,CP-SCALE-AU-L002__gW1200_gE0680_s0150,71,1068353280014,1068353.280014,native,479,
linucb,CP-SCALE-AU-L002__gW1200_gE0680_s0150,73,1067759990601,1067759.990601,native,555,
linucb,CP-SCALE-AU-L002__gW1200_gE0680_s0150,79,1067762456045,1067762.456045,native,512,
linucb,CP-SCALE-AU-L002__gW1200_gE0680_s0150,83,1067595458859,1067595.458859,native,520,
chils,CP-SCALE-AU-L002__g0340,67,1625528154095,1625528.154095,native,0,590.0885989665985
chils,CP-SCALE-AU-L002__g0340,71,1623265206740,1623265.20674,native,0,825.0981059074402
chils,CP-SCALE-AU-L002__g0340,73,1625013198732,1625013.198732,native,0,765.1038031578064
chils,CP-SCALE-AU-L002__g0340,79,1623684499639,1623684.499639,native,0,155.9008810520172
chils,CP-SCALE-AU-L002__g0340,83,1623985447321,1623985.447321,native,0,415.0788290500641
chils,CP-SCALE-AU-L002__g0680,67,1247862913248,1247862.913248,native,0,285.10936093330383
chils,CP-SCALE-AU-L002__g0680,71,1246915333761,1246915.333761,native,0,710.1165189743042
chils,CP-SCALE-AU-L002__g0680,73,1245727161907,1245727.161907,native,0,775.1134688854218
chils,CP-SCALE-AU-L002__g0680,79,1245171899206,1245171.899206,native,0,475.086040019989
chils,CP-SCALE-AU-L002__g0680,83,1248436966511,1248436.966511,native,0,340.0965859889984
chils,CP-SCALE-AU-L002__g1200,67,880310752047,880310.752047,native,0,652.997889995575
chils,CP-SCALE-AU-L002__g1200,71,876207139199,876207.139199,native,0,842.9447999000549
chils,CP-SCALE-AU-L002__g1200,73,877389563067,877389.563067,native,0,821.2234621047974
chils,CP-SCALE-AU-L002__g1200,79,881235163043,881235.163043,native,0,393.79702281951904
chils,CP-SCALE-AU-L002__g1200,83,877292296629,877292.296629,native,0,393.6213569641113
chils,CP-SCALE-AU-L002__g1800,67,683136028961,683136.028961,native,0,885.2307600975037
chils,CP-SCALE-AU-L002__g1800,71,682319002790,682319.00279,native,0,885.2134118080139
chils,CP-SCALE-AU-L002__g1800,73,681963042639,681963.042639,native,0,660.615483045578
chils,CP-SCALE-AU-L002__g1800,79,680815490333,680815.490333,native,0,187.83830499649048
chils,CP-SCALE-AU-L002__g1800,83,682008580896,682008.580896,native,0,535.9767229557037
chils,CP-SCALE-AU-L002__gW0340_gE1200_s0150,67,1259919884684,1259919.884684,native,0,820.1245758533478
chils,CP-SCALE-AU-L002__gW0340_gE1200_s0150,71,1259846814505,1259846.814505,native,0,700.1046311855316
chils,CP-SCALE-AU-L002__gW0340_gE1200_s0150,73,1258784741474,1258784.741474,native,0,716.1826519966125
chils,CP-SCALE-AU-L002__gW0340_gE1200_s0150,79,1259604692355,1259604.692355,native,0,620.0971479415894
chils,CP-SCALE-AU-L002__gW0340_gE1200_s0150,83,1258423960371,1258423.960371,native,0,796.7035429477692
chils,CP-SCALE-AU-L002__gW0680_gE1200_s0150,67,1064677451991,1064677.451991,native,0,687.929979801178
chils,CP-SCALE-AU-L002__gW0680_gE1200_s0150,71,1066281187592,1066281.187592,native,0,880.1454100608826
chils,CP-SCALE-AU-L002__gW0680_gE1200_s0150,73,1062710332207,1062710.332207,native,0,835.7395560741425
chils,CP-SCALE-AU-L002__gW0680_gE1200_s0150,79,1066118536922,1066118.536922,native,0,475.60256719589233
chils,CP-SCALE-AU-L002__gW0680_gE1200_s0150,83,1063772717197,1063772.717197,native,0,588.7810430526733
chils,CP-SCALE-AU-L002__gW1200_gE0340_s0150,67,1261206971327,1261206.971327,native,0,400.08035588264465
chils,CP-SCALE-AU-L002__gW1200_gE0340_s0150,71,1262874956311,1262874.956311,native,0,695.7519381046295
chils,CP-SCALE-AU-L002__gW1200_gE0340_s0150,73,1260311417950,1260311.41795,native,0,475.1497218608856
chils,CP-SCALE-AU-L002__gW1200_gE0340_s0150,79,1260644541108,1260644.541108,native,0,765.1065199375153
chils,CP-SCALE-AU-L002__gW1200_gE0340_s0150,83,1260436083749,1260436.083749,native,0,860.1289100646973
chils,CP-SCALE-AU-L002__gW1200_gE0680_s0150,67,1062965817395,1062965.817395,native,0,340.3123779296875
chils,CP-SCALE-AU-L002__gW1200_gE0680_s0150,71,1061563270096,1061563.270096,native,0,864.7161531448364
chils,CP-SCALE-AU-L002__gW1200_gE0680_s0150,73,1062894655966,1062894.655966,native,0,692.6854159832001
chils,CP-SCALE-AU-L002__gW1200_gE0680_s0150,79,1063820578750,1063820.57875,native,0,805.5255038738251
chils,CP-SCALE-AU-L002__gW1200_gE0680_s0150,83,1062584974687,1062584.974687,native,0,720.125391960144
grasp,CP-SCALE-AU-L002__g0340,67,1523552795129,1523552.795129,outer,1605,
grasp,CP-SCALE-AU-L002__g0340,71,1523316629355,1523316.629355,outer,1525,
grasp,CP-SCALE-AU-L002__g0340,73,1523224707855,1523224.707855,outer,1592,
grasp,CP-SCALE-AU-L002__g0340,79,1524066989928,1524066.989928,outer,1602,
grasp,CP-SCALE-AU-L002__g0340,83,1523371354127,1523371.354127,outer,1560,
grasp,CP-SCALE-AU-L002__g0680,67,1139933198367,1139933.198367,outer,1070,
grasp,CP-SCALE-AU-L002__g0680,71,1138327063669,1138327.063669,outer,1134,
grasp,CP-SCALE-AU-L002__g0680,73,1138053296715,1138053.296715,outer,1070,
grasp,CP-SCALE-AU-L002__g0680,79,1139326561209,1139326.561209,outer,1101,
grasp,CP-SCALE-AU-L002__g0680,83,1137458838810,1137458.83881,outer,1086,
grasp,CP-SCALE-AU-L002__g1200,67,841337512314,841337.512314,outer,1293,
grasp,CP-SCALE-AU-L002__g1200,71,841877383834,841877.383834,outer,1147,
grasp,CP-SCALE-AU-L002__g1200,73,841861890514,841861.890514,outer,1340,
grasp,CP-SCALE-AU-L002__g1200,79,842308916814,842308.916814,outer,1420,
grasp,CP-SCALE-AU-L002__g1200,83,841895441783,841895.441783,outer,1266,
grasp,CP-SCALE-AU-L002__g1800,67,610814383506,610814.383506,outer,2062,
grasp,CP-SCALE-AU-L002__g1800,71,609341714763,609341.714763,outer,2052,
grasp,CP-SCALE-AU-L002__g1800,73,609470326480,609470.32648,outer,1916,
grasp,CP-SCALE-AU-L002__g1800,79,610372889628,610372.889628,outer,2223,
grasp,CP-SCALE-AU-L002__g1800,83,609478415086,609478.415086,outer,2062,
grasp,CP-SCALE-AU-L002__gW1200_gE0340_s0150,67,1182422549306,1182422.549306,outer,1319,
grasp,CP-SCALE-AU-L002__gW1200_gE0340_s0150,71,1182895228821,1182895.228821,outer,1279,
grasp,CP-SCALE-AU-L002__gW1200_gE0340_s0150,73,1182813962024,1182813.962024,outer,1515,
grasp,CP-SCALE-AU-L002__gW1200_gE0340_s0150,79,1183393805134,1183393.805134,outer,1464,
grasp,CP-SCALE-AU-L002__gW1200_gE0340_s0150,83,1182665753885,1182665.753885,outer,1507,
grasp,CP-SCALE-AU-L002__gW0340_gE1200_s0150,67,1183708913751,1183708.913751,outer,1462,
grasp,CP-SCALE-AU-L002__gW0340_gE1200_s0150,71,1183230610938,1183230.610938,outer,1428,
grasp,CP-SCALE-AU-L002__gW0340_gE1200_s0150,73,1183649973836,1183649.973836,outer,1491,
grasp,CP-SCALE-AU-L002__gW0340_gE1200_s0150,79,1184355307050,1184355.30705,outer,1478,
grasp,CP-SCALE-AU-L002__gW0340_gE1200_s0150,83,1184087922567,1184087.922567,outer,1536,
grasp,CP-SCALE-AU-L002__gW0680_gE1200_s0150,67,987574109269,987574.109269,outer,1178,
grasp,CP-SCALE-AU-L002__gW0680_gE1200_s0150,71,988573854636,988573.854636,outer,1245,
grasp,CP-SCALE-AU-L002__gW0680_gE1200_s0150,73,988721370356,988721.370356,outer,1191,
grasp,CP-SCALE-AU-L002__gW0680_gE1200_s0150,79,987991597150,987991.59715,outer,1131,
grasp,CP-SCALE-AU-L002__gW0680_gE1200_s0150,83,987801174464,987801.174464,outer,1058,
grasp,CP-SCALE-AU-L002__gW1200_gE0680_s0150,67,988390022178,988390.022178,outer,1216,
grasp,CP-SCALE-AU-L002__gW1200_gE0680_s0150,71,988491869760,988491.86976,outer,1069,
grasp,CP-SCALE-AU-L002__gW1200_gE0680_s0150,73,988739922527,988739.922527,outer,1099,
grasp,CP-SCALE-AU-L002__gW1200_gE0680_s0150,79,987863606827,987863.606827,outer,1124,
grasp,CP-SCALE-AU-L002__gW1200_gE0680_s0150,83,988426029038,988426.029038,outer,1065,
fj,CP-SCALE-AU-L002__g0340,67,1622664895191,1622664.895191,outer,0,
fj,CP-SCALE-AU-L002__g0340,71,1623758418346,1623758.418346,outer,0,
fj,CP-SCALE-AU-L002__g0340,73,1623299428214,1623299.428214,outer,0,
fj,CP-SCALE-AU-L002__g0340,79,1623475238189,1623475.238189,outer,0,
fj,CP-SCALE-AU-L002__g0340,83,1623042497728,1623042.497728,outer,0,
fj,CP-SCALE-AU-L002__g0680,67,1244676395831,1244676.395831,outer,0,
fj,CP-SCALE-AU-L002__g0680,71,1242518855541,1242518.855541,outer,0,
fj,CP-SCALE-AU-L002__g0680,73,1244142784044,1244142.784044,outer,0,
fj,CP-SCALE-AU-L002__g0680,79,1243097542397,1243097.542397,outer,0,
fj,CP-SCALE-AU-L002__g0680,83,1244160995798,1244160.995798,outer,0,
fj,CP-SCALE-AU-L002__g1200,67,870814525694,870814.525694,outer,0,
fj,CP-SCALE-AU-L002__g1200,71,871046771011,871046.771011,outer,0,
fj,CP-SCALE-AU-L002__g1200,73,872450557468,872450.557468,outer,0,
fj,CP-SCALE-AU-L002__g1200,79,872146198240,872146.19824,outer,0,
fj,CP-SCALE-AU-L002__g1200,83,871936320856,871936.320856,outer,0,
fj,CP-SCALE-AU-L002__g1800,67,685822812968,685822.812968,outer,0,
fj,CP-SCALE-AU-L002__g1800,71,685818588558,685818.588558,outer,0,
fj,CP-SCALE-AU-L002__g1800,73,685805930207,685805.930207,outer,0,
fj,CP-SCALE-AU-L002__g1800,79,684543230054,684543.230054,outer,0,
fj,CP-SCALE-AU-L002__g1800,83,682310021545,682310.021545,outer,0,
fj,CP-SCALE-AU-L002__gW1200_gE0340_s0150,67,1257243981354,1257243.981354,outer,0,
fj,CP-SCALE-AU-L002__gW1200_gE0340_s0150,71,1257673035882,1257673.035882,outer,0,
fj,CP-SCALE-AU-L002__gW1200_gE0340_s0150,73,1258541320700,1258541.3207,outer,0,
fj,CP-SCALE-AU-L002__gW1200_gE0340_s0150,79,1257067244539,1257067.244539,outer,0,
fj,CP-SCALE-AU-L002__gW1200_gE0340_s0150,83,1257703370829,1257703.370829,outer,0,
fj,CP-SCALE-AU-L002__gW0340_gE1200_s0150,67,1255426952353,1255426.952353,outer,0,
fj,CP-SCALE-AU-L002__gW0340_gE1200_s0150,71,1254630882974,1254630.882974,outer,0,
fj,CP-SCALE-AU-L002__gW0340_gE1200_s0150,73,1254902123885,1254902.123885,outer,0,
fj,CP-SCALE-AU-L002__gW0340_gE1200_s0150,79,1257018739114,1257018.739114,outer,0,
fj,CP-SCALE-AU-L002__gW0340_gE1200_s0150,83,1255133394798,1255133.394798,outer,0,
fj,CP-SCALE-AU-L002__gW0680_gE1200_s0150,67,1059711044391,1059711.044391,outer,0,
fj,CP-SCALE-AU-L002__gW0680_gE1200_s0150,71,1057790537084,1057790.537084,outer,0,
fj,CP-SCALE-AU-L002__gW0680_gE1200_s0150,73,1058531292292,1058531.292292,outer,0,
fj,CP-SCALE-AU-L002__gW0680_gE1200_s0150,79,1058327532485,1058327.532485,outer,0,
fj,CP-SCALE-AU-L002__gW0680_gE1200_s0150,83,1057619403094,1057619.403094,outer,0,
fj,CP-SCALE-AU-L002__gW1200_gE0680_s0150,67,1058008376811,1058008.376811,outer,0,
fj,CP-SCALE-AU-L002__gW1200_gE0680_s0150,71,1058185631394,1058185.631394,outer,0,
fj,CP-SCALE-AU-L002__gW1200_gE0680_s0150,73,1058443176962,1058443.176962,outer,0,
fj,CP-SCALE-AU-L002__gW1200_gE0680_s0150,79,1057202640762,1057202.640762,outer,0,
fj,CP-SCALE-AU-L002__gW1200_gE0680_s0150,83,1059320552920,1059320.55292,outer,0,
fastwvc,CP-SCALE-AU-L002__g0340,67,1601711605647,1601711.605647,outer,0,
fastwvc,CP-SCALE-AU-L002__g0340,71,1601382646304,1601382.646304,outer,0,
fastwvc,CP-SCALE-AU-L002__g0340,73,1599954027945,1599954.027945,outer,0,
fastwvc,CP-SCALE-AU-L002__g0340,79,1600002440452,1600002.440452,outer,0,
fastwvc,CP-SCALE-AU-L002__g0340,83,1603594073788,1603594.073788,outer,0,
fastwvc,CP-SCALE-AU-L002__g0680,67,1226930983321,1226930.983321,outer,0,
fastwvc,CP-SCALE-AU-L002__g0680,71,1226669216688,1226669.216688,outer,0,
fastwvc,CP-SCALE-AU-L002__g0680,73,1227416504338,1227416.504338,outer,0,
fastwvc,CP-SCALE-AU-L002__g0680,79,1226294377143,1226294.377143,outer,0,
fastwvc,CP-SCALE-AU-L002__g0680,83,1227720467264,1227720.467264,outer,0,
fastwvc,CP-SCALE-AU-L002__g1200,67,881821924535,881821.924535,outer,0,
fastwvc,CP-SCALE-AU-L002__g1200,71,881912017327,881912.017327,outer,0,
fastwvc,CP-SCALE-AU-L002__g1200,73,882730485025,882730.485025,outer,0,
fastwvc,CP-SCALE-AU-L002__g1200,79,882365931510,882365.93151,outer,0,
fastwvc,CP-SCALE-AU-L002__g1200,83,882658170762,882658.170762,outer,0,
fastwvc,CP-SCALE-AU-L002__g1800,67,684794334942,684794.334942,outer,0,
fastwvc,CP-SCALE-AU-L002__g1800,71,684619757365,684619.757365,outer,0,
fastwvc,CP-SCALE-AU-L002__g1800,73,685123962296,685123.962296,outer,0,
fastwvc,CP-SCALE-AU-L002__g1800,79,683844065748,683844.065748,outer,0,
fastwvc,CP-SCALE-AU-L002__g1800,83,685388035474,685388.035474,outer,0,
fastwvc,CP-SCALE-AU-L002__gW1200_gE0340_s0150,67,1246637557831,1246637.557831,outer,0,
fastwvc,CP-SCALE-AU-L002__gW1200_gE0340_s0150,71,1245306291296,1245306.291296,outer,0,
fastwvc,CP-SCALE-AU-L002__gW1200_gE0340_s0150,73,1245710057052,1245710.057052,outer,0,
fastwvc,CP-SCALE-AU-L002__gW1200_gE0340_s0150,79,1246359694968,1246359.694968,outer,0,
fastwvc,CP-SCALE-AU-L002__gW1200_gE0340_s0150,83,1246272761312,1246272.761312,outer,0,
fastwvc,CP-SCALE-AU-L002__gW0340_gE1200_s0150,67,1244491864352,1244491.864352,outer,0,
fastwvc,CP-SCALE-AU-L002__gW0340_gE1200_s0150,71,1244265921910,1244265.92191,outer,0,
fastwvc,CP-SCALE-AU-L002__gW0340_gE1200_s0150,73,1245815080100,1245815.0801,outer,0,
fastwvc,CP-SCALE-AU-L002__gW0340_gE1200_s0150,79,1244996918596,1244996.918596,outer,0,
fastwvc,CP-SCALE-AU-L002__gW0340_gE1200_s0150,83,1245050243755,1245050.243755,outer,0,
fastwvc,CP-SCALE-AU-L002__gW0680_gE1200_s0150,67,1053597245440,1053597.24544,outer,0,
fastwvc,CP-SCALE-AU-L002__gW0680_gE1200_s0150,71,1054171896543,1054171.896543,outer,0,
fastwvc,CP-SCALE-AU-L002__gW0680_gE1200_s0150,73,1055443766780,1055443.76678,outer,0,
fastwvc,CP-SCALE-AU-L002__gW0680_gE1200_s0150,79,1055067532867,1055067.532867,outer,0,
fastwvc,CP-SCALE-AU-L002__gW0680_gE1200_s0150,83,1055362714936,1055362.714936,outer,0,
fastwvc,CP-SCALE-AU-L002__gW1200_gE0680_s0150,67,1053748845874,1053748.845874,outer,0,
fastwvc,CP-SCALE-AU-L002__gW1200_gE0680_s0150,71,1057754407885,1057754.407885,outer,0,
fastwvc,CP-SCALE-AU-L002__gW1200_gE0680_s0150,73,1053921516715,1053921.516715,outer,0,
fastwvc,CP-SCALE-AU-L002__gW1200_gE0680_s0150,79,1054271142079,1054271.142079,outer,0,
fastwvc,CP-SCALE-AU-L002__gW1200_gE0680_s0150,83,1054339170761,1054339.170761,outer,0,
lns,CP-SCALE-AU-L002__g0340,0,1606757713608,1606757.713608,upper,436,
lns,CP-SCALE-AU-L002__g0340,1,1606757713608,1606757.713608,upper,436,
lns,CP-SCALE-AU-L002__g0340,2,1606757713608,1606757.713608,upper,436,
lns,CP-SCALE-AU-L002__g0340,3,1606757713608,1606757.713608,upper,436,
lns,CP-SCALE-AU-L002__g0340,4,1606757713608,1606757.713608,upper,436,
lns,CP-SCALE-AU-L002__g0680,0,1233676775366,1233676.775366,upper,531,
lns,CP-SCALE-AU-L002__g0680,1,1233676775366,1233676.775366,upper,531,
lns,CP-SCALE-AU-L002__g0680,2,1233676775366,1233676.775366,upper,531,
lns,CP-SCALE-AU-L002__g0680,3,1233939023935,1233939.023935,upper,534,
lns,CP-SCALE-AU-L002__g0680,4,1233939023935,1233939.023935,upper,534,
lns,CP-SCALE-AU-L002__g1200,0,876989797605,876989.797605,upper,235,
lns,CP-SCALE-AU-L002__g1200,1,876825282709,876825.282709,upper,234,
lns,CP-SCALE-AU-L002__g1200,2,876825282709,876825.282709,upper,234,
lns,CP-SCALE-AU-L002__g1200,3,876825282709,876825.282709,upper,234,
lns,CP-SCALE-AU-L002__g1200,4,876825282709,876825.282709,upper,234,
lns,CP-SCALE-AU-L002__g1800,0,681135339774,681135.339774,upper,434,
lns,CP-SCALE-AU-L002__g1800,1,680358637917,680358.637917,upper,428,
lns,CP-SCALE-AU-L002__g1800,2,680358637917,680358.637917,upper,428,
lns,CP-SCALE-AU-L002__g1800,3,680358637917,680358.637917,upper,428,
lns,CP-SCALE-AU-L002__g1800,4,680358637917,680358.637917,upper,428,
lns,CP-SCALE-AU-L002__gW1200_gE0340_s0150,0,1248351846663,1248351.846663,upper,351,
lns,CP-SCALE-AU-L002__gW1200_gE0340_s0150,1,1248351846663,1248351.846663,upper,351,
lns,CP-SCALE-AU-L002__gW1200_gE0340_s0150,2,1248351846663,1248351.846663,upper,351,
lns,CP-SCALE-AU-L002__gW1200_gE0340_s0150,3,1248351846663,1248351.846663,upper,351,
lns,CP-SCALE-AU-L002__gW1200_gE0340_s0150,4,1248351846663,1248351.846663,upper,351,
lns,CP-SCALE-AU-L002__gW0340_gE1200_s0150,0,1249332201996,1249332.201996,upper,379,
lns,CP-SCALE-AU-L002__gW0340_gE1200_s0150,1,1247424661466,1247424.661466,upper,367,
lns,CP-SCALE-AU-L002__gW0340_gE1200_s0150,2,1249332201996,1249332.201996,upper,379,
lns,CP-SCALE-AU-L002__gW0340_gE1200_s0150,3,1247424661466,1247424.661466,upper,367,
lns,CP-SCALE-AU-L002__gW0340_gE1200_s0150,4,1249332201996,1249332.201996,upper,379,
lns,CP-SCALE-AU-L002__gW0680_gE1200_s0150,0,1054238193906,1054238.193906,upper,372,
lns,CP-SCALE-AU-L002__gW0680_gE1200_s0150,1,1054238193906,1054238.193906,upper,372,
lns,CP-SCALE-AU-L002__gW0680_gE1200_s0150,2,1054238193906,1054238.193906,upper,372,
lns,CP-SCALE-AU-L002__gW0680_gE1200_s0150,3,1054238193906,1054238.193906,upper,372,
lns,CP-SCALE-AU-L002__gW0680_gE1200_s0150,4,1054238193906,1054238.193906,upper,372,
lns,CP-SCALE-AU-L002__gW1200_gE0680_s0150,0,1053553692735,1053553.692735,upper,356,
lns,CP-SCALE-AU-L002__gW1200_gE0680_s0150,1,1055088318494,1055088.318494,upper,371,
lns,CP-SCALE-AU-L002__gW1200_gE0680_s0150,2,1055088318494,1055088.318494,upper,371,
lns,CP-SCALE-AU-L002__gW1200_gE0680_s0150,3,1055088318494,1055088.318494,upper,371,
lns,CP-SCALE-AU-L002__gW1200_gE0680_s0150,4,1055088318494,1055088.318494,upper,371,
ls,CP-SCALE-AU-L002__g0340,0,1611742222814,1611742.222814,upper,1205,
ls,CP-SCALE-AU-L002__g0340,1,1611742222814,1611742.222814,upper,1205,
ls,CP-SCALE-AU-L002__g0340,2,1611191435927,1611191.435927,upper,1195,
ls,CP-SCALE-AU-L002__g0340,3,1611239290895,1611239.290895,upper,1196,
ls,CP-SCALE-AU-L002__g0340,4,1610781239284,1610781.239284,upper,1186,
ls,CP-SCALE-AU-L002__g0680,0,1239417250414,1239417.250414,upper,971,
ls,CP-SCALE-AU-L002__g0680,1,1238830700809,1238830.700809,upper,956,
ls,CP-SCALE-AU-L002__g0680,2,1238736422948,1238736.422948,upper,954,
ls,CP-SCALE-AU-L002__g0680,3,1239510852928,1239510.852928,upper,974,
ls,CP-SCALE-AU-L002__g0680,4,1238736422948,1238736.422948,upper,954,
ls,CP-SCALE-AU-L002__g1200,0,883455079994,883455.079994,upper,582,
ls,CP-SCALE-AU-L002__g1200,1,883406850799,883406.850799,upper,579,
ls,CP-SCALE-AU-L002__g1200,2,884927728152,884927.728152,upper,618,
ls,CP-SCALE-AU-L002__g1200,3,883471257670,883471.25767,upper,584,
ls,CP-SCALE-AU-L002__g1200,4,884914790693,884914.790693,upper,616,
ls,CP-SCALE-AU-L002__g1800,0,680717678435,680717.678435,upper,428,
ls,CP-SCALE-AU-L002__g1800,1,680577661984,680577.661984,upper,426,
ls,CP-SCALE-AU-L002__g1800,2,680718498206,680718.498206,upper,429,
ls,CP-SCALE-AU-L002__g1800,3,680718498206,680718.498206,upper,429,
ls,CP-SCALE-AU-L002__g1800,4,680717678435,680717.678435,upper,428,
ls,CP-SCALE-AU-L002__gW1200_gE0340_s0150,0,1256203282786,1256203.282786,upper,925,
ls,CP-SCALE-AU-L002__gW1200_gE0340_s0150,1,1256901591736,1256901.591736,upper,945,
ls,CP-SCALE-AU-L002__gW1200_gE0340_s0150,2,1256156708892,1256156.708892,upper,923,
ls,CP-SCALE-AU-L002__gW1200_gE0340_s0150,3,1256203282786,1256203.282786,upper,925,
ls,CP-SCALE-AU-L002__gW1200_gE0340_s0150,4,1256156866657,1256156.866657,upper,924,
ls,CP-SCALE-AU-L002__gW0340_gE1200_s0150,0,1255682624151,1255682.624151,upper,910,
ls,CP-SCALE-AU-L002__gW0340_gE1200_s0150,1,1255384373079,1255384.373079,upper,908,
ls,CP-SCALE-AU-L002__gW0340_gE1200_s0150,2,1255682624151,1255682.624151,upper,910,
ls,CP-SCALE-AU-L002__gW0340_gE1200_s0150,3,1255384373079,1255384.373079,upper,908,
ls,CP-SCALE-AU-L002__gW0340_gE1200_s0150,4,1256569526560,1256569.52656,upper,930,
ls,CP-SCALE-AU-L002__gW0680_gE1200_s0150,0,1061999814710,1061999.81471,upper,756,
ls,CP-SCALE-AU-L002__gW0680_gE1200_s0150,1,1061848477779,1061848.477779,upper,752,
ls,CP-SCALE-AU-L002__gW0680_gE1200_s0150,2,1061999814710,1061999.81471,upper,756,
ls,CP-SCALE-AU-L002__gW0680_gE1200_s0150,3,1062104070626,1062104.070626,upper,760,
ls,CP-SCALE-AU-L002__gW0680_gE1200_s0150,4,1061848477779,1061848.477779,upper,752,
ls,CP-SCALE-AU-L002__gW1200_gE0680_s0150,0,1059828281191,1059828.281191,upper,743,
ls,CP-SCALE-AU-L002__gW1200_gE0680_s0150,1,1061587623822,1061587.623822,upper,779,
ls,CP-SCALE-AU-L002__gW1200_gE0680_s0150,2,1060899737464,1060899.737464,upper,765,
ls,CP-SCALE-AU-L002__gW1200_gE0680_s0150,3,1062026143998,1062026.143998,upper,793,
ls,CP-SCALE-AU-L002__gW1200_gE0680_s0150,4,1062200452068,1062200.452068,upper,798,
gwmin,CP-SCALE-AU-L002__g0340,0,1428001569166,1428001.569166,outer,0,1.6276203952729702
gwmin,CP-SCALE-AU-L002__g0340,1,1428001569166,1428001.569166,outer,0,1.640371199697256
gwmin,CP-SCALE-AU-L002__g0340,2,1428001569166,1428001.569166,outer,0,1.6668065786361694
gwmin,CP-SCALE-AU-L002__g0340,3,1428001569166,1428001.569166,outer,0,1.664851550012827
gwmin,CP-SCALE-AU-L002__g0340,4,1428001569166,1428001.569166,outer,0,1.674239318817854
gwmin,CP-SCALE-AU-L002__g0680,0,1065567634886,1065567.634886,outer,0,2.1470701172947884
gwmin,CP-SCALE-AU-L002__g0680,1,1065567634886,1065567.634886,outer,0,2.133916076272726
gwmin,CP-SCALE-AU-L002__g0680,2,1065567634886,1065567.634886,outer,0,2.1198873333632946
gwmin,CP-SCALE-AU-L002__g0680,3,1065567634886,1065567.634886,outer,0,2.1220072358846664
gwmin,CP-SCALE-AU-L002__g0680,4,1065567634886,1065567.634886,outer,0,2.1364533193409443
gwmin,CP-SCALE-AU-L002__g1200,0,809272863416,809272.863416,outer,0,3.102376863360405
gwmin,CP-SCALE-AU-L002__g1200,1,809272863416,809272.863416,outer,0,3.081579964607954
gwmin,CP-SCALE-AU-L002__g1200,2,809272863416,809272.863416,outer,0,3.1339371129870415
gwmin,CP-SCALE-AU-L002__g1200,3,809272863416,809272.863416,outer,0,3.1161585673689842
gwmin,CP-SCALE-AU-L002__g1200,4,809272863416,809272.863416,outer,0,3.130291201174259
gwmin,CP-SCALE-AU-L002__g1800,0,489395475268,489395.475268,outer,0,3.732139430940151
gwmin,CP-SCALE-AU-L002__g1800,1,489395475268,489395.475268,outer,0,3.7355311810970306
gwmin,CP-SCALE-AU-L002__g1800,2,489395475268,489395.475268,outer,0,3.7918081283569336
gwmin,CP-SCALE-AU-L002__g1800,3,489395475268,489395.475268,outer,0,3.7732603177428246
gwmin,CP-SCALE-AU-L002__g1800,4,489395475268,489395.475268,outer,0,3.7057540342211723
gwmin,CP-SCALE-AU-L002__gW1200_gE0340_s0150,0,1125626623769,1125626.623769,outer,0,2.502822831273079
gwmin,CP-SCALE-AU-L002__gW1200_gE0340_s0150,1,1125626623769,1125626.623769,outer,0,2.4867092445492744
gwmin,CP-SCALE-AU-L002__gW1200_gE0340_s0150,2,1125626623769,1125626.623769,outer,0,2.455877400934696
gwmin,CP-SCALE-AU-L002__gW1200_gE0340_s0150,3,1125626623769,1125626.623769,outer,0,2.464436884969473
gwmin,CP-SCALE-AU-L002__gW1200_gE0340_s0150,4,1125626623769,1125626.623769,outer,0,2.491714458912611
gwmin,CP-SCALE-AU-L002__gW0340_gE1200_s0150,0,1130378714270,1130378.71427,outer,0,2.2282678596675396
gwmin,CP-SCALE-AU-L002__gW0340_gE1200_s0150,1,1130378714270,1130378.71427,outer,0,2.254880618304014
gwmin,CP-SCALE-AU-L002__gW0340_gE1200_s0150,2,1130378714270,1130378.71427,outer,0,2.2569098696112633
gwmin,CP-SCALE-AU-L002__gW0340_gE1200_s0150,3,1130378714270,1130378.71427,outer,0,2.278734803199768
gwmin,CP-SCALE-AU-L002__gW0340_gE1200_s0150,4,1130378714270,1130378.71427,outer,0,2.2686364240944386
gwmin,CP-SCALE-AU-L002__gW0680_gE1200_s0150,0,940994227410,940994.22741,outer,0,2.490355648100376
gwmin,CP-SCALE-AU-L002__gW0680_gE1200_s0150,1,940994227410,940994.22741,outer,0,2.4977351054549217
gwmin,CP-SCALE-AU-L002__gW0680_gE1200_s0150,2,940994227410,940994.22741,outer,0,2.4961264841258526
gwmin,CP-SCALE-AU-L002__gW0680_gE1200_s0150,3,940994227410,940994.22741,outer,0,2.4691712595522404
gwmin,CP-SCALE-AU-L002__gW0680_gE1200_s0150,4,940994227410,940994.22741,outer,0,2.4893802292644978
gwmin,CP-SCALE-AU-L002__gW1200_gE0680_s0150,0,943714371695,943714.371695,outer,0,2.751167882233858
gwmin,CP-SCALE-AU-L002__gW1200_gE0680_s0150,1,943714371695,943714.371695,outer,0,2.705741163343191
gwmin,CP-SCALE-AU-L002__gW1200_gE0680_s0150,2,943714371695,943714.371695,outer,0,2.7383918166160583
gwmin,CP-SCALE-AU-L002__gW1200_gE0680_s0150,3,943714371695,943714.371695,outer,0,2.7267163023352623
gwmin,CP-SCALE-AU-L002__gW1200_gE0680_s0150,4,943714371695,943714.371695,outer,0,2.7214762791991234
