method,graph_id,position_count,sum_value_ticks,mean_contact_seconds_exact
codex,CP-SCALE-AU-L002__g0340,5,8135106110047,1627021.2220094
codex,CP-SCALE-AU-L002__g0680,5,6249035779978,1249807.1559956
codex,CP-SCALE-AU-L002__g1200,5,4429698291004,885939.6582008
codex,CP-SCALE-AU-L002__g1800,5,3419246617775,683849.323555
codex,CP-SCALE-AU-L002__gW1200_gE0340_s0150,5,6318825088292,1263765.0176584
codex,CP-SCALE-AU-L002__gW0340_gE1200_s0150,5,6316480282928,1263296.0565856
codex,CP-SCALE-AU-L002__gW0680_gE1200_s0150,5,5342738148550,1068547.62971
codex,CP-SCALE-AU-L002__gW1200_gE0680_s0150,5,5339284430328,1067856.8860656
knn,CP-SCALE-AU-L002__g0340,5,8131957270081,1626391.4540162
knn,CP-SCALE-AU-L002__g0680,5,6248602730695,1249720.546139
knn,CP-SCALE-AU-L002__g1200,5,4430836002131,886167.2004262
knn,CP-SCALE-AU-L002__g1800,5,3417818143442,683563.6286884
knn,CP-SCALE-AU-L002__gW1200_gE0340_s0150,5,6313822105828,1262764.4211656
knn,CP-SCALE-AU-L002__gW0340_gE1200_s0150,5,6312208857631,1262441.7715262
knn,CP-SCALE-AU-L002__gW0680_gE1200_s0150,5,5342967946119,1068593.5892238
knn,CP-SCALE-AU-L002__gW1200_gE0680_s0150,5,5339863397724,1067972.6795448
linucb,CP-SCALE-AU-L002__g0340,5,8132113629002,1626422.7258004
linucb,CP-SCALE-AU-L002__g0680,5,6248372819068,1249674.5638136
linucb,CP-SCALE-AU-L002__g1200,5,4423960994626,884792.1989252
linucb,CP-SCALE-AU-L002__g1800,5,3418191976823,683638.3953646
linucb,CP-SCALE-AU-L002__gW1200_gE0340_s0150,5,6317859218124,1263571.8436248
linucb,CP-SCALE-AU-L002__gW0340_gE1200_s0150,5,6313576515818,1262715.3031636
linucb,CP-SCALE-AU-L002__gW0680_gE1200_s0150,5,5343663413057,1068732.6826114
linucb,CP-SCALE-AU-L002__gW1200_gE0680_s0150,5,5338968488462,1067793.6976924
chils,CP-SCALE-AU-L002__g0340,5,8121476506527,1624295.3013054
chils,CP-SCALE-AU-L002__g0680,5,6234114274633,1246822.8549266
chils,CP-SCALE-AU-L002__g1200,5,4392434913985,878486.982797
chils,CP-SCALE-AU-L002__g1800,5,3410242145619,682048.4291238
chils,CP-SCALE-AU-L002__gW1200_gE0340_s0150,5,6305473970445,1261094.794089
chils,CP-SCALE-AU-L002__gW0340_gE1200_s0150,5,6296580093389,1259316.0186778
chils,CP-SCALE-AU-L002__gW0680_gE1200_s0150,5,5323560225909,1064712.0451818
chils,CP-SCALE-AU-L002__gW1200_gE0680_s0150,5,5313829296894,1062765.8593788
grasp,CP-SCALE-AU-L002__g0340,5,7617532476394,1523506.4952788
grasp,CP-SCALE-AU-L002__g0680,5,5693098958770,1138619.791754
grasp,CP-SCALE-AU-L002__g1200,5,4209281145259,841856.2290518
grasp,CP-SCALE-AU-L002__g1800,5,3049477729463,609895.5458926
grasp,CP-SCALE-AU-L002__gW1200_gE0340_s0150,5,5914191299170,1182838.259834
grasp,CP-SCALE-AU-L002__gW0340_gE1200_s0150,5,5919032728142,1183806.5456284
grasp,CP-SCALE-AU-L002__gW0680_gE1200_s0150,5,4940662105875,988132.421175
grasp,CP-SCALE-AU-L002__gW1200_gE0680_s0150,5,4941911450330,988382.290066
fj,CP-SCALE-AU-L002__g0340,5,8116240477668,1623248.0955336
fj,CP-SCALE-AU-L002__g0680,5,6218596573611,1243719.3147222
fj,CP-SCALE-AU-L002__g1200,5,4358394373269,871678.8746538
fj,CP-SCALE-AU-L002__g1800,5,3424300583332,684860.1166664
fj,CP-SCALE-AU-L002__gW1200_gE0340_s0150,5,6288228953304,1257645.7906608
fj,CP-SCALE-AU-L002__gW0340_gE1200_s0150,5,6277112093124,1255422.4186248
fj,CP-SCALE-AU-L002__gW0680_gE1200_s0150,5,5291979809346,1058395.9618692
fj,CP-SCALE-AU-L002__gW1200_gE0680_s0150,5,5291160378849,1058232.0757698
fastwvc,CP-SCALE-AU-L002__g0340,5,8006644794136,1601328.9588272
fastwvc,CP-SCALE-AU-L002__g0680,5,6135031548754,1227006.3097508
fastwvc,CP-SCALE-AU-L002__g1200,5,4411488529159,882297.7058318
fastwvc,CP-SCALE-AU-L002__g1800,5,3423770155825,684754.031165
fastwvc,CP-SCALE-AU-L002__gW1200_gE0340_s0150,5,6230286362459,1246057.2724918
fastwvc,CP-SCALE-AU-L002__gW0340_gE1200_s0150,5,6224620028713,1244924.0057426
fastwvc,CP-SCALE-AU-L002__gW0680_gE1200_s0150,5,5273643156566,1054728.6313132
fastwvc,CP-SCALE-AU-L002__gW1200_gE0680_s0150,5,5274035083314,1054807.0166628
lns,CP-SCALE-AU-L002__g0340,5,8033788568040,1606757.713608
lns,CP-SCALE-AU-L002__g0680,5,6168908373968,1233781.6747936
lns,CP-SCALE-AU-L002__g1200,5,4384290928441,876858.1856882
lns,CP-SCALE-AU-L002__g1800,5,3402569891442,680513.9782884
lns,CP-SCALE-AU-L002__gW1200_gE0340_s0150,5,6241759233315,1248351.846663
lns,CP-SCALE-AU-L002__gW0340_gE1200_s0150,5,6242845928920,1248569.185784
lns,CP-SCALE-AU-L002__gW0680_gE1200_s0150,5,5271190969530,1054238.193906
lns,CP-SCALE-AU-L002__gW1200_gE0680_s0150,5,5273906966711,1054781.3933422
ls,CP-SCALE-AU-L002__g0340,5,8056696411734,1611339.2823468
ls,CP-SCALE-AU-L002__g0680,5,6195231650047,1239046.3300094
ls,CP-SCALE-AU-L002__g1200,5,4420175707308,884035.1414616
ls,CP-SCALE-AU-L002__g1800,5,3403450015266,680690.0030532
ls,CP-SCALE-AU-L002__gW1200_gE0340_s0150,5,6281621732857,1256324.3465714
ls,CP-SCALE-AU-L002__gW0340_gE1200_s0150,5,6278703521020,1255740.704204
ls,CP-SCALE-AU-L002__gW0680_gE1200_s0150,5,5309800655604,1061960.1311208
ls,CP-SCALE-AU-L002__gW1200_gE0680_s0150,5,5306542238543,1061308.4477086
gwmin,CP-SCALE-AU-L002__g0340,5,7140007845830,1428001.569166
gwmin,CP-SCALE-AU-L002__g0680,5,5327838174430,1065567.634886
gwmin,CP-SCALE-AU-L002__g1200,5,4046364317080,809272.863416
gwmin,CP-SCALE-AU-L002__g1800,5,2446977376340,489395.475268
gwmin,CP-SCALE-AU-L002__gW1200_gE0340_s0150,5,5628133118845,1125626.623769
gwmin,CP-SCALE-AU-L002__gW0340_gE1200_s0150,5,5651893571350,1130378.71427
gwmin,CP-SCALE-AU-L002__gW0680_gE1200_s0150,5,4704971137050,940994.22741
gwmin,CP-SCALE-AU-L002__gW1200_gE0680_s0150,5,4718571858475,943714.371695
