arm,graph_id,seed,screen_original,partition,value_ticks,contact_seconds,wall_seconds,result_sha256
full,CP-SCALE-AU-L002__g0340,67,True,0,1625909290927,1625909.290927,900.0309806577861,a120beab80ebb60015ce8cde43cfa71879778bc9439f6ce4a27b6851af18d87d
full,CP-SCALE-AU-L002__g0340,71,True,1,1626085150078,1626085.150078,900.0351306125522,b745051c4793f6281de0e06143b260528678e875eec71bf8b77dd0d54123307b
full,CP-SCALE-AU-L002__g0340,73,True,0,1626278023934,1626278.023934,900.02907544747,a0e2e16ddfdc4b7de4dc6be4872e4dcf823e8e237da3a8243622f470dcf435f1
full,CP-SCALE-AU-L002__g1800,67,True,0,684693383635,684693.383635,900.027173306793,ca03c3c074844a8f57140bfcf27e1ccab180d57225677d1d60410813be135d4d
full,CP-SCALE-AU-L002__g1800,71,True,0,683585822160,683585.82216,900.0281805358827,f84879bc1519bb890cdaa43ebb7ed6728f1e0d02b17efe5f81bfce2e7f682e55
full,CP-SCALE-AU-L002__g1800,73,True,1,683230861951,683230.861951,900.031169578433,7542689ac6cda3dedaa070ab457cf974df3777566f1c04b5db68cc9d2e9b0608
full,CP-SCALE-AU-L002__gW0340_gE1200_s0150,67,True,0,1264044072984,1264044.072984,900.0299325026572,58c9ea0a7ac6014315bc77b2138ce399bc703b6c8a4a4e8df95f8041d58a820a
full,CP-SCALE-AU-L002__gW0340_gE1200_s0150,71,True,1,1265788397665,1265788.397665,900.0354128479958,3b3ee610830f27ae61e9a5ca0940d0f5244da758741506c859ef9556e97d8e3b
full,CP-SCALE-AU-L002__gW0340_gE1200_s0150,73,True,1,1263545153739,1263545.153739,900.0342744290829,2e08060a7672627f58b4ca9be6a8a99da4f6c151a265fd5bece08768de032949
full,CP-SCALE-AU-L002__gW1200_gE0340_s0150,67,True,0,1262943954568,1262943.954568,900.0276467241347,103ad2b436de8565181baaa8e9a80ba967062faf1d37653eb8470eb12938cdce
full,CP-SCALE-AU-L002__gW1200_gE0340_s0150,71,True,1,1263876970528,1263876.970528,900.0340150818229,3791c9e7cd3323f1d7f8d91c56b2f900bf44e97a18bf30d95c6cf48115b2f3ad
full,CP-SCALE-AU-L002__gW1200_gE0340_s0150,73,True,1,1264976259583,1264976.259583,900.038759291172,ff9abdd92c3ead87f7a61fcfe78f148dfe2076e5a1ec7ac3f0fc4172bae37dbe
random_siu,CP-SCALE-AU-L002__g0340,67,True,0,1625951085120,1625951.08512,900.010986816138,e79c0d213e46061e430bef182681c9abcab56f4e38264391590f1cf7a60f321c
random_siu,CP-SCALE-AU-L002__g0340,71,True,1,1626349976344,1626349.976344,900.0138892903924,f0653cda44e8da366b8d8ffc632d9b7cbad8a1682cee49c3a1af9a43122247de
random_siu,CP-SCALE-AU-L002__g0340,73,True,0,1626407020921,1626407.020921,900.0218947678804,644bbc16777257f9828c009c30ab5572ffe62caa01c1444c9bb1206ef70eda86
random_siu,CP-SCALE-AU-L002__g1800,67,True,0,685842282436,685842.282436,900.0161384791136,038f593548b82fe5ded9c29658611d58265819a6d9b78e16369c7c638439b850
random_siu,CP-SCALE-AU-L002__g1800,71,True,0,683541921659,683541.921659,900.0089028216898,3c9a9b833cab10dedebb54fe66117a706385b8b3b500d4cec5895cc7fd790a56
random_siu,CP-SCALE-AU-L002__g1800,73,True,1,683720133295,683720.133295,900.0104450434446,4d66a4eb7958ba318922b658588edaf24c405e1e3b69069da50dd045ff683982
random_siu,CP-SCALE-AU-L002__gW0340_gE1200_s0150,67,True,0,1262925840915,1262925.840915,900.0118732005358,c9d6d2ec3edc782251949417ec2da80e74babc4e560cdcf2aeb345a41e8e153d
random_siu,CP-SCALE-AU-L002__gW0340_gE1200_s0150,71,True,1,1262882927084,1262882.927084,900.0111709907651,108df90dc4b84a736ee958b3fe89bf041c3c9ee4c9d199677701b2a4f8b0f10d
random_siu,CP-SCALE-AU-L002__gW0340_gE1200_s0150,73,True,1,1261361990197,1261361.990197,900.0133856460452,db4a8faf9d1c90cb0e0a2f33f9ec8641ab7ede3c616c18d881943a17d24b3a6e
random_siu,CP-SCALE-AU-L002__gW1200_gE0340_s0150,67,True,0,1261354338643,1261354.338643,900.0099900960922,bd24001d893438afccb685e6bfb0221334bcba8b28e898a7d57d1e8fdc11de58
random_siu,CP-SCALE-AU-L002__gW1200_gE0340_s0150,71,True,1,1264415495725,1264415.495725,900.0115429013968,70f57c110c339666fdac4c281b740797015e198ca0c3d7260d83d7ea7cf1c9c9
random_siu,CP-SCALE-AU-L002__gW1200_gE0340_s0150,73,True,1,1263743805754,1263743.805754,900.0131114125252,6e4382032bf31920a4691aaafe4b3841f661c1ffc2d161325db9dd7bbf1a8de5
single_op,CP-SCALE-AU-L002__g0340,67,True,0,1627206177273,1627206.177273,900.0298285037279,b3e29b1377e5f24aa00a92e79b25768efca581860a7092ddd5642e1fd78f7c7a
single_op,CP-SCALE-AU-L002__g0340,71,True,1,1626979058428,1626979.058428,900.0369444340467,bd55bc084e3b79733acff01822d5bd036c34371cbc4e95e04c66a7e87bdf6065
single_op,CP-SCALE-AU-L002__g0340,73,True,0,1625988236546,1625988.236546,900.0299779810011,99b24edcbdb1d36d362d2660cfab5c0b6eb8698d0d31aa4f633878b095745ba3
single_op,CP-SCALE-AU-L002__g1800,67,True,0,685296556454,685296.556454,900.0255585238338,5ea338bec2f41d4a0ac219d4aa9fd604996f145d57c1af86a4243ad09d8ab30b
single_op,CP-SCALE-AU-L002__g1800,71,True,0,686268571800,686268.5718,900.0260009840131,0a23031a8eadc6741d26924e7fc5cb6fc3800a5157d5abf339e5c32ff6dd0b61
single_op,CP-SCALE-AU-L002__g1800,73,True,1,683060721847,683060.721847,900.0311777666211,7d9daf6393958c637c4c9f1bd9952cf92e6fede7d8cba6a8efe5683fe8391f65
single_op,CP-SCALE-AU-L002__gW0340_gE1200_s0150,67,True,0,1263617756195,1263617.756195,900.0292446538806,a5f349c8fb7c64a42490f28bfd1f84e7507618eadd88466e40dc59343256d7eb
single_op,CP-SCALE-AU-L002__gW0340_gE1200_s0150,71,True,1,1262506258344,1262506.258344,900.0352344214916,1b056fe45369d28d871c92269036762aa79100893f53097c060d7caa02b4e04f
single_op,CP-SCALE-AU-L002__gW0340_gE1200_s0150,73,True,1,1262424736422,1262424.736422,900.0363717004657,15204c40a78dec2799f505044b9363db84580216bc0bc8c919eebe392a0a6e72
single_op,CP-SCALE-AU-L002__gW1200_gE0340_s0150,67,True,0,1262748083052,1262748.083052,900.0300032012165,22fb8024a9bfe87039fd0fff52625893972c2ecc9c449ea0bcdbad86415fac73
single_op,CP-SCALE-AU-L002__gW1200_gE0340_s0150,71,True,1,1263262592240,1263262.59224,900.0375033169985,27f0375a035ef6325ceca9636dc90725e67405f635de172d84d4c32bde47028a
single_op,CP-SCALE-AU-L002__gW1200_gE0340_s0150,73,True,1,1264474734846,1264474.734846,900.0350459516048,01a81a62dd9c361d8b992178b7d4b5ab08ebc0e719bbcb20b7e4b3be6cba3808
no_struct,CP-SCALE-AU-L002__g0340,67,True,0,1626934042398,1626934.042398,900.030259359628,571971ad0191d35572e514d4db2df4a5ad6f543c67e81a571859df3fcec6e3ef
no_struct,CP-SCALE-AU-L002__g0340,71,True,1,1628594658047,1628594.658047,900.0370686277747,c5081611a7434f737df307334fe65429a88f1fe137dfd927935f4afcfb4dc389
no_struct,CP-SCALE-AU-L002__g0340,73,True,0,1625841756817,1625841.756817,900.0293922461569,7b35998d16c8ef7134fa7e385dc0b0d5c1bffb2c730cdaf7e5612ec1cf69e138
no_struct,CP-SCALE-AU-L002__g1800,67,True,0,685385584520,685385.58452,900.0262629799545,fadc7e3b07bf9886e3b0a05247cfce501e512bc89b409b26714076f0e7511dac
no_struct,CP-SCALE-AU-L002__g1800,71,True,0,683571269219,683571.269219,900.026679456234,d48b5668fff9075c091c0c447b9edf921e1991c3867eece1c158f00985565a7d
no_struct,CP-SCALE-AU-L002__g1800,73,True,1,684236973199,684236.973199,900.0321624651551,1745e54125035ae3e38f6a1663471dd5b11dd4f754ea105e5ffabde75e8729e1
no_struct,CP-SCALE-AU-L002__gW0340_gE1200_s0150,67,True,0,1262652226178,1262652.226178,900.0290949344635,c23120cf655daf3382e2634d969233a8bfc124b2979b2b070eeb422cb4e6195d
no_struct,CP-SCALE-AU-L002__gW0340_gE1200_s0150,71,True,1,1263118620783,1263118.620783,900.0380164086819,f6fbf0f76016e918547f0e2951046ea35f364e879c9d2d7c8f618e87bde638e4
no_struct,CP-SCALE-AU-L002__gW0340_gE1200_s0150,73,True,1,1263280891646,1263280.891646,900.035155877471,33fa9d996c1d6e7c0f77e7b71438b36cbd2685e1138c6ae8a2d36fb6daf3e735
no_struct,CP-SCALE-AU-L002__gW1200_gE0340_s0150,67,True,0,1262099184363,1262099.184363,900.0296882353723,65e11dada8e7aa4d4b967ba7b4500e5e2195da899531ae994c7a5c74ac42387f
no_struct,CP-SCALE-AU-L002__gW1200_gE0340_s0150,71,True,1,1262804597127,1262804.597127,900.0343713536859,076483623b53033b32a1bac25dbc421bcd2fc0a6b4cc7e233b63c23f63498a9f
no_struct,CP-SCALE-AU-L002__gW1200_gE0340_s0150,73,True,1,1264857397449,1264857.397449,900.0322470292449,1ecd6361af615f2ee5de3f33616b9cf547ee40b7191c46df2304d13b9e153f00
siu_off,CP-SCALE-AU-L002__g0340,67,False,0,1623103611353,1623103.611353,900.0106026642025,1e69533e88be7e5d262e20d034ab6787b890f81c13a58d639e275fd85bbe9c1f
siu_off,CP-SCALE-AU-L002__g0340,71,False,1,1621532631470,1621532.63147,900.0137343779206,0c16054a5a9c1a471b7e4a6c32a3e88d66c35c394f500f2d5ce5824ccfff4186
siu_off,CP-SCALE-AU-L002__g0340,73,False,0,1623716809445,1623716.809445,900.0108485110104,626f97161b064ba9c1fd4db92c2d9ca3d8339208865bc1cdd5a4d68f44fad785
siu_off,CP-SCALE-AU-L002__g0340,79,False,1,1624588827728,1624588.827728,900.0129631608725,bbff88e3a2bcde446f11811d834dc1cc122b14f15cacff7ab25080c1b8deee8b
siu_off,CP-SCALE-AU-L002__g0340,83,False,0,1623723344535,1623723.344535,900.0109590180218,431eab3b843e2a79ccbb3cf084449b187ecd66b5cd87153d0c49cc3cbaf70815
siu_off,CP-SCALE-AU-L002__g0680,67,False,1,1247428161225,1247428.161225,900.0120173543692,b29e7933484334098c308a7f2f2038ea59b75a990f09f132484b0fb427316b95
siu_off,CP-SCALE-AU-L002__g0680,71,False,0,1247023277312,1247023.277312,900.0099880062044,3d8deaab772fd6f5e9cdff3adf9364796d3eee151d7b62b9a5bd37f88e3d13c9
siu_off,CP-SCALE-AU-L002__g0680,73,False,1,1247424403098,1247424.403098,900.0142378285527,34b3d3cfd25ca10c5755d6a02a76d840c51dfbbb16b6ecba687693610ce691d3
siu_off,CP-SCALE-AU-L002__g0680,79,False,0,1247513103914,1247513.103914,900.0094662904739,cd0a47dcf621c3976976bf3a3c739e391238990e85aa6e3a63534a3e540321ec
siu_off,CP-SCALE-AU-L002__g0680,83,False,1,1246028258972,1246028.258972,900.0119408667088,d8548eed4474598ac8f964039a8d79e88d0fb1d11044ff2b549d76825f85d7b8
siu_off,CP-SCALE-AU-L002__g1200,67,False,1,879238101413,879238.101413,900.0144776776433,90058d32dee5f549d04fe50cabc1aeab58fc87ae0ce1be58be5ca0b5704ee853
siu_off,CP-SCALE-AU-L002__g1200,71,False,0,878889040379,878889.040379,900.007804568857,848e4ac0e31f647e22782b3952fede32de441923117a02579b49a10b64fc1c74
siu_off,CP-SCALE-AU-L002__g1200,73,False,1,880042071368,880042.071368,900.0118864476681,df9bdae04c0b38435a66cf7959eb1927661c9c743a1c6b7b5d0ecf6ff12840a0
siu_off,CP-SCALE-AU-L002__g1200,79,False,0,880757522849,880757.522849,900.0081816129386,1ba4c0894cf9ad46eacff565fbc5acdd35b7eeb7736d485bd1955ee00fbc5a32
siu_off,CP-SCALE-AU-L002__g1200,83,False,1,878735988844,878735.988844,900.0110868439078,0ce4df017ca1973ad583692c193cd333670d5aa9829a1b47c519ac3101257734
siu_off,CP-SCALE-AU-L002__g1800,67,False,0,680696697575,680696.697575,900.0061077997088,6f87a4e705d49612805a3589f7244d4397b8840617f33265c0d983465c0d8f8c
siu_off,CP-SCALE-AU-L002__g1800,71,False,0,681344728341,681344.728341,900.0078683681786,1fe9956bb9936da59e60e7fbbb753c118080e20e589c70e3cb518ede37f5668b
siu_off,CP-SCALE-AU-L002__g1800,73,False,1,678887721635,678887.721635,900.0133282095194,8580ede94f572f768c77c531d0e142108db403ae2554103b5d18430c2b7a9448
siu_off,CP-SCALE-AU-L002__g1800,79,False,0,678779499264,678779.499264,900.0094843991101,490b8b34271c3e69ba09f7ada81b3d49caa8553880715bdac5555b759338aa29
siu_off,CP-SCALE-AU-L002__g1800,83,False,1,680943202503,680943.202503,900.0105782598257,f3cc03115796e8b46150c07fb0a5a399193979b67de3e283acfff1c16c65d902
siu_off,CP-SCALE-AU-L002__gW0340_gE1200_s0150,67,False,0,1258342771083,1258342.771083,900.0101672671735,3f33d96e7740a35371f013d5c2e80356ddbc51c959f4848e6d0a3676acc8b551
siu_off,CP-SCALE-AU-L002__gW0340_gE1200_s0150,71,False,1,1258889413687,1258889.413687,900.0140002518892,3335cc6c6803add903a3966482c339bff8dd7152776b3e4e81fe2ea69bb229c5
siu_off,CP-SCALE-AU-L002__gW0340_gE1200_s0150,73,False,1,1259752767419,1259752.767419,900.0129806622863,368e1e5b531a9092afcc1b67b943c22264055b4c28b2ee3db5af5d3d8b69b055
siu_off,CP-SCALE-AU-L002__gW0340_gE1200_s0150,79,False,0,1256703304771,1256703.304771,900.0095720030367,589f974abc8b1c8a615fa58aa9af390b9421f238287e5c884f0b946e8849c64b
siu_off,CP-SCALE-AU-L002__gW0340_gE1200_s0150,83,False,0,1256500198697,1256500.198697,900.0094628036022,4eb0aaa69b1ae7fa8ed94a9c61d1bb858050c67679a96f47d196866a0d28738a
siu_off,CP-SCALE-AU-L002__gW0680_gE1200_s0150,67,False,1,1063838617515,1063838.617515,900.0113874450326,c8672bda0736f15d3238a61e9c5013a1be7f15b37ea710df0645df7f85611ef3
siu_off,CP-SCALE-AU-L002__gW0680_gE1200_s0150,71,False,1,1064114920366,1064114.920366,900.0117706358433,d7a8bca5d743ee26ae8f288842ee76d5bb9383b4504d3759a5e24580432b4816
siu_off,CP-SCALE-AU-L002__gW0680_gE1200_s0150,73,False,1,1065282880114,1065282.880114,900.0125469714403,fe3a5386080b8ec8d210c1aa63683f14a1379a3b6b1bd38a3e4114ec99474438
siu_off,CP-SCALE-AU-L002__gW0680_gE1200_s0150,79,False,0,1063997415294,1063997.415294,900.0099931098521,a9009b4aa1cf99119b00a99da795dde2f85d1663a7aa641b3f636b55154a603c
siu_off,CP-SCALE-AU-L002__gW0680_gE1200_s0150,83,False,1,1064724694901,1064724.694901,900.013401530683,cb038575a1ad7d311f2eec0bf24010148b16f85d20a8d32e326bc0474f79d1e8
siu_off,CP-SCALE-AU-L002__gW1200_gE0340_s0150,67,False,0,1259035234577,1259035.234577,900.0099629200995,9e66b9481ff236c89e2970980ccde112dd13302a93c8167e641ae12b38cab5a7
siu_off,CP-SCALE-AU-L002__gW1200_gE0340_s0150,71,False,1,1256869107343,1256869.107343,900.0121976137161,aaa21223ca0caf885876859e7bf84c4443dde8e1c04a6a0c52ada6b715349319
siu_off,CP-SCALE-AU-L002__gW1200_gE0340_s0150,73,False,1,1261891302868,1261891.302868,900.0124394744635,9591e582ff92e87fd9e851dd5c58e43b32bcf08a2e484296e0f6a9a19e7b29b8
siu_off,CP-SCALE-AU-L002__gW1200_gE0340_s0150,79,False,1,1258334330651,1258334.330651,900.0120524466038,2396ddd51d0816445e1f869eabec0c035bd1fcf72b861415ddda0092f2941fcd
siu_off,CP-SCALE-AU-L002__gW1200_gE0340_s0150,83,False,1,1256808017594,1256808.017594,900.012860275805,582095250c6629992954d2c4f6d7f3fcc11891dded60ff3721c19f08aa5c8040
siu_off,CP-SCALE-AU-L002__gW1200_gE0680_s0150,67,False,0,1063826710974,1063826.710974,900.0091918185353,55cc309df4d554ca835d05c39a2442eb9fd28c627502365df0ba57813fc139fe
siu_off,CP-SCALE-AU-L002__gW1200_gE0680_s0150,71,False,0,1063780132777,1063780.132777,900.0090123303235,2c0580a1385dec498888ca41154bf2f1e64c5a2fb4b045c28d0938144a0d0634
siu_off,CP-SCALE-AU-L002__gW1200_gE0680_s0150,73,False,0,1064111136646,1064111.136646,900.0089586041868,a8d9e160e1139954fa9e3f2fb11bba11d408fafc0154fddc877237a8f35588a9
siu_off,CP-SCALE-AU-L002__gW1200_gE0680_s0150,79,False,0,1063764251830,1063764.25183,900.0090470388532,0b67b81888a2975224ee7641b553e7b66191cf69dab74bd64f4559cf468d47b3
siu_off,CP-SCALE-AU-L002__gW1200_gE0680_s0150,83,False,0,1065157274846,1065157.274846,900.0101464428008,28cde44df27ac28c701a9b4a30a09afcb3f6e62abdfdba89c596cd5b4ae6a494
fixed_spread,CP-SCALE-AU-L002__g0340,67,False,0,1624631717972,1624631.717972,900.0123308300972,edb59669f9c4282731ddc30fac5993c76cf6f501ff150bfed1c6bca01b094a32
fixed_spread,CP-SCALE-AU-L002__g0340,71,False,1,1626132913550,1626132.91355,900.0152518078685,d4e6af0c266f85cc78e342ee8b95b695b955a6374c45acb36358b6f62b941019
fixed_spread,CP-SCALE-AU-L002__g0340,73,False,0,1625003600484,1625003.600484,900.010669618845,88119fbbb42b25bd5d05a4d610603c755b6074a6cedcc72550529fc06ff3119e
fixed_spread,CP-SCALE-AU-L002__g0340,79,False,1,1626215534461,1626215.534461,900.01300740242,5e5c4092ad92e84ca980b65a1afddbb7e6d876395411a5700e57e9df9c93f4d2
fixed_spread,CP-SCALE-AU-L002__g0340,83,False,0,1625561005701,1625561.005701,900.0150818675756,ef53d09dff16a46a35d05d56b47f1b42d5edfbbece86e82e7299629669d4f220
fixed_spread,CP-SCALE-AU-L002__g0680,67,False,1,1249474363746,1249474.363746,900.0128115415573,79b496862f86861ca383e157a141c9b389a78727c2bf00b4b37f3eb8800399ce
fixed_spread,CP-SCALE-AU-L002__g0680,71,False,0,1249291327884,1249291.327884,900.0134203024209,57cc38c07dec649b410cc40105b99991f88268a8d217f1a984cdf51d84627c85
fixed_spread,CP-SCALE-AU-L002__g0680,73,False,1,1249487205238,1249487.205238,900.0130145773292,07f109b1a790f03124af0a37ff2335bf4226b23c48f43fe5a7849041a6aabcee
fixed_spread,CP-SCALE-AU-L002__g0680,79,False,0,1248850909388,1248850.909388,900.0106937177479,fcd1d39f9c9ecc8b5a7d073c1055ff0744ad5937496bfbb0bb1df54ac11e2b75
fixed_spread,CP-SCALE-AU-L002__g0680,83,False,1,1249512803239,1249512.803239,900.0140431895852,90991577963d1338e0229e0623033176466688ea6cb6e3c75bd83a9eeaaae133
fixed_spread,CP-SCALE-AU-L002__g1200,67,False,1,883231989307,883231.989307,900.0134171545506,cf3ceb9df54d46a163648e7db56a4aafff9c52e2d91feb85c9f2e5c67a6f3013
fixed_spread,CP-SCALE-AU-L002__g1200,71,False,0,884713112779,884713.112779,900.0094758048654,4f6043508e15822210340cba0d9d6bcdacca7742c09c13e3c96993afaf0a6cec
fixed_spread,CP-SCALE-AU-L002__g1200,73,False,1,885673866903,885673.866903,900.0117763578892,dec6a23ea0568971d1f93f54f039a52f619dfa5a5ab361dbd543e4df9a0e1925
fixed_spread,CP-SCALE-AU-L002__g1200,79,False,0,884864597129,884864.597129,900.0075984969735,fd6ff0b7cb72e989ef05dc85c1b28c2cf1e304f594f616ceafdbd27677f167c3
fixed_spread,CP-SCALE-AU-L002__g1200,83,False,1,882367378042,882367.378042,900.0137735232711,c6020fd70271045166be2d622091ce84a907b7c35d52693298855db307b1da9c
fixed_spread,CP-SCALE-AU-L002__g1800,67,False,0,683183383199,683183.383199,900.0101343169808,6bee11248c2117024f9950e71824f3dff57f0f4aa801333d8b48adbbfcbfeecd
fixed_spread,CP-SCALE-AU-L002__g1800,71,False,0,683816341211,683816.341211,900.0082306042314,b5df64bf22d9a675f725cbc375005576b43cce65c1bfac58f7352993e7b3d023
fixed_spread,CP-SCALE-AU-L002__g1800,73,False,1,683553277350,683553.27735,900.0112395137548,1080ef9f7ba70e6f0951f062fd67514073da785ef28981aa40dc09bf8dc1178a
fixed_spread,CP-SCALE-AU-L002__g1800,79,False,0,681312099672,681312.099672,900.0100183971226,b0398021b0d4fe488e55a71ade5efd677ee8e3295be4135878600ac10cbaecab
fixed_spread,CP-SCALE-AU-L002__g1800,83,False,1,682926888932,682926.888932,900.0116015151143,5b5ffce867e4ee583232370bf9fef4236e4bb2d135bf3a8fc03dd19bb760c802
fixed_spread,CP-SCALE-AU-L002__gW0340_gE1200_s0150,67,False,0,1260424682646,1260424.682646,900.0139442682266,28b68267405191edeae5113d810391ba727a122f7b33c5d15161594e12e87400
fixed_spread,CP-SCALE-AU-L002__gW0340_gE1200_s0150,71,False,1,1261287125367,1261287.125367,900.0127760469913,8607efe01ff856f65cf34a23b12387d08b2de158d4d8657ab037ec53b22992ad
fixed_spread,CP-SCALE-AU-L002__gW0340_gE1200_s0150,73,False,1,1261645369070,1261645.36907,900.0154533535242,b4bc6ef4d0fcf116e2258aaf4da4c1222ba91b2b4e70e251c81db72b34b91bc7
fixed_spread,CP-SCALE-AU-L002__gW0340_gE1200_s0150,79,False,0,1262324945367,1262324.945367,900.0114249251783,7647319167e9689719260860c4ac4a23a5f787d7f8ca35eca89e1824f708e774
fixed_spread,CP-SCALE-AU-L002__gW0340_gE1200_s0150,83,False,0,1261767642006,1261767.642006,900.0143270380795,5973341e65ba7d812d76b21f1ad917022e2cf28daae523768e0ff0658b8d2f80
fixed_spread,CP-SCALE-AU-L002__gW0680_gE1200_s0150,67,False,1,1066456504072,1066456.504072,900.0140887796879,e6b6e3c252cabd9b272117f84f635ba276432a744f996cfedd9850b2d85002aa
fixed_spread,CP-SCALE-AU-L002__gW0680_gE1200_s0150,71,False,1,1067234354685,1067234.354685,900.0160362422466,ff215a3187fea5c841a1e3ba7461b2439140447199b3ee69ff48529304d98f96
fixed_spread,CP-SCALE-AU-L002__gW0680_gE1200_s0150,73,False,1,1069801576858,1069801.576858,900.0149507448077,567e31329b5d20e1055fb6826c6810475cd5353c1f799a1ead42c7cff1216e14
fixed_spread,CP-SCALE-AU-L002__gW0680_gE1200_s0150,79,False,0,1067420842462,1067420.842462,900.0086446516216,dcda2f885915eeeb24218bf0b19f15f5de95568d184ee0d3f315faee626a2ebc
fixed_spread,CP-SCALE-AU-L002__gW0680_gE1200_s0150,83,False,1,1067910463650,1067910.46365,900.0119343176484,d14ec29a2f6f08834cec34222dab5797bb1127375ce959a4e293d705dc2f43e2
fixed_spread,CP-SCALE-AU-L002__gW1200_gE0340_s0150,67,False,0,1262795659691,1262795.659691,900.0137761682272,f365b20e93e9491cdb3871a3479605ec827868a047fb8c48f748823cd6e853f1
fixed_spread,CP-SCALE-AU-L002__gW1200_gE0340_s0150,71,False,1,1261710051038,1261710.051038,900.011379852891,93942cf18d78423680e7b2ee5598deae88f491f587d6c0ef4a98425f1b3393a4
fixed_spread,CP-SCALE-AU-L002__gW1200_gE0340_s0150,73,False,1,1264049376922,1264049.376922,900.0124757960439,1a821b80b4ce1a8d330e8a8d145d6707df22ca10bfd90ec532aab5fc641e2040
fixed_spread,CP-SCALE-AU-L002__gW1200_gE0340_s0150,79,False,1,1263175643403,1263175.643403,900.0137104839087,6c5c98ef330f770b3538fba47ef6e1e9badcc3ad686dc8710fefaf773bca1e0c
fixed_spread,CP-SCALE-AU-L002__gW1200_gE0340_s0150,83,False,1,1260986992705,1260986.992705,900.0139153748751,d929c53f9d86edaa19e97812c497323d0dfc3f045ed46af2b9634df8c0e6f1ce
fixed_spread,CP-SCALE-AU-L002__gW1200_gE0680_s0150,67,False,0,1067629837563,1067629.837563,900.0115659795702,24c56a2935eb3a0c05b21c3b34b0ecc54d8d1b9aadec53a86dc6c041f1fcb5a6
fixed_spread,CP-SCALE-AU-L002__gW1200_gE0680_s0150,71,False,0,1066222109767,1066222.109767,900.0107939876616,1a03ad13d50fa769457f44308d539efac7c5cc3cf1315a311bd70906655e6c50
fixed_spread,CP-SCALE-AU-L002__gW1200_gE0680_s0150,73,False,0,1066794046789,1066794.046789,900.0108326300979,d6d0824a92ddfb8e42049ee587f11f7031ba29b72f19012cf209bfd744208fd1
fixed_spread,CP-SCALE-AU-L002__gW1200_gE0680_s0150,79,False,0,1065782447256,1065782.447256,900.0096999034286,2208c9bada2e050a47bbb43fb41883c4660e68c68bec0f0904efac5925147c36
fixed_spread,CP-SCALE-AU-L002__gW1200_gE0680_s0150,83,False,0,1067461709647,1067461.709647,900.0091098546982,ac762490c7fe4d2d76f17861acf2e9add7b1841b2d3ddddebaf5c94a2a843756
