method,graph_id,seed,value_ticks,contact_seconds,last_native_seconds,last_outer_alignment_bound_seconds,observed_improvements,900_score_clock,value_at_900_ticks,contact_at_900_seconds,last_improvement_at_or_before_900_seconds,later_improvements_after_900
chils_telemetry,CP-SCALE-AU-L002__g0340,67,1624126097415,1624126.097415,443.754108906,447.839919153808695,1280,native,1624126097415,1624126.097415,443.754108906,0
chils_telemetry,CP-SCALE-AU-L002__g0340,71,1622598642549,1622598.642549,540.075748920,544.103810078955097,1256,native,1622598642549,1622598.642549,540.075748920,0
chils_telemetry,CP-SCALE-AU-L002__g0340,73,1624545796404,1624545.796404,420.072498083,424.201003268246468,1282,native,1624545796404,1624545.796404,420.072498083,0
chils_telemetry,CP-SCALE-AU-L002__g0340,79,1622338145716,1622338.145716,888.559532881,892.619933232881981,1167,native,1622338145716,1622338.145716,888.559532881,0
chils_telemetry,CP-SCALE-AU-L002__g0340,83,1622125073685,1622125.073685,720.093693018,724.255389351438158,1223,native,1622125073685,1622125.073685,720.093693018,0
chils_telemetry,CP-SCALE-AU-L002__g0680,67,1246843749040,1246843.74904,895.057029963,900.00414818198818,1240,native,1246843749040,1246843.74904,895.057029963,0
chils_telemetry,CP-SCALE-AU-L002__g0680,71,1245831998304,1245831.998304,420.494090796,425.5295691159727535,1216,native,1245831998304,1245831.998304,420.494090796,0
chils_telemetry,CP-SCALE-AU-L002__g0680,73,1247497614429,1247497.614429,393.488727093,398.463571381080931,1220,native,1247497614429,1247497.614429,393.488727093,0
chils_telemetry,CP-SCALE-AU-L002__g0680,79,1246979174437,1246979.174437,251.620403767,256.4865354154212875,1259,native,1246979174437,1246979.174437,251.620403767,0
chils_telemetry,CP-SCALE-AU-L002__g0680,83,1249051014413,1249051.014413,420.078627825,425.098563589372349,1308,native,1249051014413,1249051.014413,420.078627825,0
chils_telemetry,CP-SCALE-AU-L002__g1200,67,880340330647,880340.330647,840.170515060,846.64357222201663,632,native,880340330647,880340.330647,840.170515060,0
chils_telemetry,CP-SCALE-AU-L002__g1200,71,876997625053,876997.625053,371.569057941,377.9537694263560925,580,native,876997625053,876997.625053,371.569057941,0
chils_telemetry,CP-SCALE-AU-L002__g1200,73,877481730116,877481.730116,509.005892038,515.276735793453825,605,native,877481730116,877481.730116,509.005892038,0
chils_telemetry,CP-SCALE-AU-L002__g1200,79,881235163043,881235.163043,392.559414864,398.946868934150852,655,native,881235163043,881235.163043,392.559414864,0
chils_telemetry,CP-SCALE-AU-L002__g1200,83,877340784103,877340.784103,450.060503006,456.5167108737117825,550,native,877340784103,877340.784103,450.060503006,0
chils_telemetry,CP-SCALE-AU-L002__g1800,67,683688273733,683688.273733,660.255170822,668.555173013215754,590,native,683688273733,683688.273733,660.255170822,0
chils_telemetry,CP-SCALE-AU-L002__g1800,71,682370107638,682370.107638,540.144392014,548.160335395935358,590,native,682370107638,682370.107638,540.144392014,0
chils_telemetry,CP-SCALE-AU-L002__g1800,73,681507012117,681507.012117,670.872281790,679.36255759395341,613,native,681507012117,681507.012117,670.872281790,0
chils_telemetry,CP-SCALE-AU-L002__g1800,79,680815490333,680815.490333,188.458108902,196.601231630914022,583,native,680815490333,680815.490333,188.458108902,0
chils_telemetry,CP-SCALE-AU-L002__g1800,83,683541726037,683541.726037,663.256797791,671.3665469889599,586,native,683541726037,683541.726037,663.256797791,0
chils_telemetry,CP-SCALE-AU-L002__gW0340_gE1200_s0150,67,1259579394404,1259579.394404,540.092858076,545.365708704942251,1032,native,1259579394404,1259579.394404,540.092858076,0
chils_telemetry,CP-SCALE-AU-L002__gW0340_gE1200_s0150,71,1261475462099,1261475.462099,561.753015995,567.0906329042953205,1081,native,1261475462099,1261475.462099,561.753015995,0
chils_telemetry,CP-SCALE-AU-L002__gW0340_gE1200_s0150,73,1259359805792,1259359.805792,894.628705978,900.004292279088333,1034,native,1259359805792,1259359.805792,894.628705978,0
chils_telemetry,CP-SCALE-AU-L002__gW0340_gE1200_s0150,79,1261476142626,1261476.142626,440.996194124,446.3966893886791935,1115,native,1261476142626,1261476.142626,440.996194124,0
chils_telemetry,CP-SCALE-AU-L002__gW0340_gE1200_s0150,83,1257940114983,1257940.114983,843.828992128,848.9940604042265205,1030,native,1257940114983,1257940.114983,843.828992128,0
chils_telemetry,CP-SCALE-AU-L002__gW0680_gE1200_s0150,67,1062964319901,1062964.319901,552.192631006,557.762815367189604,1030,native,1062964319901,1062964.319901,552.192631006,0
chils_telemetry,CP-SCALE-AU-L002__gW0680_gE1200_s0150,71,1063645598454,1063645.598454,870.897783995,876.5383296053384495,990,native,1063645598454,1063645.598454,870.897783995,0
chils_telemetry,CP-SCALE-AU-L002__gW0680_gE1200_s0150,73,1065347081981,1065347.081981,361.405090094,367.155493650972742,978,native,1065347081981,1065347.081981,361.405090094,0
chils_telemetry,CP-SCALE-AU-L002__gW0680_gE1200_s0150,79,1062846450059,1062846.450059,300.202368021,306.018878430116745,1027,native,1062846450059,1062846.450059,300.202368021,0
chils_telemetry,CP-SCALE-AU-L002__gW0680_gE1200_s0150,83,1062720981410,1062720.98141,682.521322012,688.324119061283981,977,native,1062720981410,1062720.98141,682.521322012,0
chils_telemetry,CP-SCALE-AU-L002__gW1200_gE0340_s0150,67,1261699503026,1261699.503026,634.620204926,639.931228787169815,1038,native,1261699503026,1261699.503026,634.620204926,0
chils_telemetry,CP-SCALE-AU-L002__gW1200_gE0340_s0150,71,1261717367474,1261717.367474,540.093668938,545.283783048708237,1012,native,1261717367474,1261717.367474,540.093668938,0
chils_telemetry,CP-SCALE-AU-L002__gW1200_gE0340_s0150,73,1262106724806,1262106.724806,360.075264931,365.374652542448765,1112,native,1262106724806,1262106.724806,360.075264931,0
chils_telemetry,CP-SCALE-AU-L002__gW1200_gE0340_s0150,79,1259115217946,1259115.217946,665.830773830,671.081643342557983,1009,native,1259115217946,1259115.217946,665.830773830,0
chils_telemetry,CP-SCALE-AU-L002__gW1200_gE0340_s0150,83,1261358046323,1261358.046323,376.288273811,381.546607456761013,1092,native,1261358046323,1261358.046323,376.288273811,0
chils_telemetry,CP-SCALE-AU-L002__gW1200_gE0680_s0150,67,1063181475871,1063181.475871,543.857710838,549.643701001683891,950,native,1063181475871,1063181.475871,543.857710838,0
chils_telemetry,CP-SCALE-AU-L002__gW1200_gE0680_s0150,71,1062521026459,1062521.026459,666.658725023,672.550110920994041,890,native,1062521026459,1062521.026459,666.658725023,0
chils_telemetry,CP-SCALE-AU-L002__gW1200_gE0680_s0150,73,1062754077378,1062754.077378,881.329164028,887.163089189510706,968,native,1062754077378,1062754.077378,881.329164028,0
chils_telemetry,CP-SCALE-AU-L002__gW1200_gE0680_s0150,79,1062413962065,1062413.962065,360.081788063,365.763062179039276,888,native,1062413962065,1062413.962065,360.081788063,0
chils_telemetry,CP-SCALE-AU-L002__gW1200_gE0680_s0150,83,1063029840419,1063029.840419,276.092393160,281.853601943835173,981,native,1063029840419,1063029.840419,276.092393160,0
fj_telemetry,CP-SCALE-AU-L002__g0340,67,1622664895191,1622664.895191,685.09706481199999,685.7882883290602698,2826,native,1622664895191,1622664.895191,685.09706481199999,0
fj_telemetry,CP-SCALE-AU-L002__g0340,71,1623758418346,1623758.418346,879.62595325500001,880.3106969909392743,1091,native,1623758418346,1623758.418346,879.62595325500001,0
fj_telemetry,CP-SCALE-AU-L002__g0340,73,1623225444784,1623225.444784,773.41479669399996,774.0801353964998265,1997,native,1623225444784,1623225.444784,773.41479669399996,0
fj_telemetry,CP-SCALE-AU-L002__g0340,79,1623475238189,1623475.238189,883.499825493,884.1604753625909977,2795,native,1623475238189,1623475.238189,883.499825493,0
fj_telemetry,CP-SCALE-AU-L002__g0340,83,1623042497728,1623042.497728,814.94587258800004,815.6157289649460124,2818,native,1623042497728,1623042.497728,814.94587258800004,0
fj_telemetry,CP-SCALE-AU-L002__g0680,67,1244676395831,1244676.395831,769.16180664199999,769.9481076848845782,2180,native,1244676395831,1244676.395831,769.16180664199999,0
fj_telemetry,CP-SCALE-AU-L002__g0680,71,1242518855541,1242518.855541,677.05675729500001,677.862854768949204,1617,native,1242518855541,1242518.855541,677.05675729500001,0
fj_telemetry,CP-SCALE-AU-L002__g0680,73,1244142784044,1244142.784044,884.35800636199997,885.143622659274798,2014,native,1244142784044,1244142.784044,884.35800636199997,0
fj_telemetry,CP-SCALE-AU-L002__g0680,79,1243097542397,1243097.542397,758.09181260100002,758.8757497944533319,2198,native,1243097542397,1243097.542397,758.09181260100002,0
fj_telemetry,CP-SCALE-AU-L002__g0680,83,1244160995798,1244160.995798,875.804115282,876.6427446432420559,2176,native,1244160995798,1244160.995798,875.804115282,0
fj_telemetry,CP-SCALE-AU-L002__g1200,67,870814525694,870814.525694,851.20354143700001,852.194666163831923,1387,native,870814525694,870814.525694,851.20354143700001,0
fj_telemetry,CP-SCALE-AU-L002__g1200,71,871046771011,871046.771011,804.25871345899998,805.269688465967763,878,native,871046771011,871046.771011,804.25871345899998,0
fj_telemetry,CP-SCALE-AU-L002__g1200,73,872450557468,872450.557468,856.53293246999999,857.5172292985083671,1363,native,872450557468,872450.557468,856.53293246999999,0
fj_telemetry,CP-SCALE-AU-L002__g1200,79,872146198240,872146.19824,832.95259412400003,833.9443507792758517,1364,native,872146198240,872146.19824,832.95259412400003,0
fj_telemetry,CP-SCALE-AU-L002__g1200,83,871936320856,871936.320856,829.94939807200001,830.949712907459004,1350,native,871936320856,871936.320856,829.94939807200001,0
fj_telemetry,CP-SCALE-AU-L002__g1800,67,685607665457,685607.665457,887.64906577399995,888.8881399520399776,1134,native,685607665457,685607.665457,887.64906577399995,0
fj_telemetry,CP-SCALE-AU-L002__g1800,71,685818588558,685818.588558,844.74377800100001,845.9740961673155656,974,native,685818588558,685818.588558,844.74377800100001,0
fj_telemetry,CP-SCALE-AU-L002__g1800,73,685805930207,685805.930207,875.14270979399998,876.3499499471040468,1042,native,685805930207,685805.930207,875.14270979399998,0
fj_telemetry,CP-SCALE-AU-L002__g1800,79,684543230054,684543.230054,764.16038414800005,765.4318798888607506,1044,native,684543230054,684543.230054,764.16038414800005,0
fj_telemetry,CP-SCALE-AU-L002__g1800,83,682310021545,682310.021545,732.924202498,734.140650249969099,1030,native,682310021545,682310.021545,732.924202498,0
fj_telemetry,CP-SCALE-AU-L002__gW0340_gE1200_s0150,67,1255426952353,1255426.952353,871.551437781,872.3952309608398495,2054,native,1255426952353,1255426.952353,871.551437781,0
fj_telemetry,CP-SCALE-AU-L002__gW0340_gE1200_s0150,71,1254630882974,1254630.882974,673.03241180999999,673.8714191466463084,1913,native,1254630882974,1254630.882974,673.03241180999999,0
fj_telemetry,CP-SCALE-AU-L002__gW0340_gE1200_s0150,73,1254902123885,1254902.123885,828.45597881100002,829.286043118898303,2101,native,1254902123885,1254902.123885,828.45597881100002,0
fj_telemetry,CP-SCALE-AU-L002__gW0340_gE1200_s0150,79,1257018739114,1257018.739114,760.70333343499999,761.5593954821835036,2093,native,1257018739114,1257018.739114,760.70333343499999,0
fj_telemetry,CP-SCALE-AU-L002__gW0340_gE1200_s0150,83,1256293389353,1256293.389353,890.12622536399999,890.9533827645484481,2124,native,1256293389353,1256293.389353,890.12622536399999,0
fj_telemetry,CP-SCALE-AU-L002__gW0680_gE1200_s0150,67,1059711044391,1059711.044391,762.18070610200004,763.1089260425134124,1775,native,1059711044391,1059711.044391,762.18070610200004,0
fj_telemetry,CP-SCALE-AU-L002__gW0680_gE1200_s0150,71,1057790537084,1057790.537084,740.53658823000001,741.4427227050225644,335,native,1057790537084,1057790.537084,740.53658823000001,0
fj_telemetry,CP-SCALE-AU-L002__gW0680_gE1200_s0150,73,1058531292292,1058531.292292,840.06805114500003,840.9897683789558901,1730,native,1058531292292,1058531.292292,840.06805114500003,0
fj_telemetry,CP-SCALE-AU-L002__gW0680_gE1200_s0150,79,1058327532485,1058327.532485,817.95318721399997,818.8628138134012056,1823,native,1058327532485,1058327.532485,817.95318721399997,0
fj_telemetry,CP-SCALE-AU-L002__gW0680_gE1200_s0150,83,1057619403094,1057619.403094,773.462706905,774.3507878595516968,1756,native,1057619403094,1057619.403094,773.462706905,0
fj_telemetry,CP-SCALE-AU-L002__gW1200_gE0340_s0150,67,1257243981354,1257243.981354,663.00889136399996,663.834151593408701,2100,native,1257243981354,1257243.981354,663.00889136399996,0
fj_telemetry,CP-SCALE-AU-L002__gW1200_gE0340_s0150,71,1257673035882,1257673.035882,782.28796744299996,783.1209995332168351,1570,native,1257673035882,1257673.035882,782.28796744299996,0
fj_telemetry,CP-SCALE-AU-L002__gW1200_gE0340_s0150,73,1258541320700,1258541.3207,854.76744397100003,855.613046069852426,1954,native,1258541320700,1258541.3207,854.76744397100003,0
fj_telemetry,CP-SCALE-AU-L002__gW1200_gE0340_s0150,79,1257067244539,1257067.244539,874.40937853399998,875.2493287043679362,2187,native,1257067244539,1257067.244539,874.40937853399998,0
fj_telemetry,CP-SCALE-AU-L002__gW1200_gE0340_s0150,83,1257703370829,1257703.370829,637.02263367700004,637.8694445543231906,2127,native,1257703370829,1257703.370829,637.02263367700004,0
fj_telemetry,CP-SCALE-AU-L002__gW1200_gE0680_s0150,67,1058008376811,1058008.376811,794.26381727499995,795.1888717730167843,1759,native,1058008376811,1058008.376811,794.26381727499995,0
fj_telemetry,CP-SCALE-AU-L002__gW1200_gE0680_s0150,71,1058185631394,1058185.631394,833.50329470700001,834.4147099970874715,458,native,1058185631394,1058185.631394,833.50329470700001,0
fj_telemetry,CP-SCALE-AU-L002__gW1200_gE0680_s0150,73,1058443176962,1058443.176962,889.570742602,890.4949801475796719,1801,native,1058443176962,1058443.176962,889.570742602,0
fj_telemetry,CP-SCALE-AU-L002__gW1200_gE0680_s0150,79,1057202640762,1057202.640762,832.88609051900005,833.8027448077688183,1794,native,1057202640762,1057202.640762,832.88609051900005,0
fj_telemetry,CP-SCALE-AU-L002__gW1200_gE0680_s0150,83,1059320552920,1059320.55292,798.84371901899999,799.7522071361584029,1740,native,1059320552920,1059320.55292,798.84371901899999,0
fastwvc_telemetry,CP-SCALE-AU-L002__g0340,67,1601711605647,1601711.605647,793.507978192,794.459682723,1952,outer_upper_bound,1601711605647,1601711.605647,794.459682723,0
fastwvc_telemetry,CP-SCALE-AU-L002__g0340,71,1601382646304,1601382.646304,789.470297653,790.349742574,1973,outer_upper_bound,1601382646304,1601382.646304,790.349742574,0
fastwvc_telemetry,CP-SCALE-AU-L002__g0340,73,1599954027945,1599954.027945,726.781169492,727.718652058,1987,outer_upper_bound,1599954027945,1599954.027945,727.718652058,0
fastwvc_telemetry,CP-SCALE-AU-L002__g0340,79,1600002440452,1600002.440452,612.607647619,613.501328004,1969,outer_upper_bound,1600002440452,1600002.440452,613.501328004,0
fastwvc_telemetry,CP-SCALE-AU-L002__g0340,83,1603594073788,1603594.073788,851.264507753,852.158811932,2019,outer_upper_bound,1603594073788,1603594.073788,852.158811932,0
fastwvc_telemetry,CP-SCALE-AU-L002__g0680,67,1226930983321,1226930.983321,855.114753415,856.159891371,2045,outer_upper_bound,1226930983321,1226930.983321,856.159891371,0
fastwvc_telemetry,CP-SCALE-AU-L002__g0680,71,1226669216688,1226669.216688,759.134158191,760.14124588,2092,outer_upper_bound,1226669216688,1226669.216688,760.14124588,0
fastwvc_telemetry,CP-SCALE-AU-L002__g0680,73,1227416504338,1227416.504338,880.562942224,881.578254139,1995,outer_upper_bound,1227416504338,1227416.504338,881.578254139,0
fastwvc_telemetry,CP-SCALE-AU-L002__g0680,79,1226294377143,1226294.377143,787.178881945,788.217065732,2006,outer_upper_bound,1226294377143,1226294.377143,788.217065732,0
fastwvc_telemetry,CP-SCALE-AU-L002__g0680,83,1227720467264,1227720.467264,859.014655202,860.04909132,2090,outer_upper_bound,1227720467264,1227720.467264,860.04909132,0
fastwvc_telemetry,CP-SCALE-AU-L002__g1200,67,881821924535,881821.924535,587.005503071,588.302948754,1786,outer_upper_bound,881821924535,881821.924535,588.302948754,0
fastwvc_telemetry,CP-SCALE-AU-L002__g1200,71,881513791477,881513.791477,838.540744408,839.810245742,1733,outer_upper_bound,881513791477,881513.791477,839.810245742,0
fastwvc_telemetry,CP-SCALE-AU-L002__g1200,73,882730485025,882730.485025,815.139077139,816.405295723,1686,outer_upper_bound,882730485025,882730.485025,816.405295723,0
fastwvc_telemetry,CP-SCALE-AU-L002__g1200,79,882288499947,882288.499947,852.850947028,854.116866021,1707,outer_upper_bound,882288499947,882288.499947,854.116866021,0
fastwvc_telemetry,CP-SCALE-AU-L002__g1200,83,882658170762,882658.170762,768.193237652,769.464602953,1745,outer_upper_bound,882658170762,882658.170762,769.464602953,0
fastwvc_telemetry,CP-SCALE-AU-L002__g1800,67,684794334942,684794.334942,821.198732362,822.723581705,1789,outer_upper_bound,684794334942,684794.334942,822.723581705,0
fastwvc_telemetry,CP-SCALE-AU-L002__g1800,71,684619757365,684619.757365,829.715932033,831.236398298,1828,outer_upper_bound,684619757365,684619.757365,831.236398298,0
fastwvc_telemetry,CP-SCALE-AU-L002__g1800,73,685651266298,685651.266298,888.665381564,890.174584472,1883,outer_upper_bound,685651266298,685651.266298,890.174584472,0
fastwvc_telemetry,CP-SCALE-AU-L002__g1800,79,683712303528,683712.303528,874.530722915,876.081144994,1801,outer_upper_bound,683712303528,683712.303528,876.081144994,0
fastwvc_telemetry,CP-SCALE-AU-L002__g1800,83,685388035474,685388.035474,814.766863496,816.406249387,1783,outer_upper_bound,685388035474,685388.035474,816.406249387,0
fastwvc_telemetry,CP-SCALE-AU-L002__gW1200_gE0340_s0150,67,1246637557831,1246637.557831,838.12219978,839.202318856,1985,outer_upper_bound,1246637557831,1246637.557831,839.202318856,0
fastwvc_telemetry,CP-SCALE-AU-L002__gW1200_gE0340_s0150,71,1245306291296,1245306.291296,726.366888648,727.424880702,1922,outer_upper_bound,1245306291296,1245306.291296,727.424880702,0
fastwvc_telemetry,CP-SCALE-AU-L002__gW1200_gE0340_s0150,73,1245710057052,1245710.057052,843.000874576,844.094806934,1917,outer_upper_bound,1245710057052,1245710.057052,844.094806934,0
fastwvc_telemetry,CP-SCALE-AU-L002__gW1200_gE0340_s0150,79,1246359694968,1246359.694968,745.579077032,746.683211543,1907,outer_upper_bound,1246359694968,1246359.694968,746.683211543,0
fastwvc_telemetry,CP-SCALE-AU-L002__gW1200_gE0340_s0150,83,1246272761312,1246272.761312,803.615607815,804.697794134,2029,outer_upper_bound,1246272761312,1246272.761312,804.697794134,0
fastwvc_telemetry,CP-SCALE-AU-L002__gW0340_gE1200_s0150,67,1244491864352,1244491.864352,830.197323747,831.357402538,1855,outer_upper_bound,1244491864352,1244491.864352,831.357402538,0
fastwvc_telemetry,CP-SCALE-AU-L002__gW0340_gE1200_s0150,71,1245759884667,1245759.884667,889.212605865,890.318197666,1881,outer_upper_bound,1245759884667,1245759.884667,890.318197666,0
fastwvc_telemetry,CP-SCALE-AU-L002__gW0340_gE1200_s0150,73,1245815080100,1245815.0801,751.721583094,752.819046336,1869,outer_upper_bound,1245815080100,1245815.0801,752.819046336,0
fastwvc_telemetry,CP-SCALE-AU-L002__gW0340_gE1200_s0150,79,1244827250640,1244827.25064,699.665480916,700.740231208,1882,outer_upper_bound,1244827250640,1244827.25064,700.740231208,0
fastwvc_telemetry,CP-SCALE-AU-L002__gW0340_gE1200_s0150,83,1245050243755,1245050.243755,839.591664085,840.697971445,1870,outer_upper_bound,1245050243755,1245050.243755,840.697971445,0
fastwvc_telemetry,CP-SCALE-AU-L002__gW0680_gE1200_s0150,67,1053597245440,1053597.24544,867.159319697,868.301133461,1922,outer_upper_bound,1053597245440,1053597.24544,868.301133461,0
fastwvc_telemetry,CP-SCALE-AU-L002__gW0680_gE1200_s0150,71,1054171896543,1054171.896543,618.480751311,619.650581907,1922,outer_upper_bound,1054171896543,1054171.896543,619.650581907,0
fastwvc_telemetry,CP-SCALE-AU-L002__gW0680_gE1200_s0150,73,1055443766780,1055443.76678,824.792175601,825.941604683,1914,outer_upper_bound,1055443766780,1055443.76678,825.941604683,0
fastwvc_telemetry,CP-SCALE-AU-L002__gW0680_gE1200_s0150,79,1055067532867,1055067.532867,881.309109945,882.482714339,1992,outer_upper_bound,1055067532867,1055067.532867,882.482714339,0
fastwvc_telemetry,CP-SCALE-AU-L002__gW0680_gE1200_s0150,83,1055362714936,1055362.714936,697.836302723,698.984781443,1897,outer_upper_bound,1055362714936,1055362.714936,698.984781443,0
fastwvc_telemetry,CP-SCALE-AU-L002__gW1200_gE0680_s0150,67,1054714039543,1054714.039543,887.768136659,888.902062422,1932,outer_upper_bound,1054714039543,1054714.039543,888.902062422,0
fastwvc_telemetry,CP-SCALE-AU-L002__gW1200_gE0680_s0150,71,1057754407885,1057754.407885,784.497318356,785.675555762,2035,outer_upper_bound,1057754407885,1057754.407885,785.675555762,0
fastwvc_telemetry,CP-SCALE-AU-L002__gW1200_gE0680_s0150,73,1054349056351,1054349.056351,877.008502928,878.195490618,1928,outer_upper_bound,1054349056351,1054349.056351,878.195490618,0
fastwvc_telemetry,CP-SCALE-AU-L002__gW1200_gE0680_s0150,79,1055408675366,1055408.675366,879.02225183,880.178876525,1972,outer_upper_bound,1055408675366,1055408.675366,880.178876525,0
fastwvc_telemetry,CP-SCALE-AU-L002__gW1200_gE0680_s0150,83,1054339170761,1054339.170761,815.495769615,816.64740132,1928,outer_upper_bound,1054339170761,1054339.170761,816.64740132,0
