graph_id,seed,host_port,partition,screen_position,value_ticks,contact_seconds,result_sha256
CP-SCALE-AU-L002__g0340,67,15713,0,True,1624620366406,1624620.366406,6368a05cb6c428ad604efeff524e1a4625b5aa8e77f7248cf146495a7db8dd4b
CP-SCALE-AU-L002__g0340,71,38773,1,True,1625654471124,1625654.471124,7f9358ee951a77657f90fddf4d2b8361566c4d8f76cc988084143a81a72c1ac7
CP-SCALE-AU-L002__g0340,73,15713,0,True,1623212860708,1623212.860708,45fdabaa2656ca0387d10d0d455189691259433972b89422682c472e8d591306
CP-SCALE-AU-L002__g0340,79,38773,1,False,1626288176040,1626288.17604,5c265f7e7dc6fa55646ec64514a3fe61189dcce55d18d67242c39bd7dfc08fa7
CP-SCALE-AU-L002__g0340,83,15713,0,False,1623969497530,1623969.49753,8630496175b0359d9cf786fdddb7b7890e278d78f38f5669bbb4ae202b7fffd9
CP-SCALE-AU-L002__g0680,67,38773,1,False,1248803339978,1248803.339978,2ce98c90b62a7e87d7882c3789147786b65f911d57bcba32634d9ca1339af0c6
CP-SCALE-AU-L002__g0680,71,15713,0,False,1248380037569,1248380.037569,61a9ca59997df13699534293daab881c8a7a1dca6e0b4bf1e43f40f4bb8c35ad
CP-SCALE-AU-L002__g0680,73,38773,1,False,1248616823296,1248616.823296,2e3b2b26dd981ed7b7dd75ee947d760d1c0e056981e6f616746bcecf18d16bd0
CP-SCALE-AU-L002__g0680,79,15713,0,False,1248183345480,1248183.34548,882b6276d4396bf40e0afa6ae6d2662746685d013792b307a2847ff4c3796b75
CP-SCALE-AU-L002__g0680,83,38773,1,False,1249141355840,1249141.35584,e6e72c5866b838a3045db5a7ff6d81055e71fb233551b421c8b1cc0116cad55e
CP-SCALE-AU-L002__g1200,67,38773,1,False,879985041129,879985.041129,c5a7bbe325cf708c4210744174b5b77e93cf654177503b9bea57d7b468e65edd
CP-SCALE-AU-L002__g1200,71,15713,0,False,881357064182,881357.064182,04aeb4c140496b9c48acf6270c95a7c265e0decd9e380df3146293b9ad6110f3
CP-SCALE-AU-L002__g1200,73,38773,1,False,883783586297,883783.586297,93d2fdef8b4747b9133046feeb8af0df333548623f3cbe3192546f66f53c81d6
CP-SCALE-AU-L002__g1200,79,15713,0,False,882886162319,882886.162319,c42c954f5b38eee257a73dd3c9207da4c4aae56960a15170ffbf41ec2aeae295
CP-SCALE-AU-L002__g1200,83,38773,1,False,882980419386,882980.419386,adc1268c4f33ee15bbc104ea93fc6b03f66be685744ff46fc57dd4789bf610bc
CP-SCALE-AU-L002__g1800,67,15713,0,True,683177016573,683177.016573,0f9e08fa165c65ca2a9cedd1f27bde66446e0f769eea9d5132c9c33c4456f4ea
CP-SCALE-AU-L002__g1800,71,15713,0,True,683809171284,683809.171284,7c2cf87d8704afc6b2d9df77b24f2206ef834a51ecbc26e4903fa19870601731
CP-SCALE-AU-L002__g1800,73,38773,1,True,682427228570,682427.22857,b534b392126652e29ba85aeb8290598486c361be2db5abd9cc53e126d75d7195
CP-SCALE-AU-L002__g1800,79,15713,0,False,683672442891,683672.442891,b3dcdd13bd780dc81e2aefd7565515bb9ce8ff5deb6c43b6467519bfef823e63
CP-SCALE-AU-L002__g1800,83,38773,1,False,680495552561,680495.552561,54df4953ce4b533a15619b4851063535452730df3fca7777ed863eebf80611a6
CP-SCALE-AU-L002__gW0340_gE1200_s0150,67,15713,0,True,1259964351106,1259964.351106,2c0bd3b54ddb84c6a4aac8902ead1f03b297e2bc3ad6cb30a486cafef0ea4921
CP-SCALE-AU-L002__gW0340_gE1200_s0150,71,38773,1,True,1260529623802,1260529.623802,c8ec4833b8df67bd41be7c3413e97e29ed90e199ed559cb347a9cff36e792119
CP-SCALE-AU-L002__gW0340_gE1200_s0150,73,38773,1,True,1260526082021,1260526.082021,99baa8ac740bd0f3deda97163325e6fecd59e3b86c05ddd96195e08ef8e403e7
CP-SCALE-AU-L002__gW0340_gE1200_s0150,79,15713,0,False,1259472011002,1259472.011002,35f5b4018339d78979092cd2cba35e9e2c1951d4cca4860d65a7b0f5616eb591
CP-SCALE-AU-L002__gW0340_gE1200_s0150,83,15713,0,False,1259333957071,1259333.957071,f823115bb5c8b1f01f1ba5c04f7a208756c233a8e301ce278811f2b34c4f2d32
CP-SCALE-AU-L002__gW0680_gE1200_s0150,67,38773,1,False,1065406250377,1065406.250377,6207fce4a6c4e263230e4d17621757e142fab8a618b89efdcc18325c0c5f1d8c
CP-SCALE-AU-L002__gW0680_gE1200_s0150,71,38773,1,False,1066191700702,1066191.700702,1c7d06904469e5fdc36c4fc97624109bd8829fe24b5eed1b88332a2221182d34
CP-SCALE-AU-L002__gW0680_gE1200_s0150,73,38773,1,False,1067423290906,1067423.290906,3eb82a84b001b5d9ccb8b04d51e91497b1e4ae63ac61752b738d7b970dab1fae
CP-SCALE-AU-L002__gW0680_gE1200_s0150,79,15713,0,False,1064845558341,1064845.558341,15b3905df7433355f0739b7c31cd4179e39895bc422be05877b0004ec93a17df
CP-SCALE-AU-L002__gW0680_gE1200_s0150,83,38773,1,False,1065674050933,1065674.050933,fd2cb289e516a0302bc4c11cf49f871daea3e023b73cc775784d189ed35ec893
CP-SCALE-AU-L002__gW1200_gE0340_s0150,67,15713,0,True,1260536503040,1260536.50304,fefbc84a8e359e843cadc4d709eb94061178a9d0918bfd752274812b159bda5c
CP-SCALE-AU-L002__gW1200_gE0340_s0150,71,38773,1,True,1258637097310,1258637.09731,b7e4e95c5eb79fe8f8d024a21cb4e6ffd37edc095d594d514cd7aefdb6410b67
CP-SCALE-AU-L002__gW1200_gE0340_s0150,73,38773,1,True,1262322070191,1262322.070191,60429b1fb3acd104e1f1a14e55edf6ca0afa51eb15f2f4223be8a3f32aae0fe7
CP-SCALE-AU-L002__gW1200_gE0340_s0150,79,38773,1,False,1260780464375,1260780.464375,976c9378feba10347286881fbd042b2f1b3f7237e6907c85079f2493441c61f4
CP-SCALE-AU-L002__gW1200_gE0340_s0150,83,38773,1,False,1260675609063,1260675.609063,bbebee9b9357ac5c308898e7c3d12e26be7a9cb36596ecfa7650edc1a0fe0962
CP-SCALE-AU-L002__gW1200_gE0680_s0150,67,15713,0,False,1067014782225,1067014.782225,8e58623e1c595417dce126b111685ec0be57aa37622846ea89105af14cf6b603
CP-SCALE-AU-L002__gW1200_gE0680_s0150,71,15713,0,False,1066183670332,1066183.670332,44d693fc9b8457fc36b411fcf765b7cfc5c571ca6531fb9883c4b9bbd304b585
CP-SCALE-AU-L002__gW1200_gE0680_s0150,73,15713,0,False,1064811215874,1064811.215874,23ec7e7f072d3ed6587ed7020f2973b8e6448c14347a04df93dd7b90be4b9f75
CP-SCALE-AU-L002__gW1200_gE0680_s0150,79,15713,0,False,1065409881160,1065409.88116,c233873fe035fb6e3da7fe72c66ed6bd421e7798820832fd283f2524c59a550c
CP-SCALE-AU-L002__gW1200_gE0680_s0150,83,15713,0,False,1066712165234,1066712.165234,fe17212f21e038d39d900b2d34a9f09fe2fa7fa755cadc00a76a258a739bcfc2
