group,method,mean_contact_seconds,g0340,g0680,g1200,g1800,gW0340_gE1200_s0150,gW0680_gE1200_s0150,gW1200_gE0340_s0150,gW1200_gE0680_s0150,aoc_gap_pct_20_900s
Other,CHILS-p4-custom,1134942.785685025,1624295.3013054,1246822.8549266,878486.982797,682048.4291238,1259316.0186778,1064712.0451818,1261094.794089,1062765.8593788,
Other,Feasibility Jump,1131650.331062575,1623248.0955336,1243719.3147222,871678.8746538,684860.1166664,1255422.4186248,1058395.9618692,1257645.7906608,1058232.0757698,
Other,LS (StableSolver),1131305.548309475,1611339.2823468,1239046.3300094,884035.1414616,680690.0030532,1255740.704204,1061960.1311208,1256324.3465714,1061308.4477086,
Other,LNS (StableSolver),1125481.521509175,1606757.713608,1233781.6747936,876858.1856882,680513.9782884,1248569.185784,1054238.193906,1248351.846663,1054781.3933422,
Other,FastWVC,1124487.99147315,1601328.9588272,1227006.3097508,882297.7058318,684754.031165,1244924.0057426,1054728.6313132,1246057.2724918,1054807.0166628,
Other,GRASP,1057129.697335075,1523506.4952788,1138619.791754,841856.2290518,609895.5458926,1183806.5456284,988132.421175,1182838.259834,988382.290066,
Other,GWMIN,991618.934985,1428001.569166,1065567.634886,809272.863416,489395.475268,1130378.71427,940994.22741,1125626.623769,943714.371695,
CIPHEUR,CIPHEUR-off-EXP,1138451.911341275,1626391.4540162,1249720.546139,886167.2004262,683563.6286884,1262441.7715262,1068593.5892238,1262764.4211656,1067972.6795448,0.24177069748327973
CIPHEUR,CIPHEUR-off-VAL,1138417.6763745,1626422.7258004,1249674.5638136,884792.1989252,683638.3953646,1262715.3031636,1068732.6826114,1263571.8436248,1067793.6976924,0.2522592074996135
CIPHEUR,CIPHEUR-off-GEN,1136347.3573557,1624749.0743616,1248624.9804326,882198.4546626,682716.2823758,1259965.2050004,1065908.1702518,1260590.3487958,1066026.342965,
CIPHEUR,CIPHEUR-online,1138760.36872255,1627021.2220094,1249807.1559956,885939.6582008,683849.323555,1263296.0565856,1068547.62971,1263765.0176584,1067856.8860656,0.24064883452535862
