control,graph_id,seed,llm_value_ticks,control_value_ticks,llm_minus_control_ticks,llm_minus_control_contact_seconds
rule,CP-SCALE-AU-L002__g0340,67,1624720349274,1625424537595,-704188321,-704.188321
rule,CP-SCALE-AU-L002__g0340,71,1624232685759,1625411081224,-1178395465,-1178.395465
rule,CP-SCALE-AU-L002__g0340,73,1624856413884,1624641417479,214996405,214.996405
rule,CP-SCALE-AU-L002__g0340,79,1625680349087,1625021897868,658451219,658.451219
rule,CP-SCALE-AU-L002__g0340,83,1624713769145,1625777037427,-1063268282,-1063.268282
rule,CP-SCALE-AU-L002__g0680,67,1249906988226,1249861826600,45161626,45.161626
rule,CP-SCALE-AU-L002__g0680,71,1249657275405,1249202602907,454672498,454.672498
rule,CP-SCALE-AU-L002__g0680,73,1248305102160,1249066474829,-761372669,-761.372669
rule,CP-SCALE-AU-L002__g0680,79,1249222284263,1249250824462,-28540199,-28.540199
rule,CP-SCALE-AU-L002__g0680,83,1249096640211,1248859076183,237564028,237.564028
rule,CP-SCALE-AU-L002__g1200,67,884034681769,883053006483,981675286,981.675286
rule,CP-SCALE-AU-L002__g1200,71,884002771805,884048095762,-45323957,-45.323957
rule,CP-SCALE-AU-L002__g1200,73,884417896234,885516535848,-1098639614,-1098.639614
rule,CP-SCALE-AU-L002__g1200,79,883994845467,883046981520,947863947,947.863947
rule,CP-SCALE-AU-L002__g1200,83,882975390547,882806735969,168654578,168.654578
rule,CP-SCALE-AU-L002__g1800,67,683451210689,683183515746,267694943,267.694943
rule,CP-SCALE-AU-L002__g1800,71,682381546066,682514759773,-133213707,-133.213707
rule,CP-SCALE-AU-L002__g1800,73,682711035177,681943050288,767984889,767.984889
rule,CP-SCALE-AU-L002__g1800,79,681093843839,681140286025,-46442186,-46.442186
rule,CP-SCALE-AU-L002__g1800,83,682860161669,681271734042,1588427627,1588.427627
rule,CP-SCALE-AU-L002__gW0340_gE1200_s0150,67,1261071876531,1261416413051,-344536520,-344.53652
rule,CP-SCALE-AU-L002__gW0340_gE1200_s0150,71,1263018806296,1261531983552,1486822744,1486.822744
rule,CP-SCALE-AU-L002__gW0340_gE1200_s0150,73,1260837834974,1260798083172,39751802,39.751802
rule,CP-SCALE-AU-L002__gW0340_gE1200_s0150,79,1261522657171,1261642041171,-119384000,-119.384
rule,CP-SCALE-AU-L002__gW0340_gE1200_s0150,83,1262341957359,1260516586141,1825371218,1825.371218
rule,CP-SCALE-AU-L002__gW0680_gE1200_s0150,67,1067769927895,1066966382294,803545601,803.545601
rule,CP-SCALE-AU-L002__gW0680_gE1200_s0150,71,1066783082964,1066827013524,-43930560,-43.93056
rule,CP-SCALE-AU-L002__gW0680_gE1200_s0150,73,1068326895063,1067717228479,609666584,609.666584
rule,CP-SCALE-AU-L002__gW0680_gE1200_s0150,79,1067837883570,1067911022928,-73139358,-73.139358
rule,CP-SCALE-AU-L002__gW0680_gE1200_s0150,83,1068237255910,1066881008951,1356246959,1356.246959
rule,CP-SCALE-AU-L002__gW1200_gE0340_s0150,67,1261487653615,1262234501400,-746847785,-746.847785
rule,CP-SCALE-AU-L002__gW1200_gE0340_s0150,71,1261262342444,1260905730947,356611497,356.611497
rule,CP-SCALE-AU-L002__gW1200_gE0340_s0150,73,1263575773048,1263279751741,296021307,296.021307
rule,CP-SCALE-AU-L002__gW1200_gE0340_s0150,79,1262719965310,1261089034797,1630930513,1630.930513
rule,CP-SCALE-AU-L002__gW1200_gE0340_s0150,83,1261872904953,1261421065167,451839786,451.839786
rule,CP-SCALE-AU-L002__gW1200_gE0680_s0150,67,1067174254607,1067543900451,-369645844,-369.645844
rule,CP-SCALE-AU-L002__gW1200_gE0680_s0150,71,1067543845732,1067307572504,236273228,236.273228
rule,CP-SCALE-AU-L002__gW1200_gE0680_s0150,73,1065691073317,1065946746684,-255673367,-255.673367
rule,CP-SCALE-AU-L002__gW1200_gE0680_s0150,79,1066232314242,1067278442898,-1046128656,-1046.128656
rule,CP-SCALE-AU-L002__gW1200_gE0680_s0150,83,1066845861897,1066705794236,140067661,140.067661
bandit,CP-SCALE-AU-L002__g0340,67,1624720349274,1625132108032,-411758758,-411.758758
bandit,CP-SCALE-AU-L002__g0340,71,1624232685759,1624881381756,-648695997,-648.695997
bandit,CP-SCALE-AU-L002__g0340,73,1624856413884,1625480055746,-623641862,-623.641862
bandit,CP-SCALE-AU-L002__g0340,79,1625680349087,1625021897868,658451219,658.451219
bandit,CP-SCALE-AU-L002__g0340,83,1624713769145,1624579752740,134016405,134.016405
bandit,CP-SCALE-AU-L002__g0680,67,1249906988226,1249364185718,542802508,542.802508
bandit,CP-SCALE-AU-L002__g0680,71,1249657275405,1248729001216,928274189,928.274189
bandit,CP-SCALE-AU-L002__g0680,73,1248305102160,1249485958535,-1180856375,-1180.856375
bandit,CP-SCALE-AU-L002__g0680,79,1249222284263,1248633616221,588668042,588.668042
bandit,CP-SCALE-AU-L002__g0680,83,1249096640211,1248178162473,918477738,918.477738
bandit,CP-SCALE-AU-L002__g1200,67,884034681769,883993876179,40805590,40.80559
bandit,CP-SCALE-AU-L002__g1200,71,884002771805,884826727712,-823955907,-823.955907
bandit,CP-SCALE-AU-L002__g1200,73,884417896234,884760129501,-342233267,-342.233267
bandit,CP-SCALE-AU-L002__g1200,79,883994845467,884247332254,-252486787,-252.486787
bandit,CP-SCALE-AU-L002__g1200,83,882975390547,882502403846,472986701,472.986701
bandit,CP-SCALE-AU-L002__g1800,67,683451210689,683701534417,-250323728,-250.323728
bandit,CP-SCALE-AU-L002__g1800,71,682381546066,682280307040,101239026,101.239026
bandit,CP-SCALE-AU-L002__g1800,73,682711035177,682471408199,239626978,239.626978
bandit,CP-SCALE-AU-L002__g1800,79,681093843839,681999356628,-905512789,-905.512789
bandit,CP-SCALE-AU-L002__g1800,83,682860161669,682483043207,377118462,377.118462
bandit,CP-SCALE-AU-L002__gW0340_gE1200_s0150,67,1261071876531,1260040502169,1031374362,1031.374362
bandit,CP-SCALE-AU-L002__gW0340_gE1200_s0150,71,1263018806296,1262131752351,887053945,887.053945
bandit,CP-SCALE-AU-L002__gW0340_gE1200_s0150,73,1260837834974,1261622709402,-784874428,-784.874428
bandit,CP-SCALE-AU-L002__gW0340_gE1200_s0150,79,1261522657171,1260610653619,912003552,912.003552
bandit,CP-SCALE-AU-L002__gW0340_gE1200_s0150,83,1262341957359,1260808100275,1533857084,1533.857084
bandit,CP-SCALE-AU-L002__gW0680_gE1200_s0150,67,1067769927895,1067546147404,223780491,223.780491
bandit,CP-SCALE-AU-L002__gW0680_gE1200_s0150,71,1066783082964,1066307725602,475357362,475.357362
bandit,CP-SCALE-AU-L002__gW0680_gE1200_s0150,73,1068326895063,1067212066418,1114828645,1114.828645
bandit,CP-SCALE-AU-L002__gW0680_gE1200_s0150,79,1067837883570,1066916918073,920965497,920.965497
bandit,CP-SCALE-AU-L002__gW0680_gE1200_s0150,83,1068237255910,1068137271824,99984086,99.984086
bandit,CP-SCALE-AU-L002__gW1200_gE0340_s0150,67,1261487653615,1260320557784,1167095831,1167.095831
bandit,CP-SCALE-AU-L002__gW1200_gE0340_s0150,71,1261262342444,1261718492773,-456150329,-456.150329
bandit,CP-SCALE-AU-L002__gW1200_gE0340_s0150,73,1263575773048,1263281104481,294668567,294.668567
bandit,CP-SCALE-AU-L002__gW1200_gE0340_s0150,79,1262719965310,1262772734152,-52768842,-52.768842
bandit,CP-SCALE-AU-L002__gW1200_gE0340_s0150,83,1261872904953,1261570370265,302534688,302.534688
bandit,CP-SCALE-AU-L002__gW1200_gE0680_s0150,67,1067174254607,1068015636238,-841381631,-841.381631
bandit,CP-SCALE-AU-L002__gW1200_gE0680_s0150,71,1067543845732,1066936935691,606910041,606.910041
bandit,CP-SCALE-AU-L002__gW1200_gE0680_s0150,73,1065691073317,1067162588721,-1471515404,-1471.515404
bandit,CP-SCALE-AU-L002__gW1200_gE0680_s0150,79,1066232314242,1065723517277,508796965,508.796965
bandit,CP-SCALE-AU-L002__gW1200_gE0680_s0150,83,1066845861897,1067204063966,-358202069,-358.202069
linucb,CP-SCALE-AU-L002__g0340,67,1624720349274,1624333129352,387219922,387.219922
linucb,CP-SCALE-AU-L002__g0340,71,1624232685759,1626064247381,-1831561622,-1831.561622
linucb,CP-SCALE-AU-L002__g0340,73,1624856413884,1625807144846,-950730962,-950.730962
linucb,CP-SCALE-AU-L002__g0340,79,1625680349087,1626851944693,-1171595606,-1171.595606
linucb,CP-SCALE-AU-L002__g0340,83,1624713769145,1625998200026,-1284430881,-1284.430881
linucb,CP-SCALE-AU-L002__g0680,67,1249906988226,1249631814114,275174112,275.174112
linucb,CP-SCALE-AU-L002__g0680,71,1249657275405,1250028799889,-371524484,-371.524484
linucb,CP-SCALE-AU-L002__g0680,73,1248305102160,1249551747655,-1246645495,-1246.645495
linucb,CP-SCALE-AU-L002__g0680,79,1249222284263,1249167129979,55154284,55.154284
linucb,CP-SCALE-AU-L002__g0680,83,1249096640211,1249032792944,63847267,63.847267
linucb,CP-SCALE-AU-L002__g1200,67,884034681769,883740305416,294376353,294.376353
linucb,CP-SCALE-AU-L002__g1200,71,884002771805,884782262621,-779490816,-779.490816
linucb,CP-SCALE-AU-L002__g1200,73,884417896234,884804526229,-386629995,-386.629995
linucb,CP-SCALE-AU-L002__g1200,79,883994845467,883617276701,377568766,377.568766
linucb,CP-SCALE-AU-L002__g1200,83,882975390547,882790887250,184503297,184.503297
linucb,CP-SCALE-AU-L002__g1800,67,683451210689,684134088864,-682878175,-682.878175
linucb,CP-SCALE-AU-L002__g1800,71,682381546066,683474740076,-1093194010,-1093.19401
linucb,CP-SCALE-AU-L002__g1800,73,682711035177,681844465746,866569431,866.569431
linucb,CP-SCALE-AU-L002__g1800,79,681093843839,681902049825,-808205986,-808.205986
linucb,CP-SCALE-AU-L002__g1800,83,682860161669,683894474036,-1034312367,-1034.312367
linucb,CP-SCALE-AU-L002__gW0340_gE1200_s0150,67,1261071876531,1261079038922,-7162391,-7.162391
linucb,CP-SCALE-AU-L002__gW0340_gE1200_s0150,71,1263018806296,1262088965497,929840799,929.840799
linucb,CP-SCALE-AU-L002__gW0340_gE1200_s0150,73,1260837834974,1262337859863,-1500024889,-1500.024889
linucb,CP-SCALE-AU-L002__gW0340_gE1200_s0150,79,1261522657171,1261315640330,207016841,207.016841
linucb,CP-SCALE-AU-L002__gW0340_gE1200_s0150,83,1262341957359,1260378794921,1963162438,1963.162438
linucb,CP-SCALE-AU-L002__gW0680_gE1200_s0150,67,1067769927895,1066506821864,1263106031,1263.106031
linucb,CP-SCALE-AU-L002__gW0680_gE1200_s0150,71,1066783082964,1066188359217,594723747,594.723747
linucb,CP-SCALE-AU-L002__gW0680_gE1200_s0150,73,1068326895063,1069071135469,-744240406,-744.240406
linucb,CP-SCALE-AU-L002__gW0680_gE1200_s0150,79,1067837883570,1066034183928,1803699642,1803.699642
linucb,CP-SCALE-AU-L002__gW0680_gE1200_s0150,83,1068237255910,1066771558196,1465697714,1465.697714
linucb,CP-SCALE-AU-L002__gW1200_gE0340_s0150,67,1261487653615,1262133771362,-646117747,-646.117747
linucb,CP-SCALE-AU-L002__gW1200_gE0340_s0150,71,1261262342444,1262184366289,-922023845,-922.023845
linucb,CP-SCALE-AU-L002__gW1200_gE0340_s0150,73,1263575773048,1263551548349,24224699,24.224699
linucb,CP-SCALE-AU-L002__gW1200_gE0340_s0150,79,1262719965310,1261777497311,942467999,942.467999
linucb,CP-SCALE-AU-L002__gW1200_gE0340_s0150,83,1261872904953,1262434989293,-562084340,-562.08434
linucb,CP-SCALE-AU-L002__gW1200_gE0680_s0150,67,1067174254607,1068285909825,-1111655218,-1111.655218
linucb,CP-SCALE-AU-L002__gW1200_gE0680_s0150,71,1067543845732,1066769581135,774264597,774.264597
linucb,CP-SCALE-AU-L002__gW1200_gE0680_s0150,73,1065691073317,1066903649599,-1212576282,-1212.576282
linucb,CP-SCALE-AU-L002__gW1200_gE0680_s0150,79,1066232314242,1065945707817,286606425,286.606425
linucb,CP-SCALE-AU-L002__gW1200_gE0680_s0150,83,1066845861897,1067304324489,-458462592,-458.462592
knn,CP-SCALE-AU-L002__g0340,67,1624720349274,1625976813089,-1256463815,-1256.463815
knn,CP-SCALE-AU-L002__g0340,71,1624232685759,1625908810118,-1676124359,-1676.124359
knn,CP-SCALE-AU-L002__g0340,73,1624856413884,1626917783942,-2061370058,-2061.370058
knn,CP-SCALE-AU-L002__g0340,79,1625680349087,1627334465601,-1654116514,-1654.116514
knn,CP-SCALE-AU-L002__g0340,83,1624713769145,1626628553489,-1914784344,-1914.784344
knn,CP-SCALE-AU-L002__g0680,67,1249906988226,1249243583018,663405208,663.405208
knn,CP-SCALE-AU-L002__g0680,71,1249657275405,1248189933763,1467341642,1467.341642
knn,CP-SCALE-AU-L002__g0680,73,1248305102160,1249127097038,-821994878,-821.994878
knn,CP-SCALE-AU-L002__g0680,79,1249222284263,1249482688998,-260404735,-260.404735
knn,CP-SCALE-AU-L002__g0680,83,1249096640211,1249365731080,-269090869,-269.090869
knn,CP-SCALE-AU-L002__g1200,67,884034681769,884543055840,-508374071,-508.374071
knn,CP-SCALE-AU-L002__g1200,71,884002771805,882004276608,1998495197,1998.495197
knn,CP-SCALE-AU-L002__g1200,73,884417896234,885837920434,-1420024200,-1420.0242
knn,CP-SCALE-AU-L002__g1200,79,883994845467,884085044617,-90199150,-90.19915
knn,CP-SCALE-AU-L002__g1200,83,882975390547,881644617208,1330773339,1330.773339
knn,CP-SCALE-AU-L002__g1800,67,683451210689,683442015342,9195347,9.195347
knn,CP-SCALE-AU-L002__g1800,71,682381546066,686357935237,-3976389171,-3976.389171
knn,CP-SCALE-AU-L002__g1800,73,682711035177,683155448079,-444412902,-444.412902
knn,CP-SCALE-AU-L002__g1800,79,681093843839,682348225758,-1254381919,-1254.381919
knn,CP-SCALE-AU-L002__g1800,83,682860161669,683550339916,-690178247,-690.178247
knn,CP-SCALE-AU-L002__gW0340_gE1200_s0150,67,1261071876531,1261765326910,-693450379,-693.450379
knn,CP-SCALE-AU-L002__gW0340_gE1200_s0150,71,1263018806296,1260938675168,2080131128,2080.131128
knn,CP-SCALE-AU-L002__gW0340_gE1200_s0150,73,1260837834974,1263322789469,-2484954495,-2484.954495
knn,CP-SCALE-AU-L002__gW0340_gE1200_s0150,79,1261522657171,1261331751965,190905206,190.905206
knn,CP-SCALE-AU-L002__gW0340_gE1200_s0150,83,1262341957359,1260141468647,2200488712,2200.488712
knn,CP-SCALE-AU-L002__gW0680_gE1200_s0150,67,1067769927895,1067034680349,735247546,735.247546
knn,CP-SCALE-AU-L002__gW0680_gE1200_s0150,71,1066783082964,1066395000897,388082067,388.082067
knn,CP-SCALE-AU-L002__gW0680_gE1200_s0150,73,1068326895063,1067970265998,356629065,356.629065
knn,CP-SCALE-AU-L002__gW0680_gE1200_s0150,79,1067837883570,1067239735657,598147913,598.147913
knn,CP-SCALE-AU-L002__gW0680_gE1200_s0150,83,1068237255910,1066831425090,1405830820,1405.83082
knn,CP-SCALE-AU-L002__gW1200_gE0340_s0150,67,1261487653615,1262014416636,-526763021,-526.763021
knn,CP-SCALE-AU-L002__gW1200_gE0340_s0150,71,1261262342444,1261462026287,-199683843,-199.683843
knn,CP-SCALE-AU-L002__gW1200_gE0340_s0150,73,1263575773048,1264363181659,-787408611,-787.408611
knn,CP-SCALE-AU-L002__gW1200_gE0340_s0150,79,1262719965310,1263126986686,-407021376,-407.021376
knn,CP-SCALE-AU-L002__gW1200_gE0340_s0150,83,1261872904953,1263064667750,-1191762797,-1191.762797
knn,CP-SCALE-AU-L002__gW1200_gE0680_s0150,67,1067174254607,1067236248680,-61994073,-61.994073
knn,CP-SCALE-AU-L002__gW1200_gE0680_s0150,71,1067543845732,1066761333794,782511938,782.511938
knn,CP-SCALE-AU-L002__gW1200_gE0680_s0150,73,1065691073317,1066417617527,-726544210,-726.54421
knn,CP-SCALE-AU-L002__gW1200_gE0680_s0150,79,1066232314242,1066364963623,-132649381,-132.649381
knn,CP-SCALE-AU-L002__gW1200_gE0680_s0150,83,1066845861897,1066361055567,484806330,484.80633
adaptive,CP-SCALE-AU-L002__g0340,67,1624720349274,1623103611353,1616737921,1616.737921
adaptive,CP-SCALE-AU-L002__g0340,71,1624232685759,1623272415399,960270360,960.27036
adaptive,CP-SCALE-AU-L002__g0340,73,1624856413884,1621870146933,2986266951,2986.266951
adaptive,CP-SCALE-AU-L002__g0340,79,1625680349087,1623938068653,1742280434,1742.280434
adaptive,CP-SCALE-AU-L002__g0340,83,1624713769145,1622176998654,2536770491,2536.770491
adaptive,CP-SCALE-AU-L002__g0680,67,1249906988226,1246237433972,3669554254,3669.554254
adaptive,CP-SCALE-AU-L002__g0680,71,1249657275405,1247537534929,2119740476,2119.740476
adaptive,CP-SCALE-AU-L002__g0680,73,1248305102160,1246539208142,1765894018,1765.894018
adaptive,CP-SCALE-AU-L002__g0680,79,1249222284263,1246414533329,2807750934,2807.750934
adaptive,CP-SCALE-AU-L002__g0680,83,1249096640211,1245163102930,3933537281,3933.537281
adaptive,CP-SCALE-AU-L002__g1200,67,884034681769,877863335648,6171346121,6171.346121
adaptive,CP-SCALE-AU-L002__g1200,71,884002771805,878164506640,5838265165,5838.265165
adaptive,CP-SCALE-AU-L002__g1200,73,884417896234,878982378419,5435517815,5435.517815
adaptive,CP-SCALE-AU-L002__g1200,79,883994845467,879625462418,4369383049,4369.383049
adaptive,CP-SCALE-AU-L002__g1200,83,882975390547,877433315288,5542075259,5542.075259
adaptive,CP-SCALE-AU-L002__g1800,67,683451210689,678873634272,4577576417,4577.576417
adaptive,CP-SCALE-AU-L002__g1800,71,682381546066,680472097769,1909448297,1909.448297
adaptive,CP-SCALE-AU-L002__g1800,73,682711035177,677803615525,4907419652,4907.419652
adaptive,CP-SCALE-AU-L002__g1800,79,681093843839,680331542934,762300905,762.300905
adaptive,CP-SCALE-AU-L002__g1800,83,682860161669,680029062040,2831099629,2831.099629
adaptive,CP-SCALE-AU-L002__gW0340_gE1200_s0150,67,1261071876531,1257190190610,3881685921,3881.685921
adaptive,CP-SCALE-AU-L002__gW0340_gE1200_s0150,71,1263018806296,1258611571792,4407234504,4407.234504
adaptive,CP-SCALE-AU-L002__gW0340_gE1200_s0150,73,1260837834974,1259397344636,1440490338,1440.490338
adaptive,CP-SCALE-AU-L002__gW0340_gE1200_s0150,79,1261522657171,1259188152491,2334504680,2334.50468
adaptive,CP-SCALE-AU-L002__gW0340_gE1200_s0150,83,1262341957359,1257174570170,5167387189,5167.387189
adaptive,CP-SCALE-AU-L002__gW0680_gE1200_s0150,67,1067769927895,1063080948591,4688979304,4688.979304
adaptive,CP-SCALE-AU-L002__gW0680_gE1200_s0150,71,1066783082964,1065002657132,1780425832,1780.425832
adaptive,CP-SCALE-AU-L002__gW0680_gE1200_s0150,73,1068326895063,1064266340081,4060554982,4060.554982
adaptive,CP-SCALE-AU-L002__gW0680_gE1200_s0150,79,1067837883570,1064228237701,3609645869,3609.645869
adaptive,CP-SCALE-AU-L002__gW0680_gE1200_s0150,83,1068237255910,1063876800437,4360455473,4360.455473
adaptive,CP-SCALE-AU-L002__gW1200_gE0340_s0150,67,1261487653615,1256883893835,4603759780,4603.75978
adaptive,CP-SCALE-AU-L002__gW1200_gE0340_s0150,71,1261262342444,1257338161969,3924180475,3924.180475
adaptive,CP-SCALE-AU-L002__gW1200_gE0340_s0150,73,1263575773048,1259997307385,3578465663,3578.465663
adaptive,CP-SCALE-AU-L002__gW1200_gE0340_s0150,79,1262719965310,1255892261221,6827704089,6827.704089
adaptive,CP-SCALE-AU-L002__gW1200_gE0340_s0150,83,1261872904953,1257544052201,4328852752,4328.852752
adaptive,CP-SCALE-AU-L002__gW1200_gE0680_s0150,67,1067174254607,1063975217761,3199036846,3199.036846
adaptive,CP-SCALE-AU-L002__gW1200_gE0680_s0150,71,1067543845732,1063083960997,4459884735,4459.884735
adaptive,CP-SCALE-AU-L002__gW1200_gE0680_s0150,73,1065691073317,1062955981503,2735091814,2735.091814
adaptive,CP-SCALE-AU-L002__gW1200_gE0680_s0150,79,1066232314242,1065650878787,581435455,581.435455
adaptive,CP-SCALE-AU-L002__gW1200_gE0680_s0150,83,1066845861897,1063204247122,3641614775,3641.614775
static,CP-SCALE-AU-L002__g0340,67,1624720349274,1625128174688,-407825414,-407.825414
static,CP-SCALE-AU-L002__g0340,71,1624232685759,1625811668251,-1578982492,-1578.982492
static,CP-SCALE-AU-L002__g0340,73,1624856413884,1624928402608,-71988724,-71.988724
static,CP-SCALE-AU-L002__g0340,79,1625680349087,1625021897868,658451219,658.451219
static,CP-SCALE-AU-L002__g0340,83,1624713769145,1625191198998,-477429853,-477.429853
static,CP-SCALE-AU-L002__g0680,67,1249906988226,1249692275743,214712483,214.712483
static,CP-SCALE-AU-L002__g0680,71,1249657275405,1249202758150,454517255,454.517255
static,CP-SCALE-AU-L002__g0680,73,1248305102160,1248721947424,-416845264,-416.845264
static,CP-SCALE-AU-L002__g0680,79,1249222284263,1249250824462,-28540199,-28.540199
static,CP-SCALE-AU-L002__g0680,83,1249096640211,1248995408343,101231868,101.231868
static,CP-SCALE-AU-L002__g1200,67,884034681769,883993876179,40805590,40.80559
static,CP-SCALE-AU-L002__g1200,71,884002771805,882694868220,1307903585,1307.903585
static,CP-SCALE-AU-L002__g1200,73,884417896234,885969411753,-1551515519,-1551.515519
static,CP-SCALE-AU-L002__g1200,79,883994845467,884443551216,-448705749,-448.705749
static,CP-SCALE-AU-L002__g1200,83,882975390547,883183394920,-208004373,-208.004373
static,CP-SCALE-AU-L002__g1800,67,683451210689,684249882980,-798672291,-798.672291
static,CP-SCALE-AU-L002__g1800,71,682381546066,684085631748,-1704085682,-1704.085682
static,CP-SCALE-AU-L002__g1800,73,682711035177,681956357175,754678002,754.678002
static,CP-SCALE-AU-L002__g1800,79,681093843839,681186671054,-92827215,-92.827215
static,CP-SCALE-AU-L002__g1800,83,682860161669,682447551758,412609911,412.609911
static,CP-SCALE-AU-L002__gW0340_gE1200_s0150,67,1261071876531,1260471228342,600648189,600.648189
static,CP-SCALE-AU-L002__gW0340_gE1200_s0150,71,1263018806296,1260076545400,2942260896,2942.260896
static,CP-SCALE-AU-L002__gW0340_gE1200_s0150,73,1260837834974,1261599508180,-761673206,-761.673206
static,CP-SCALE-AU-L002__gW0340_gE1200_s0150,79,1261522657171,1260211940251,1310716920,1310.71692
static,CP-SCALE-AU-L002__gW0340_gE1200_s0150,83,1262341957359,1261125989159,1215968200,1215.9682
static,CP-SCALE-AU-L002__gW0680_gE1200_s0150,67,1067769927895,1066662908964,1107018931,1107.018931
static,CP-SCALE-AU-L002__gW0680_gE1200_s0150,71,1066783082964,1066068675551,714407413,714.407413
static,CP-SCALE-AU-L002__gW0680_gE1200_s0150,73,1068326895063,1069525772828,-1198877765,-1198.877765
static,CP-SCALE-AU-L002__gW0680_gE1200_s0150,79,1067837883570,1065700935600,2136947970,2136.94797
static,CP-SCALE-AU-L002__gW0680_gE1200_s0150,83,1068237255910,1066969657433,1267598477,1267.598477
static,CP-SCALE-AU-L002__gW1200_gE0340_s0150,67,1261487653615,1261878457451,-390803836,-390.803836
static,CP-SCALE-AU-L002__gW1200_gE0340_s0150,71,1261262342444,1259606544197,1655798247,1655.798247
static,CP-SCALE-AU-L002__gW1200_gE0340_s0150,73,1263575773048,1262366690465,1209082583,1209.082583
static,CP-SCALE-AU-L002__gW1200_gE0340_s0150,79,1262719965310,1261954395167,765570143,765.570143
static,CP-SCALE-AU-L002__gW1200_gE0340_s0150,83,1261872904953,1261602691273,270213680,270.21368
static,CP-SCALE-AU-L002__gW1200_gE0680_s0150,67,1067174254607,1067012845866,161408741,161.408741
static,CP-SCALE-AU-L002__gW1200_gE0680_s0150,71,1067543845732,1066503861335,1039984397,1039.984397
static,CP-SCALE-AU-L002__gW1200_gE0680_s0150,73,1065691073317,1066425194446,-734121129,-734.121129
static,CP-SCALE-AU-L002__gW1200_gE0680_s0150,79,1066232314242,1067128673896,-896359654,-896.359654
static,CP-SCALE-AU-L002__gW1200_gE0680_s0150,83,1066845861897,1066080419322,765442575,765.442575
