batch,method,graph_id,seed,value_ticks,contact_seconds,target_seconds,population,wall_seconds,cpu_seconds,status,recorded_audit_pass,input_sha256,original_source_filename,source_sha256
CIPHEUR v0.3.0,CHILS-p4-default-step,CP-SCALE-AU-L002__g0340,11,1624659312936,1624659.312936,360,4,360.0071406811476,359.9494689000003,ok,True,f45451c354383da570944ddf0fc7898e9cd7056ac0ff54e97a2a2c4b69036697,normalized_runs.csv,bd70538cf58eeaff56eb389e24b7624f38bf39ca77fdaaf52f81e2605202f053
CIPHEUR v0.3.0,CHILS-p4-default-step,CP-SCALE-AU-L002__g0340,13,1624301783361,1624301.783361,360,4,360.0079251304269,360.0134347610001,ok,True,f45451c354383da570944ddf0fc7898e9cd7056ac0ff54e97a2a2c4b69036697,normalized_runs.csv,bd70538cf58eeaff56eb389e24b7624f38bf39ca77fdaaf52f81e2605202f053
CIPHEUR v0.3.0,CHILS-p4-default-step,CP-SCALE-AU-L002__g0340,17,1623258300111,1623258.300111,360,4,360.0070242062211,360.004523007,ok,True,f45451c354383da570944ddf0fc7898e9cd7056ac0ff54e97a2a2c4b69036697,normalized_runs.csv,bd70538cf58eeaff56eb389e24b7624f38bf39ca77fdaaf52f81e2605202f053
CIPHEUR v0.3.0,CHILS-p4-default-step,CP-SCALE-AU-L002__g0680,11,1245688399666,1245688.399666,360,4,360.0057409889996,360.0009000760001,ok,True,00df7ab3f84b2c1c98462e6a24a6844edfbe3af85b434c40e44bf86efcce2a7b,normalized_runs.csv,bd70538cf58eeaff56eb389e24b7624f38bf39ca77fdaaf52f81e2605202f053
CIPHEUR v0.3.0,CHILS-p4-default-step,CP-SCALE-AU-L002__g0680,13,1247096574629,1247096.574629,360,4,360.00610910356045,360.004297217,ok,True,00df7ab3f84b2c1c98462e6a24a6844edfbe3af85b434c40e44bf86efcce2a7b,normalized_runs.csv,bd70538cf58eeaff56eb389e24b7624f38bf39ca77fdaaf52f81e2605202f053
CIPHEUR v0.3.0,CHILS-p4-default-step,CP-SCALE-AU-L002__g0680,17,1248617859223,1248617.859223,360,4,360.006066262722,360.020470555,ok,True,00df7ab3f84b2c1c98462e6a24a6844edfbe3af85b434c40e44bf86efcce2a7b,normalized_runs.csv,bd70538cf58eeaff56eb389e24b7624f38bf39ca77fdaaf52f81e2605202f053
CIPHEUR v0.3.0,CHILS-p4-default-step,CP-SCALE-AU-L002__g1200,11,876796572366,876796.572366,360,4,360.0053489841521,359.9839227880002,ok,True,daaf6d54933abd24eb20b16c253177d674328b8555bf6b795088f76ab2e671b0,normalized_runs.csv,bd70538cf58eeaff56eb389e24b7624f38bf39ca77fdaaf52f81e2605202f053
CIPHEUR v0.3.0,CHILS-p4-default-step,CP-SCALE-AU-L002__g1200,13,877364198715,877364.198715,360,4,360.0058513581753,359.99650052200013,ok,True,daaf6d54933abd24eb20b16c253177d674328b8555bf6b795088f76ab2e671b0,normalized_runs.csv,bd70538cf58eeaff56eb389e24b7624f38bf39ca77fdaaf52f81e2605202f053
CIPHEUR v0.3.0,CHILS-p4-default-step,CP-SCALE-AU-L002__g1200,17,877505465169,877505.465169,360,4,360.0051625929773,359.98980452199976,ok,True,daaf6d54933abd24eb20b16c253177d674328b8555bf6b795088f76ab2e671b0,normalized_runs.csv,bd70538cf58eeaff56eb389e24b7624f38bf39ca77fdaaf52f81e2605202f053
CIPHEUR v0.3.0,CHILS-p4-default-step,CP-SCALE-AU-L002__g1800,11,679388816618,679388.816618,360,4,360.00526951625943,360.01078875099984,ok,True,929df9f700cdd73c14aa1aed2a4b8ec88eb4dbaddb0252134dc68e9409a0829b,normalized_runs.csv,bd70538cf58eeaff56eb389e24b7624f38bf39ca77fdaaf52f81e2605202f053
CIPHEUR v0.3.0,CHILS-p4-default-step,CP-SCALE-AU-L002__g1800,13,681912840796,681912.840796,360,4,360.00534073263407,360.0024593550006,ok,True,929df9f700cdd73c14aa1aed2a4b8ec88eb4dbaddb0252134dc68e9409a0829b,normalized_runs.csv,bd70538cf58eeaff56eb389e24b7624f38bf39ca77fdaaf52f81e2605202f053
CIPHEUR v0.3.0,CHILS-p4-default-step,CP-SCALE-AU-L002__g1800,17,681590810174,681590.810174,360,4,360.0043616704643,359.9965860540001,ok,True,929df9f700cdd73c14aa1aed2a4b8ec88eb4dbaddb0252134dc68e9409a0829b,normalized_runs.csv,bd70538cf58eeaff56eb389e24b7624f38bf39ca77fdaaf52f81e2605202f053
CIPHEUR v0.3.0,CHILS-p4-default-step,CP-SCALE-AU-L002__gW0340_gE1200_s0150,11,1260298395908,1260298.395908,360,4,360.0064350180328,359.97915076699974,ok,True,c19525c20997580aae8cc683586362d193926c2b0a5acb702c039bb37584a967,normalized_runs.csv,bd70538cf58eeaff56eb389e24b7624f38bf39ca77fdaaf52f81e2605202f053
CIPHEUR v0.3.0,CHILS-p4-default-step,CP-SCALE-AU-L002__gW0340_gE1200_s0150,13,1259757703398,1259757.703398,360,4,360.0057317391038,360.0199426639999,ok,True,c19525c20997580aae8cc683586362d193926c2b0a5acb702c039bb37584a967,normalized_runs.csv,bd70538cf58eeaff56eb389e24b7624f38bf39ca77fdaaf52f81e2605202f053
CIPHEUR v0.3.0,CHILS-p4-default-step,CP-SCALE-AU-L002__gW0340_gE1200_s0150,17,1257716349259,1257716.349259,360,4,360.0071030892432,360.00473269700007,ok,True,c19525c20997580aae8cc683586362d193926c2b0a5acb702c039bb37584a967,normalized_runs.csv,bd70538cf58eeaff56eb389e24b7624f38bf39ca77fdaaf52f81e2605202f053
CIPHEUR v0.3.0,CHILS-p4-default-step,CP-SCALE-AU-L002__gW0680_gE1200_s0150,11,1066183349423,1066183.349423,360,4,360.0056409239769,359.98477724899976,ok,True,76b3ce4a426bc2159d59d0c133f7d5e3b01cafc6f3edf2313428f26881023dd4,normalized_runs.csv,bd70538cf58eeaff56eb389e24b7624f38bf39ca77fdaaf52f81e2605202f053
CIPHEUR v0.3.0,CHILS-p4-default-step,CP-SCALE-AU-L002__gW0680_gE1200_s0150,13,1063522579854,1063522.579854,360,4,360.0057950280607,359.99683464400005,ok,True,76b3ce4a426bc2159d59d0c133f7d5e3b01cafc6f3edf2313428f26881023dd4,normalized_runs.csv,bd70538cf58eeaff56eb389e24b7624f38bf39ca77fdaaf52f81e2605202f053
CIPHEUR v0.3.0,CHILS-p4-default-step,CP-SCALE-AU-L002__gW0680_gE1200_s0150,17,1066769524990,1066769.52499,360,4,360.0063987262547,360.02113878499995,ok,True,76b3ce4a426bc2159d59d0c133f7d5e3b01cafc6f3edf2313428f26881023dd4,normalized_runs.csv,bd70538cf58eeaff56eb389e24b7624f38bf39ca77fdaaf52f81e2605202f053
CIPHEUR v0.3.0,CHILS-p4-default-step,CP-SCALE-AU-L002__gW1200_gE0340_s0150,11,1261825687716,1261825.687716,360,4,360.00647762417793,360.00268577600036,ok,True,68fd21ef61b7cfaa228bcc78aa122ab7ed1946dc1e9330e3ca3d0fbf6ff06af3,normalized_runs.csv,bd70538cf58eeaff56eb389e24b7624f38bf39ca77fdaaf52f81e2605202f053
CIPHEUR v0.3.0,CHILS-p4-default-step,CP-SCALE-AU-L002__gW1200_gE0340_s0150,13,1262344580520,1262344.58052,360,4,360.0059062242508,359.99969910599975,ok,True,68fd21ef61b7cfaa228bcc78aa122ab7ed1946dc1e9330e3ca3d0fbf6ff06af3,normalized_runs.csv,bd70538cf58eeaff56eb389e24b7624f38bf39ca77fdaaf52f81e2605202f053
CIPHEUR v0.3.0,CHILS-p4-default-step,CP-SCALE-AU-L002__gW1200_gE0340_s0150,17,1261961498913,1261961.498913,360,4,360.0064074918628,360.0041840370004,ok,True,68fd21ef61b7cfaa228bcc78aa122ab7ed1946dc1e9330e3ca3d0fbf6ff06af3,normalized_runs.csv,bd70538cf58eeaff56eb389e24b7624f38bf39ca77fdaaf52f81e2605202f053
CIPHEUR v0.3.0,CHILS-p4-default-step,CP-SCALE-AU-L002__gW1200_gE0680_s0150,11,1062626178076,1062626.178076,360,4,360.0056522935629,359.99037381100015,ok,True,97eed4ff2c5b4a84d1d1b8e9645e81fe0d40ff8e9fc4daac45e73da590f4615c,normalized_runs.csv,bd70538cf58eeaff56eb389e24b7624f38bf39ca77fdaaf52f81e2605202f053
CIPHEUR v0.3.0,CHILS-p4-default-step,CP-SCALE-AU-L002__gW1200_gE0680_s0150,13,1063016183980,1063016.18398,360,4,360.0064038448036,359.9534509080004,ok,True,97eed4ff2c5b4a84d1d1b8e9645e81fe0d40ff8e9fc4daac45e73da590f4615c,normalized_runs.csv,bd70538cf58eeaff56eb389e24b7624f38bf39ca77fdaaf52f81e2605202f053
CIPHEUR v0.3.0,CHILS-p4-default-step,CP-SCALE-AU-L002__gW1200_gE0680_s0150,17,1063853751050,1063853.75105,360,4,360.00607734918594,359.99078227200016,ok,True,97eed4ff2c5b4a84d1d1b8e9645e81fe0d40ff8e9fc4daac45e73da590f4615c,normalized_runs.csv,bd70538cf58eeaff56eb389e24b7624f38bf39ca77fdaaf52f81e2605202f053
CIPHEUR v0.5.0,CHILS-p4-default-step,CP-SCALE-AU-L002__g0340,11,1623927856615,1623927.856615,360,4,360.0097782611847,359.9508037810001,ok,True,f45451c354383da570944ddf0fc7898e9cd7056ac0ff54e97a2a2c4b69036697,normalized_runs.csv,5402ebfa669db6b696bc9c6c6c44a99689549e63f8e95f92e7bfe2b602b307c3
CIPHEUR v0.5.0,CHILS-p4-default-step,CP-SCALE-AU-L002__g0340,13,1625420748356,1625420.748356,360,4,360.00773031264544,360.0068551610002,ok,True,f45451c354383da570944ddf0fc7898e9cd7056ac0ff54e97a2a2c4b69036697,normalized_runs.csv,5402ebfa669db6b696bc9c6c6c44a99689549e63f8e95f92e7bfe2b602b307c3
CIPHEUR v0.5.0,CHILS-p4-default-step,CP-SCALE-AU-L002__g0340,17,1623335128696,1623335.128696,360,4,360.0092953890562,360.01758352400066,ok,True,f45451c354383da570944ddf0fc7898e9cd7056ac0ff54e97a2a2c4b69036697,normalized_runs.csv,5402ebfa669db6b696bc9c6c6c44a99689549e63f8e95f92e7bfe2b602b307c3
CIPHEUR v0.5.0,CHILS-p4-default-step,CP-SCALE-AU-L002__g0680,11,1246841981070,1246841.98107,360,4,360.0077480599284,359.967847095,ok,True,00df7ab3f84b2c1c98462e6a24a6844edfbe3af85b434c40e44bf86efcce2a7b,normalized_runs.csv,5402ebfa669db6b696bc9c6c6c44a99689549e63f8e95f92e7bfe2b602b307c3
CIPHEUR v0.5.0,CHILS-p4-default-step,CP-SCALE-AU-L002__g0680,13,1247528442814,1247528.442814,360,4,360.00794445350766,359.9916767709999,ok,True,00df7ab3f84b2c1c98462e6a24a6844edfbe3af85b434c40e44bf86efcce2a7b,normalized_runs.csv,5402ebfa669db6b696bc9c6c6c44a99689549e63f8e95f92e7bfe2b602b307c3
CIPHEUR v0.5.0,CHILS-p4-default-step,CP-SCALE-AU-L002__g0680,17,1248583286886,1248583.286886,360,4,360.00881015509367,359.95541014300034,ok,True,00df7ab3f84b2c1c98462e6a24a6844edfbe3af85b434c40e44bf86efcce2a7b,normalized_runs.csv,5402ebfa669db6b696bc9c6c6c44a99689549e63f8e95f92e7bfe2b602b307c3
CIPHEUR v0.5.0,CHILS-p4-default-step,CP-SCALE-AU-L002__g1200,11,876796572366,876796.572366,360,4,360.0083769671619,360.0003953579999,ok,True,daaf6d54933abd24eb20b16c253177d674328b8555bf6b795088f76ab2e671b0,normalized_runs.csv,5402ebfa669db6b696bc9c6c6c44a99689549e63f8e95f92e7bfe2b602b307c3
CIPHEUR v0.5.0,CHILS-p4-default-step,CP-SCALE-AU-L002__g1200,13,877364198715,877364.198715,360,4,360.0060365013778,360.009000776,ok,True,daaf6d54933abd24eb20b16c253177d674328b8555bf6b795088f76ab2e671b0,normalized_runs.csv,5402ebfa669db6b696bc9c6c6c44a99689549e63f8e95f92e7bfe2b602b307c3
CIPHEUR v0.5.0,CHILS-p4-default-step,CP-SCALE-AU-L002__g1200,17,877505465169,877505.465169,360,4,360.00759618356824,360.00314451099985,ok,True,daaf6d54933abd24eb20b16c253177d674328b8555bf6b795088f76ab2e671b0,normalized_runs.csv,5402ebfa669db6b696bc9c6c6c44a99689549e63f8e95f92e7bfe2b602b307c3
CIPHEUR v0.5.0,CHILS-p4-default-step,CP-SCALE-AU-L002__g1800,11,682325668101,682325.668101,360,4,360.00496745482087,360.0035772189999,ok,True,929df9f700cdd73c14aa1aed2a4b8ec88eb4dbaddb0252134dc68e9409a0829b,normalized_runs.csv,5402ebfa669db6b696bc9c6c6c44a99689549e63f8e95f92e7bfe2b602b307c3
CIPHEUR v0.5.0,CHILS-p4-default-step,CP-SCALE-AU-L002__g1800,13,682990551549,682990.551549,360,4,360.0065021440387,359.9697976240001,ok,True,929df9f700cdd73c14aa1aed2a4b8ec88eb4dbaddb0252134dc68e9409a0829b,normalized_runs.csv,5402ebfa669db6b696bc9c6c6c44a99689549e63f8e95f92e7bfe2b602b307c3
CIPHEUR v0.5.0,CHILS-p4-default-step,CP-SCALE-AU-L002__g1800,17,681854561596,681854.561596,360,4,360.0048943981528,359.9920905079998,ok,True,929df9f700cdd73c14aa1aed2a4b8ec88eb4dbaddb0252134dc68e9409a0829b,normalized_runs.csv,5402ebfa669db6b696bc9c6c6c44a99689549e63f8e95f92e7bfe2b602b307c3
CIPHEUR v0.5.0,CHILS-p4-default-step,CP-SCALE-AU-L002__gW0340_gE1200_s0150,11,1260146381788,1260146.381788,360,4,360.0077625513077,360.007443469,ok,True,c19525c20997580aae8cc683586362d193926c2b0a5acb702c039bb37584a967,normalized_runs.csv,5402ebfa669db6b696bc9c6c6c44a99689549e63f8e95f92e7bfe2b602b307c3
CIPHEUR v0.5.0,CHILS-p4-default-step,CP-SCALE-AU-L002__gW0340_gE1200_s0150,13,1258519954283,1258519.954283,360,4,360.0103031620383,360.02549217199976,ok,True,c19525c20997580aae8cc683586362d193926c2b0a5acb702c039bb37584a967,normalized_runs.csv,5402ebfa669db6b696bc9c6c6c44a99689549e63f8e95f92e7bfe2b602b307c3
CIPHEUR v0.5.0,CHILS-p4-default-step,CP-SCALE-AU-L002__gW0340_gE1200_s0150,17,1259319017805,1259319.017805,360,4,360.00994147732854,359.9841134930002,ok,True,c19525c20997580aae8cc683586362d193926c2b0a5acb702c039bb37584a967,normalized_runs.csv,5402ebfa669db6b696bc9c6c6c44a99689549e63f8e95f92e7bfe2b602b307c3
CIPHEUR v0.5.0,CHILS-p4-default-step,CP-SCALE-AU-L002__gW0680_gE1200_s0150,11,1064723855979,1064723.855979,360,4,360.01285130903125,359.9930633889999,ok,True,76b3ce4a426bc2159d59d0c133f7d5e3b01cafc6f3edf2313428f26881023dd4,normalized_runs.csv,5402ebfa669db6b696bc9c6c6c44a99689549e63f8e95f92e7bfe2b602b307c3
CIPHEUR v0.5.0,CHILS-p4-default-step,CP-SCALE-AU-L002__gW0680_gE1200_s0150,13,1063649785302,1063649.785302,360,4,360.0077260732651,359.9845014399998,ok,True,76b3ce4a426bc2159d59d0c133f7d5e3b01cafc6f3edf2313428f26881023dd4,normalized_runs.csv,5402ebfa669db6b696bc9c6c6c44a99689549e63f8e95f92e7bfe2b602b307c3
CIPHEUR v0.5.0,CHILS-p4-default-step,CP-SCALE-AU-L002__gW0680_gE1200_s0150,17,1062594905493,1062594.905493,360,4,360.0084281042218,359.9836081860003,ok,True,76b3ce4a426bc2159d59d0c133f7d5e3b01cafc6f3edf2313428f26881023dd4,normalized_runs.csv,5402ebfa669db6b696bc9c6c6c44a99689549e63f8e95f92e7bfe2b602b307c3
CIPHEUR v0.5.0,CHILS-p4-default-step,CP-SCALE-AU-L002__gW1200_gE0340_s0150,11,1262017975534,1262017.975534,360,4,360.01348217204213,359.9597231109992,ok,True,68fd21ef61b7cfaa228bcc78aa122ab7ed1946dc1e9330e3ca3d0fbf6ff06af3,normalized_runs.csv,5402ebfa669db6b696bc9c6c6c44a99689549e63f8e95f92e7bfe2b602b307c3
CIPHEUR v0.5.0,CHILS-p4-default-step,CP-SCALE-AU-L002__gW1200_gE0340_s0150,13,1264094103663,1264094.103663,360,4,360.0075182579458,359.999189313,ok,True,68fd21ef61b7cfaa228bcc78aa122ab7ed1946dc1e9330e3ca3d0fbf6ff06af3,normalized_runs.csv,5402ebfa669db6b696bc9c6c6c44a99689549e63f8e95f92e7bfe2b602b307c3
CIPHEUR v0.5.0,CHILS-p4-default-step,CP-SCALE-AU-L002__gW1200_gE0340_s0150,17,1262093219242,1262093.219242,360,4,360.00865035131574,359.98470299300004,ok,True,68fd21ef61b7cfaa228bcc78aa122ab7ed1946dc1e9330e3ca3d0fbf6ff06af3,normalized_runs.csv,5402ebfa669db6b696bc9c6c6c44a99689549e63f8e95f92e7bfe2b602b307c3
CIPHEUR v0.5.0,CHILS-p4-default-step,CP-SCALE-AU-L002__gW1200_gE0680_s0150,11,1061821713355,1061821.713355,360,4,360.0068349428475,359.93955456599997,ok,True,97eed4ff2c5b4a84d1d1b8e9645e81fe0d40ff8e9fc4daac45e73da590f4615c,normalized_runs.csv,5402ebfa669db6b696bc9c6c6c44a99689549e63f8e95f92e7bfe2b602b307c3
CIPHEUR v0.5.0,CHILS-p4-default-step,CP-SCALE-AU-L002__gW1200_gE0680_s0150,13,1062554325546,1062554.325546,360,4,360.00672543793917,359.99597942700007,ok,True,97eed4ff2c5b4a84d1d1b8e9645e81fe0d40ff8e9fc4daac45e73da590f4615c,normalized_runs.csv,5402ebfa669db6b696bc9c6c6c44a99689549e63f8e95f92e7bfe2b602b307c3
CIPHEUR v0.5.0,CHILS-p4-default-step,CP-SCALE-AU-L002__gW1200_gE0680_s0150,17,1063375648141,1063375.648141,360,4,360.0068681575358,359.999754038,ok,True,97eed4ff2c5b4a84d1d1b8e9645e81fe0d40ff8e9fc4daac45e73da590f4615c,normalized_runs.csv,5402ebfa669db6b696bc9c6c6c44a99689549e63f8e95f92e7bfe2b602b307c3
v0.6.0 C13 external CHILS p4,CHILS-p4-original-step10,CP-SCALE-AU-L002__g0340,7,1624797753664,1624797.753664,360,4,360.0084624812007,359.94288155699996,ok,True,f45451c354383da570944ddf0fc7898e9cd7056ac0ff54e97a2a2c4b69036697,results.csv,0c0816965a89e6827babe71bcde89210c540d91453f89466d213484958e08cce
v0.6.0 C13 external CHILS p4,CHILS-p4-original-step10,CP-SCALE-AU-L002__g0340,11,1623372359545,1623372.359545,360,4,360.00797171890736,359.741506834,ok,True,f45451c354383da570944ddf0fc7898e9cd7056ac0ff54e97a2a2c4b69036697,results.csv,0c0816965a89e6827babe71bcde89210c540d91453f89466d213484958e08cce
v0.6.0 C13 external CHILS p4,CHILS-p4-original-step10,CP-SCALE-AU-L002__g0340,19,1622141482037,1622141.482037,360,4,360.0088364556432,360.00286351599993,ok,True,f45451c354383da570944ddf0fc7898e9cd7056ac0ff54e97a2a2c4b69036697,results.csv,0c0816965a89e6827babe71bcde89210c540d91453f89466d213484958e08cce
v0.6.0 C13 external CHILS p4,CHILS-p4-original-step10,CP-SCALE-AU-L002__g0340,23,1624312593605,1624312.593605,360,4,360.0078261345625,359.99620883199987,ok,True,f45451c354383da570944ddf0fc7898e9cd7056ac0ff54e97a2a2c4b69036697,results.csv,0c0816965a89e6827babe71bcde89210c540d91453f89466d213484958e08cce
v0.6.0 C13 external CHILS p4,CHILS-p4-original-step10,CP-SCALE-AU-L002__g0340,29,1623088892460,1623088.89246,360,4,360.0081571415067,359.83560789,ok,True,f45451c354383da570944ddf0fc7898e9cd7056ac0ff54e97a2a2c4b69036697,results.csv,0c0816965a89e6827babe71bcde89210c540d91453f89466d213484958e08cce
v0.6.0 C13 external CHILS p4,CHILS-p4-original-step10,CP-SCALE-AU-L002__g0680,7,1246891455687,1246891.455687,360,4,360.0071007460356,360.0015060169999,ok,True,00df7ab3f84b2c1c98462e6a24a6844edfbe3af85b434c40e44bf86efcce2a7b,results.csv,0c0816965a89e6827babe71bcde89210c540d91453f89466d213484958e08cce
v0.6.0 C13 external CHILS p4,CHILS-p4-original-step10,CP-SCALE-AU-L002__g0680,11,1245026363500,1245026.3635,360,4,360.0063824020326,359.9327867339998,ok,True,00df7ab3f84b2c1c98462e6a24a6844edfbe3af85b434c40e44bf86efcce2a7b,results.csv,0c0816965a89e6827babe71bcde89210c540d91453f89466d213484958e08cce
v0.6.0 C13 external CHILS p4,CHILS-p4-original-step10,CP-SCALE-AU-L002__g0680,19,1246878257574,1246878.257574,360,4,360.00723223388195,360.00218499799996,ok,True,00df7ab3f84b2c1c98462e6a24a6844edfbe3af85b434c40e44bf86efcce2a7b,results.csv,0c0816965a89e6827babe71bcde89210c540d91453f89466d213484958e08cce
v0.6.0 C13 external CHILS p4,CHILS-p4-original-step10,CP-SCALE-AU-L002__g0680,23,1247480216062,1247480.216062,360,4,360.00775987282395,359.863984664,ok,True,00df7ab3f84b2c1c98462e6a24a6844edfbe3af85b434c40e44bf86efcce2a7b,results.csv,0c0816965a89e6827babe71bcde89210c540d91453f89466d213484958e08cce
v0.6.0 C13 external CHILS p4,CHILS-p4-original-step10,CP-SCALE-AU-L002__g0680,29,1247950943681,1247950.943681,360,4,360.0065686367452,360.00110085100005,ok,True,00df7ab3f84b2c1c98462e6a24a6844edfbe3af85b434c40e44bf86efcce2a7b,results.csv,0c0816965a89e6827babe71bcde89210c540d91453f89466d213484958e08cce
v0.6.0 C13 external CHILS p4,CHILS-p4-original-step10,CP-SCALE-AU-L002__g1200,7,876633347249,876633.347249,360,4,360.00734351202846,359.95109087099996,ok,True,daaf6d54933abd24eb20b16c253177d674328b8555bf6b795088f76ab2e671b0,results.csv,0c0816965a89e6827babe71bcde89210c540d91453f89466d213484958e08cce
v0.6.0 C13 external CHILS p4,CHILS-p4-original-step10,CP-SCALE-AU-L002__g1200,11,876796572366,876796.572366,360,4,360.00666981190443,360.00171283200007,ok,True,daaf6d54933abd24eb20b16c253177d674328b8555bf6b795088f76ab2e671b0,results.csv,0c0816965a89e6827babe71bcde89210c540d91453f89466d213484958e08cce
v0.6.0 C13 external CHILS p4,CHILS-p4-original-step10,CP-SCALE-AU-L002__g1200,19,877428354711,877428.354711,360,4,360.0061551295221,359.99692769699993,ok,True,daaf6d54933abd24eb20b16c253177d674328b8555bf6b795088f76ab2e671b0,results.csv,0c0816965a89e6827babe71bcde89210c540d91453f89466d213484958e08cce
v0.6.0 C13 external CHILS p4,CHILS-p4-original-step10,CP-SCALE-AU-L002__g1200,23,876472897659,876472.897659,360,4,360.0081204921007,359.995663722,ok,True,daaf6d54933abd24eb20b16c253177d674328b8555bf6b795088f76ab2e671b0,results.csv,0c0816965a89e6827babe71bcde89210c540d91453f89466d213484958e08cce
v0.6.0 C13 external CHILS p4,CHILS-p4-original-step10,CP-SCALE-AU-L002__g1200,29,877505468614,877505.468614,360,4,360.0062766075134,359.9981665490001,ok,True,daaf6d54933abd24eb20b16c253177d674328b8555bf6b795088f76ab2e671b0,results.csv,0c0816965a89e6827babe71bcde89210c540d91453f89466d213484958e08cce
v0.6.0 C13 external CHILS p4,CHILS-p4-original-step10,CP-SCALE-AU-L002__g1800,7,681908274717,681908.274717,360,4,360.0063205137849,359.99657872700004,ok,True,929df9f700cdd73c14aa1aed2a4b8ec88eb4dbaddb0252134dc68e9409a0829b,results.csv,0c0816965a89e6827babe71bcde89210c540d91453f89466d213484958e08cce
v0.6.0 C13 external CHILS p4,CHILS-p4-original-step10,CP-SCALE-AU-L002__g1800,11,680204999243,680204.999243,360,4,360.0056235753,359.83480557,ok,True,929df9f700cdd73c14aa1aed2a4b8ec88eb4dbaddb0252134dc68e9409a0829b,results.csv,0c0816965a89e6827babe71bcde89210c540d91453f89466d213484958e08cce
v0.6.0 C13 external CHILS p4,CHILS-p4-original-step10,CP-SCALE-AU-L002__g1800,19,680896420053,680896.420053,360,4,360.0061119236052,359.929325008,ok,True,929df9f700cdd73c14aa1aed2a4b8ec88eb4dbaddb0252134dc68e9409a0829b,results.csv,0c0816965a89e6827babe71bcde89210c540d91453f89466d213484958e08cce
v0.6.0 C13 external CHILS p4,CHILS-p4-original-step10,CP-SCALE-AU-L002__g1800,23,682435848795,682435.848795,360,4,360.0053738169372,359.9999428809999,ok,True,929df9f700cdd73c14aa1aed2a4b8ec88eb4dbaddb0252134dc68e9409a0829b,results.csv,0c0816965a89e6827babe71bcde89210c540d91453f89466d213484958e08cce
v0.6.0 C13 external CHILS p4,CHILS-p4-original-step10,CP-SCALE-AU-L002__g1800,29,681765608177,681765.608177,360,4,360.00613498315215,360.000876541,ok,True,929df9f700cdd73c14aa1aed2a4b8ec88eb4dbaddb0252134dc68e9409a0829b,results.csv,0c0816965a89e6827babe71bcde89210c540d91453f89466d213484958e08cce
v0.6.0 C13 external CHILS p4,CHILS-p4-original-step10,CP-SCALE-AU-L002__gW0340_gE1200_s0150,7,1261602314103,1261602.314103,360,4,360.0073891431093,360.0018023780001,ok,True,c19525c20997580aae8cc683586362d193926c2b0a5acb702c039bb37584a967,results.csv,0c0816965a89e6827babe71bcde89210c540d91453f89466d213484958e08cce
v0.6.0 C13 external CHILS p4,CHILS-p4-original-step10,CP-SCALE-AU-L002__gW0340_gE1200_s0150,11,1260253330875,1260253.330875,360,4,360.06402606517076,359.938175349,ok,True,c19525c20997580aae8cc683586362d193926c2b0a5acb702c039bb37584a967,results.csv,0c0816965a89e6827babe71bcde89210c540d91453f89466d213484958e08cce
v0.6.0 C13 external CHILS p4,CHILS-p4-original-step10,CP-SCALE-AU-L002__gW0340_gE1200_s0150,19,1259468096821,1259468.096821,360,4,360.00743389874697,359.806018002,ok,True,c19525c20997580aae8cc683586362d193926c2b0a5acb702c039bb37584a967,results.csv,0c0816965a89e6827babe71bcde89210c540d91453f89466d213484958e08cce
v0.6.0 C13 external CHILS p4,CHILS-p4-original-step10,CP-SCALE-AU-L002__gW0340_gE1200_s0150,23,1258818862232,1258818.862232,360,4,360.0073755569756,359.998808866,ok,True,c19525c20997580aae8cc683586362d193926c2b0a5acb702c039bb37584a967,results.csv,0c0816965a89e6827babe71bcde89210c540d91453f89466d213484958e08cce
v0.6.0 C13 external CHILS p4,CHILS-p4-original-step10,CP-SCALE-AU-L002__gW0340_gE1200_s0150,29,1259633705022,1259633.705022,360,4,360.008695974946,359.86358621200003,ok,True,c19525c20997580aae8cc683586362d193926c2b0a5acb702c039bb37584a967,results.csv,0c0816965a89e6827babe71bcde89210c540d91453f89466d213484958e08cce
v0.6.0 C13 external CHILS p4,CHILS-p4-original-step10,CP-SCALE-AU-L002__gW0680_gE1200_s0150,7,1064018248805,1064018.248805,360,4,360.007175385952,359.701287401,ok,True,76b3ce4a426bc2159d59d0c133f7d5e3b01cafc6f3edf2313428f26881023dd4,results.csv,0c0816965a89e6827babe71bcde89210c540d91453f89466d213484958e08cce
v0.6.0 C13 external CHILS p4,CHILS-p4-original-step10,CP-SCALE-AU-L002__gW0680_gE1200_s0150,11,1064191686290,1064191.68629,360,4,360.0078177638352,359.94763143299997,ok,True,76b3ce4a426bc2159d59d0c133f7d5e3b01cafc6f3edf2313428f26881023dd4,results.csv,0c0816965a89e6827babe71bcde89210c540d91453f89466d213484958e08cce
v0.6.0 C13 external CHILS p4,CHILS-p4-original-step10,CP-SCALE-AU-L002__gW0680_gE1200_s0150,19,1063313295197,1063313.295197,360,4,360.00681575387716,360.0005906250001,ok,True,76b3ce4a426bc2159d59d0c133f7d5e3b01cafc6f3edf2313428f26881023dd4,results.csv,0c0816965a89e6827babe71bcde89210c540d91453f89466d213484958e08cce
v0.6.0 C13 external CHILS p4,CHILS-p4-original-step10,CP-SCALE-AU-L002__gW0680_gE1200_s0150,23,1064515922063,1064515.922063,360,4,360.00733741372824,359.971073058,ok,True,76b3ce4a426bc2159d59d0c133f7d5e3b01cafc6f3edf2313428f26881023dd4,results.csv,0c0816965a89e6827babe71bcde89210c540d91453f89466d213484958e08cce
v0.6.0 C13 external CHILS p4,CHILS-p4-original-step10,CP-SCALE-AU-L002__gW0680_gE1200_s0150,29,1062301914365,1062301.914365,360,4,360.0070306621492,359.86203585100003,ok,True,76b3ce4a426bc2159d59d0c133f7d5e3b01cafc6f3edf2313428f26881023dd4,results.csv,0c0816965a89e6827babe71bcde89210c540d91453f89466d213484958e08cce
v0.6.0 C13 external CHILS p4,CHILS-p4-original-step10,CP-SCALE-AU-L002__gW1200_gE0340_s0150,7,1260486537652,1260486.537652,360,4,360.0065989494324,359.961920904,ok,True,68fd21ef61b7cfaa228bcc78aa122ab7ed1946dc1e9330e3ca3d0fbf6ff06af3,results.csv,0c0816965a89e6827babe71bcde89210c540d91453f89466d213484958e08cce
v0.6.0 C13 external CHILS p4,CHILS-p4-original-step10,CP-SCALE-AU-L002__gW1200_gE0340_s0150,11,1260585429477,1260585.429477,360,4,360.0069370344281,359.997101529,ok,True,68fd21ef61b7cfaa228bcc78aa122ab7ed1946dc1e9330e3ca3d0fbf6ff06af3,results.csv,0c0816965a89e6827babe71bcde89210c540d91453f89466d213484958e08cce
v0.6.0 C13 external CHILS p4,CHILS-p4-original-step10,CP-SCALE-AU-L002__gW1200_gE0340_s0150,19,1259392466319,1259392.466319,360,4,360.0066926404834,359.9968947770001,ok,True,68fd21ef61b7cfaa228bcc78aa122ab7ed1946dc1e9330e3ca3d0fbf6ff06af3,results.csv,0c0816965a89e6827babe71bcde89210c540d91453f89466d213484958e08cce
v0.6.0 C13 external CHILS p4,CHILS-p4-original-step10,CP-SCALE-AU-L002__gW1200_gE0340_s0150,23,1261949167589,1261949.167589,360,4,360.0078920684755,360.0033511329999,ok,True,68fd21ef61b7cfaa228bcc78aa122ab7ed1946dc1e9330e3ca3d0fbf6ff06af3,results.csv,0c0816965a89e6827babe71bcde89210c540d91453f89466d213484958e08cce
v0.6.0 C13 external CHILS p4,CHILS-p4-original-step10,CP-SCALE-AU-L002__gW1200_gE0340_s0150,29,1260338834530,1260338.83453,360,4,360.0068251825869,359.9945852579999,ok,True,68fd21ef61b7cfaa228bcc78aa122ab7ed1946dc1e9330e3ca3d0fbf6ff06af3,results.csv,0c0816965a89e6827babe71bcde89210c540d91453f89466d213484958e08cce
v0.6.0 C13 external CHILS p4,CHILS-p4-original-step10,CP-SCALE-AU-L002__gW1200_gE0680_s0150,7,1061520764587,1061520.764587,360,4,360.0062811858952,360.00172240200004,ok,True,97eed4ff2c5b4a84d1d1b8e9645e81fe0d40ff8e9fc4daac45e73da590f4615c,results.csv,0c0816965a89e6827babe71bcde89210c540d91453f89466d213484958e08cce
v0.6.0 C13 external CHILS p4,CHILS-p4-original-step10,CP-SCALE-AU-L002__gW1200_gE0680_s0150,11,1062701828526,1062701.828526,360,4,360.00680667907,359.976629054,ok,True,97eed4ff2c5b4a84d1d1b8e9645e81fe0d40ff8e9fc4daac45e73da590f4615c,results.csv,0c0816965a89e6827babe71bcde89210c540d91453f89466d213484958e08cce
v0.6.0 C13 external CHILS p4,CHILS-p4-original-step10,CP-SCALE-AU-L002__gW1200_gE0680_s0150,19,1061555933690,1061555.93369,360,4,360.0069105811417,359.63733814799997,ok,True,97eed4ff2c5b4a84d1d1b8e9645e81fe0d40ff8e9fc4daac45e73da590f4615c,results.csv,0c0816965a89e6827babe71bcde89210c540d91453f89466d213484958e08cce
v0.6.0 C13 external CHILS p4,CHILS-p4-original-step10,CP-SCALE-AU-L002__gW1200_gE0680_s0150,23,1061926205835,1061926.205835,360,4,360.00887321308255,359.999830541,ok,True,97eed4ff2c5b4a84d1d1b8e9645e81fe0d40ff8e9fc4daac45e73da590f4615c,results.csv,0c0816965a89e6827babe71bcde89210c540d91453f89466d213484958e08cce
v0.6.0 C13 external CHILS p4,CHILS-p4-original-step10,CP-SCALE-AU-L002__gW1200_gE0680_s0150,29,1063479798878,1063479.798878,360,4,360.0075178593397,360.0022910949999,ok,True,97eed4ff2c5b4a84d1d1b8e9645e81fe0d40ff8e9fc4daac45e73da590f4615c,results.csv,0c0816965a89e6827babe71bcde89210c540d91453f89466d213484958e08cce
