arm,graph_id,valid_seeds,mean_contact_seconds
knn,CP-SCALE-AU-L002__g0340,5,1626391.4540162
knn,CP-SCALE-AU-L002__g0680,5,1249720.546139
knn,CP-SCALE-AU-L002__g1200,5,886167.2004262
knn,CP-SCALE-AU-L002__g1800,5,683563.6286884
knn,CP-SCALE-AU-L002__gW1200_gE0340_s0150,5,1262764.4211656
knn,CP-SCALE-AU-L002__gW0340_gE1200_s0150,5,1262441.7715262
knn,CP-SCALE-AU-L002__gW0680_gE1200_s0150,5,1068593.5892238
knn,CP-SCALE-AU-L002__gW1200_gE0680_s0150,5,1067972.6795448
linucb,CP-SCALE-AU-L002__g0340,5,1626422.7258004
linucb,CP-SCALE-AU-L002__g0680,5,1249674.5638136
linucb,CP-SCALE-AU-L002__g1200,5,884792.1989252
linucb,CP-SCALE-AU-L002__g1800,5,683638.3953646
linucb,CP-SCALE-AU-L002__gW1200_gE0340_s0150,5,1263571.8436248
linucb,CP-SCALE-AU-L002__gW0340_gE1200_s0150,5,1262715.3031636
linucb,CP-SCALE-AU-L002__gW0680_gE1200_s0150,5,1068732.6826114
linucb,CP-SCALE-AU-L002__gW1200_gE0680_s0150,5,1067793.6976924
chils_p4_custom,CP-SCALE-AU-L002__g0340,5,1624295.3013054
chils_p4_custom,CP-SCALE-AU-L002__g0680,5,1246822.8549266
chils_p4_custom,CP-SCALE-AU-L002__g1200,5,878486.982797
chils_p4_custom,CP-SCALE-AU-L002__g1800,5,682048.4291238
chils_p4_custom,CP-SCALE-AU-L002__gW1200_gE0340_s0150,5,1261094.794089
chils_p4_custom,CP-SCALE-AU-L002__gW0340_gE1200_s0150,5,1259316.0186778
chils_p4_custom,CP-SCALE-AU-L002__gW0680_gE1200_s0150,5,1064712.0451818
chils_p4_custom,CP-SCALE-AU-L002__gW1200_gE0680_s0150,5,1062765.8593788
