graph_id,seed,reference,comparison,codex_ticks,comparison_ticks,delta_ticks,delta_contact_seconds
CP-SCALE-AU-L002__g0340,67,codex,knn,1628798375614,1626128233112,2670142502,2670.142502
CP-SCALE-AU-L002__g0340,71,codex,knn,1626965624296,1626766375948,199248348,199.248348
CP-SCALE-AU-L002__g0340,73,codex,knn,1626174088958,1625937110348,236978610,236.97861
CP-SCALE-AU-L002__g0340,79,codex,knn,1626871135910,1627519455066,-648319156,-648.319156
CP-SCALE-AU-L002__g0340,83,codex,knn,1626296885269,1625606095607,690789662,690.789662
CP-SCALE-AU-L002__g0680,67,codex,knn,1250276659081,1250317461782,-40802701,-40.802701
CP-SCALE-AU-L002__g0680,71,codex,knn,1249735621329,1249361057694,374563635,374.563635
CP-SCALE-AU-L002__g0680,73,codex,knn,1248936067127,1249899084534,-963017407,-963.017407
CP-SCALE-AU-L002__g0680,79,codex,knn,1250767219999,1249138536169,1628683830,1628.68383
CP-SCALE-AU-L002__g0680,83,codex,knn,1249320212442,1249886590516,-566378074,-566.378074
CP-SCALE-AU-L002__g1200,67,codex,knn,884652999543,885946009698,-1293010155,-1293.010155
CP-SCALE-AU-L002__g1200,71,codex,knn,885589500280,886294257198,-704756918,-704.756918
CP-SCALE-AU-L002__g1200,73,codex,knn,886440476828,886270277068,170199760,170.19976
CP-SCALE-AU-L002__g1200,79,codex,knn,886591551802,884930319970,1661231832,1661.231832
CP-SCALE-AU-L002__g1200,83,codex,knn,886423762551,887395138197,-971375646,-971.375646
CP-SCALE-AU-L002__g1800,67,codex,knn,685029682297,682467274598,2562407699,2562.407699
CP-SCALE-AU-L002__g1800,71,codex,knn,682657829731,683468294012,-810464281,-810.464281
CP-SCALE-AU-L002__g1800,73,codex,knn,684419128559,683673895149,745233410,745.23341
CP-SCALE-AU-L002__g1800,79,codex,knn,682184967863,684615363706,-2430395843,-2430.395843
CP-SCALE-AU-L002__g1800,83,codex,knn,684955009325,683593315977,1361693348,1361.693348
CP-SCALE-AU-L002__gW1200_gE0340_s0150,67,codex,knn,1262481618552,1263001398691,-519780139,-519.780139
CP-SCALE-AU-L002__gW1200_gE0340_s0150,71,codex,knn,1263693325176,1260953053347,2740271829,2740.271829
CP-SCALE-AU-L002__gW1200_gE0340_s0150,73,codex,knn,1264982127074,1264070783123,911343951,911.343951
CP-SCALE-AU-L002__gW1200_gE0340_s0150,79,codex,knn,1263968296254,1263030718970,937577284,937.577284
CP-SCALE-AU-L002__gW1200_gE0340_s0150,83,codex,knn,1263699721236,1262766151697,933569539,933.569539
CP-SCALE-AU-L002__gW0340_gE1200_s0150,67,codex,knn,1263557672195,1262500097021,1057575174,1057.575174
CP-SCALE-AU-L002__gW0340_gE1200_s0150,71,codex,knn,1263738340088,1262235986954,1502353134,1502.353134
CP-SCALE-AU-L002__gW0340_gE1200_s0150,73,codex,knn,1262636792686,1263002065246,-365272560,-365.27256
CP-SCALE-AU-L002__gW0340_gE1200_s0150,79,codex,knn,1263495423263,1262098867901,1396555362,1396.555362
CP-SCALE-AU-L002__gW0340_gE1200_s0150,83,codex,knn,1263052054696,1262371840509,680214187,680.214187
CP-SCALE-AU-L002__gW0680_gE1200_s0150,67,codex,knn,1068964198416,1067966548596,997649820,997.64982
CP-SCALE-AU-L002__gW0680_gE1200_s0150,71,codex,knn,1068786114411,1068434300275,351814136,351.814136
CP-SCALE-AU-L002__gW0680_gE1200_s0150,73,codex,knn,1069461504955,1070725304725,-1263799770,-1263.79977
CP-SCALE-AU-L002__gW0680_gE1200_s0150,79,codex,knn,1067678851039,1069160470564,-1481619525,-1481.619525
CP-SCALE-AU-L002__gW0680_gE1200_s0150,83,codex,knn,1067847479729,1066681321959,1166157770,1166.15777
CP-SCALE-AU-L002__gW1200_gE0680_s0150,67,codex,knn,1068512325458,1068202632746,309692712,309.692712
CP-SCALE-AU-L002__gW1200_gE0680_s0150,71,codex,knn,1068441512874,1068691440359,-249927485,-249.927485
CP-SCALE-AU-L002__gW1200_gE0680_s0150,73,codex,knn,1066488502255,1067006577547,-518075292,-518.075292
CP-SCALE-AU-L002__gW1200_gE0680_s0150,79,codex,knn,1067297623607,1068336260231,-1038636624,-1038.636624
CP-SCALE-AU-L002__gW1200_gE0680_s0150,83,codex,knn,1068544466134,1067626486841,917979293,917.979293
CP-SCALE-AU-L002__g0340,67,codex,linucb,1628798375614,1625336960829,3461414785,3461.414785
CP-SCALE-AU-L002__g0340,71,codex,linucb,1626965624296,1626742217054,223407242,223.407242
CP-SCALE-AU-L002__g0340,73,codex,linucb,1626174088958,1627037533830,-863444872,-863.444872
CP-SCALE-AU-L002__g0340,79,codex,linucb,1626871135910,1626700659320,170476590,170.47659
CP-SCALE-AU-L002__g0340,83,codex,linucb,1626296885269,1626296257969,627300,0.6273
CP-SCALE-AU-L002__g0680,67,codex,linucb,1250276659081,1250423301389,-146642308,-146.642308
CP-SCALE-AU-L002__g0680,71,codex,linucb,1249735621329,1249162081188,573540141,573.540141
CP-SCALE-AU-L002__g0680,73,codex,linucb,1248936067127,1249558637146,-622570019,-622.570019
CP-SCALE-AU-L002__g0680,79,codex,linucb,1250767219999,1249657032107,1110187892,1110.187892
CP-SCALE-AU-L002__g0680,83,codex,linucb,1249320212442,1249571767238,-251554796,-251.554796
CP-SCALE-AU-L002__g1200,67,codex,linucb,884652999543,883296153906,1356845637,1356.845637
CP-SCALE-AU-L002__g1200,71,codex,linucb,885589500280,885848590215,-259089935,-259.089935
CP-SCALE-AU-L002__g1200,73,codex,linucb,886440476828,885399199207,1041277621,1041.277621
CP-SCALE-AU-L002__g1200,79,codex,linucb,886591551802,886543312967,48238835,48.238835
CP-SCALE-AU-L002__g1200,83,codex,linucb,886423762551,882873738331,3550024220,3550.02422
CP-SCALE-AU-L002__g1800,67,codex,linucb,685029682297,684264864925,764817372,764.817372
CP-SCALE-AU-L002__g1800,71,codex,linucb,682657829731,683467028481,-809198750,-809.19875
CP-SCALE-AU-L002__g1800,73,codex,linucb,684419128559,682501251431,1917877128,1917.877128
CP-SCALE-AU-L002__g1800,79,codex,linucb,682184967863,682392955036,-207987173,-207.987173
CP-SCALE-AU-L002__g1800,83,codex,linucb,684955009325,685565876950,-610867625,-610.867625
CP-SCALE-AU-L002__gW1200_gE0340_s0150,67,codex,linucb,1262481618552,1262881693890,-400075338,-400.075338
CP-SCALE-AU-L002__gW1200_gE0340_s0150,71,codex,linucb,1263693325176,1263019326460,673998716,673.998716
CP-SCALE-AU-L002__gW1200_gE0340_s0150,73,codex,linucb,1264982127074,1264963141355,18985719,18.985719
CP-SCALE-AU-L002__gW1200_gE0340_s0150,79,codex,linucb,1263968296254,1264463131554,-494835300,-494.8353
CP-SCALE-AU-L002__gW1200_gE0340_s0150,83,codex,linucb,1263699721236,1262531924865,1167796371,1167.796371
CP-SCALE-AU-L002__gW0340_gE1200_s0150,67,codex,linucb,1263557672195,1262666934213,890737982,890.737982
CP-SCALE-AU-L002__gW0340_gE1200_s0150,71,codex,linucb,1263738340088,1262693494073,1044846015,1044.846015
CP-SCALE-AU-L002__gW0340_gE1200_s0150,73,codex,linucb,1262636792686,1262648480256,-11687570,-11.68757
CP-SCALE-AU-L002__gW0340_gE1200_s0150,79,codex,linucb,1263495423263,1261793183404,1702239859,1702.239859
CP-SCALE-AU-L002__gW0340_gE1200_s0150,83,codex,linucb,1263052054696,1263774423872,-722369176,-722.369176
CP-SCALE-AU-L002__gW0680_gE1200_s0150,67,codex,linucb,1068964198416,1067820505277,1143693139,1143.693139
CP-SCALE-AU-L002__gW0680_gE1200_s0150,71,codex,linucb,1068786114411,1067967207997,818906414,818.906414
CP-SCALE-AU-L002__gW0680_gE1200_s0150,73,codex,linucb,1069461504955,1069009394090,452110865,452.110865
CP-SCALE-AU-L002__gW0680_gE1200_s0150,79,codex,linucb,1067678851039,1069837758148,-2158907109,-2158.907109
CP-SCALE-AU-L002__gW0680_gE1200_s0150,83,codex,linucb,1067847479729,1069028547545,-1181067816,-1181.067816
CP-SCALE-AU-L002__gW1200_gE0680_s0150,67,codex,linucb,1068512325458,1067497302943,1015022515,1015.022515
CP-SCALE-AU-L002__gW1200_gE0680_s0150,71,codex,linucb,1068441512874,1068353280014,88232860,88.23286
CP-SCALE-AU-L002__gW1200_gE0680_s0150,73,codex,linucb,1066488502255,1067759990601,-1271488346,-1271.488346
CP-SCALE-AU-L002__gW1200_gE0680_s0150,79,codex,linucb,1067297623607,1067762456045,-464832438,-464.832438
CP-SCALE-AU-L002__gW1200_gE0680_s0150,83,codex,linucb,1068544466134,1067595458859,949007275,949.007275
CP-SCALE-AU-L002__g0340,67,codex,chils_p4_custom,1628798375614,1625528154095,3270221519,3270.221519
CP-SCALE-AU-L002__g0340,71,codex,chils_p4_custom,1626965624296,1623265206740,3700417556,3700.417556
CP-SCALE-AU-L002__g0340,73,codex,chils_p4_custom,1626174088958,1625013198732,1160890226,1160.890226
CP-SCALE-AU-L002__g0340,79,codex,chils_p4_custom,1626871135910,1623684499639,3186636271,3186.636271
CP-SCALE-AU-L002__g0340,83,codex,chils_p4_custom,1626296885269,1623985447321,2311437948,2311.437948
CP-SCALE-AU-L002__g0680,67,codex,chils_p4_custom,1250276659081,1247862913248,2413745833,2413.745833
CP-SCALE-AU-L002__g0680,71,codex,chils_p4_custom,1249735621329,1246915333761,2820287568,2820.287568
CP-SCALE-AU-L002__g0680,73,codex,chils_p4_custom,1248936067127,1245727161907,3208905220,3208.90522
CP-SCALE-AU-L002__g0680,79,codex,chils_p4_custom,1250767219999,1245171899206,5595320793,5595.320793
CP-SCALE-AU-L002__g0680,83,codex,chils_p4_custom,1249320212442,1248436966511,883245931,883.245931
CP-SCALE-AU-L002__g1200,67,codex,chils_p4_custom,884652999543,880310752047,4342247496,4342.247496
CP-SCALE-AU-L002__g1200,71,codex,chils_p4_custom,885589500280,876207139199,9382361081,9382.361081
CP-SCALE-AU-L002__g1200,73,codex,chils_p4_custom,886440476828,877389563067,9050913761,9050.913761
CP-SCALE-AU-L002__g1200,79,codex,chils_p4_custom,886591551802,881235163043,5356388759,5356.388759
CP-SCALE-AU-L002__g1200,83,codex,chils_p4_custom,886423762551,877292296629,9131465922,9131.465922
CP-SCALE-AU-L002__g1800,67,codex,chils_p4_custom,685029682297,683136028961,1893653336,1893.653336
CP-SCALE-AU-L002__g1800,71,codex,chils_p4_custom,682657829731,682319002790,338826941,338.826941
CP-SCALE-AU-L002__g1800,73,codex,chils_p4_custom,684419128559,681963042639,2456085920,2456.08592
CP-SCALE-AU-L002__g1800,79,codex,chils_p4_custom,682184967863,680815490333,1369477530,1369.47753
CP-SCALE-AU-L002__g1800,83,codex,chils_p4_custom,684955009325,682008580896,2946428429,2946.428429
CP-SCALE-AU-L002__gW1200_gE0340_s0150,67,codex,chils_p4_custom,1262481618552,1261206971327,1274647225,1274.647225
CP-SCALE-AU-L002__gW1200_gE0340_s0150,71,codex,chils_p4_custom,1263693325176,1262874956311,818368865,818.368865
CP-SCALE-AU-L002__gW1200_gE0340_s0150,73,codex,chils_p4_custom,1264982127074,1260311417950,4670709124,4670.709124
CP-SCALE-AU-L002__gW1200_gE0340_s0150,79,codex,chils_p4_custom,1263968296254,1260644541108,3323755146,3323.755146
CP-SCALE-AU-L002__gW1200_gE0340_s0150,83,codex,chils_p4_custom,1263699721236,1260436083749,3263637487,3263.637487
CP-SCALE-AU-L002__gW0340_gE1200_s0150,67,codex,chils_p4_custom,1263557672195,1259919884684,3637787511,3637.787511
CP-SCALE-AU-L002__gW0340_gE1200_s0150,71,codex,chils_p4_custom,1263738340088,1259846814505,3891525583,3891.525583
CP-SCALE-AU-L002__gW0340_gE1200_s0150,73,codex,chils_p4_custom,1262636792686,1258784741474,3852051212,3852.051212
CP-SCALE-AU-L002__gW0340_gE1200_s0150,79,codex,chils_p4_custom,1263495423263,1259604692355,3890730908,3890.730908
CP-SCALE-AU-L002__gW0340_gE1200_s0150,83,codex,chils_p4_custom,1263052054696,1258423960371,4628094325,4628.094325
CP-SCALE-AU-L002__gW0680_gE1200_s0150,67,codex,chils_p4_custom,1068964198416,1064677451991,4286746425,4286.746425
CP-SCALE-AU-L002__gW0680_gE1200_s0150,71,codex,chils_p4_custom,1068786114411,1066281187592,2504926819,2504.926819
CP-SCALE-AU-L002__gW0680_gE1200_s0150,73,codex,chils_p4_custom,1069461504955,1062710332207,6751172748,6751.172748
CP-SCALE-AU-L002__gW0680_gE1200_s0150,79,codex,chils_p4_custom,1067678851039,1066118536922,1560314117,1560.314117
CP-SCALE-AU-L002__gW0680_gE1200_s0150,83,codex,chils_p4_custom,1067847479729,1063772717197,4074762532,4074.762532
CP-SCALE-AU-L002__gW1200_gE0680_s0150,67,codex,chils_p4_custom,1068512325458,1062965817395,5546508063,5546.508063
CP-SCALE-AU-L002__gW1200_gE0680_s0150,71,codex,chils_p4_custom,1068441512874,1061563270096,6878242778,6878.242778
CP-SCALE-AU-L002__gW1200_gE0680_s0150,73,codex,chils_p4_custom,1066488502255,1062894655966,3593846289,3593.846289
CP-SCALE-AU-L002__gW1200_gE0680_s0150,79,codex,chils_p4_custom,1067297623607,1063820578750,3477044857,3477.044857
CP-SCALE-AU-L002__gW1200_gE0680_s0150,83,codex,chils_p4_custom,1068544466134,1062584974687,5959491447,5959.491447
