arm,graph_id,seed,result_sha256,status,audited_ok,value_ticks,recomputed_value_ticks,contact_seconds,feasible_reported,wall_seconds,cpu_seconds,model_calls,valid_model_proposals,native_library_sha256,input_sha256
knn,CP-SCALE-AU-L002__g0340,67,bd6ef7df65c1ab643d4302f9ee28db87a54bc8deeb4617d7c668df147365302d,ok,True,1626128233112,1626128233112,1626128.233112,True,900.0282313376665,899.150202407,,,83f7114e04b2e92a302573bd579541efae62d59114cef080a372f30bf01faf4c,f45451c354383da570944ddf0fc7898e9cd7056ac0ff54e97a2a2c4b69036697
knn,CP-SCALE-AU-L002__g0340,71,e0e10438293f7f5cfb48096845156263882dddb00df927f537433222ed6a014a,ok,True,1626766375948,1626766375948,1626766.375948,True,900.0135543942451,897.0780036200001,,,83f7114e04b2e92a302573bd579541efae62d59114cef080a372f30bf01faf4c,f45451c354383da570944ddf0fc7898e9cd7056ac0ff54e97a2a2c4b69036697
knn,CP-SCALE-AU-L002__g0340,73,9682c2ef0d2285ddd9671a599e29782ffafed262a842b2c5cd9eb3719f8c9701,ok,True,1625937110348,1625937110348,1625937.110348,True,900.0125001184642,899.163298888,,,83f7114e04b2e92a302573bd579541efae62d59114cef080a372f30bf01faf4c,f45451c354383da570944ddf0fc7898e9cd7056ac0ff54e97a2a2c4b69036697
knn,CP-SCALE-AU-L002__g0340,79,a5fe459d2a3f8f7489ee88a4ac8a1f39ee31a3e46da876997014bf9b9a5e63eb,ok,True,1627519455066,1627519455066,1627519.455066,True,900.0132761113346,898.3288735790002,,,83f7114e04b2e92a302573bd579541efae62d59114cef080a372f30bf01faf4c,f45451c354383da570944ddf0fc7898e9cd7056ac0ff54e97a2a2c4b69036697
knn,CP-SCALE-AU-L002__g0340,83,77a201d879ce0e5e810080e3acdf95fdc5a1198adcd979feb192b564c53d8dda,ok,True,1625606095607,1625606095607,1625606.095607,True,900.0115836821496,895.8933560799999,,,83f7114e04b2e92a302573bd579541efae62d59114cef080a372f30bf01faf4c,f45451c354383da570944ddf0fc7898e9cd7056ac0ff54e97a2a2c4b69036697
knn,CP-SCALE-AU-L002__g0680,67,4e030dda68904e3987f87605fc8e616034a3069e11aaef48c7dfeab022f7bf5d,ok,True,1250317461782,1250317461782,1250317.461782,True,900.0123167075217,897.195700833,,,83f7114e04b2e92a302573bd579541efae62d59114cef080a372f30bf01faf4c,00df7ab3f84b2c1c98462e6a24a6844edfbe3af85b434c40e44bf86efcce2a7b
knn,CP-SCALE-AU-L002__g0680,71,f7cb8d24cf429009b2271f8ed2724e787bbbd87b23418af8b9af74b18773ae26,ok,True,1249361057694,1249361057694,1249361.057694,True,900.011083252728,897.9068829130001,,,83f7114e04b2e92a302573bd579541efae62d59114cef080a372f30bf01faf4c,00df7ab3f84b2c1c98462e6a24a6844edfbe3af85b434c40e44bf86efcce2a7b
knn,CP-SCALE-AU-L002__g0680,73,29a8abf0b1dd669ff917da865ac377b57a357f522bab74ce3688b46d0701034b,ok,True,1249899084534,1249899084534,1249899.084534,True,900.0132547691464,896.6266257029997,,,83f7114e04b2e92a302573bd579541efae62d59114cef080a372f30bf01faf4c,00df7ab3f84b2c1c98462e6a24a6844edfbe3af85b434c40e44bf86efcce2a7b
knn,CP-SCALE-AU-L002__g0680,79,2fe9838d4c3e5b2c0069d3ded6174ee1d9898cff43eecb3a530064ac21ab84a4,ok,True,1249138536169,1249138536169,1249138.536169,True,900.0118055418134,899.9491391850006,,,83f7114e04b2e92a302573bd579541efae62d59114cef080a372f30bf01faf4c,00df7ab3f84b2c1c98462e6a24a6844edfbe3af85b434c40e44bf86efcce2a7b
knn,CP-SCALE-AU-L002__g0680,83,4f2331d2ab6f929511e85a66c68627b0278669e6dedae68ee6f7ac1d928c12a3,ok,True,1249886590516,1249886590516,1249886.590516,True,900.0120227560401,898.0341091309997,,,83f7114e04b2e92a302573bd579541efae62d59114cef080a372f30bf01faf4c,00df7ab3f84b2c1c98462e6a24a6844edfbe3af85b434c40e44bf86efcce2a7b
knn,CP-SCALE-AU-L002__g1200,67,1a13f2952b50aa113990a4d39403bc5f1b7e7e2d18a58df108286f7c62ffac4f,ok,True,885946009698,885946009698,885946.009698,True,900.0124491788447,897.7209502269998,,,83f7114e04b2e92a302573bd579541efae62d59114cef080a372f30bf01faf4c,daaf6d54933abd24eb20b16c253177d674328b8555bf6b795088f76ab2e671b0
knn,CP-SCALE-AU-L002__g1200,71,e5c5f6ff1d5eddc60b59d11065e015c795f9f56202411eb641d2da72498c6a44,ok,True,886294257198,886294257198,886294.257198,True,900.0127075612545,897.9613873850001,,,83f7114e04b2e92a302573bd579541efae62d59114cef080a372f30bf01faf4c,daaf6d54933abd24eb20b16c253177d674328b8555bf6b795088f76ab2e671b0
knn,CP-SCALE-AU-L002__g1200,73,fdab4e2f11a8369fdc9650ff80c537ee224cf101550766744fd466091456e953,ok,True,886270277068,886270277068,886270.277068,True,900.0105145536363,899.9514401610004,,,83f7114e04b2e92a302573bd579541efae62d59114cef080a372f30bf01faf4c,daaf6d54933abd24eb20b16c253177d674328b8555bf6b795088f76ab2e671b0
knn,CP-SCALE-AU-L002__g1200,79,d3661dedb8b35726d5972e47473541714d682fd7f4a708bd9188c15c77afd31b,ok,True,884930319970,884930319970,884930.31997,True,900.0109257996082,896.965660604,,,83f7114e04b2e92a302573bd579541efae62d59114cef080a372f30bf01faf4c,daaf6d54933abd24eb20b16c253177d674328b8555bf6b795088f76ab2e671b0
knn,CP-SCALE-AU-L002__g1200,83,6c722c07edc32eaf27062d9c1b9347f60aa7a4a4747d5edbb26b941e5835308b,ok,True,887395138197,887395138197,887395.138197,True,900.0111940577626,897.2573470880006,,,83f7114e04b2e92a302573bd579541efae62d59114cef080a372f30bf01faf4c,daaf6d54933abd24eb20b16c253177d674328b8555bf6b795088f76ab2e671b0
knn,CP-SCALE-AU-L002__g1800,67,6ac11458812794bc3cf907a1f716b6a1c9c606551aad3ef47367847259b3d050,ok,True,682467274598,682467274598,682467.274598,True,900.0108095631003,897.2897444619998,,,83f7114e04b2e92a302573bd579541efae62d59114cef080a372f30bf01faf4c,929df9f700cdd73c14aa1aed2a4b8ec88eb4dbaddb0252134dc68e9409a0829b
knn,CP-SCALE-AU-L002__g1800,71,4a1268fb15320e52c5460b0ae81e0a2c6a5feae0234543b025340ed9826f329b,ok,True,683468294012,683468294012,683468.294012,True,900.009952865541,897.5286886660001,,,83f7114e04b2e92a302573bd579541efae62d59114cef080a372f30bf01faf4c,929df9f700cdd73c14aa1aed2a4b8ec88eb4dbaddb0252134dc68e9409a0829b
knn,CP-SCALE-AU-L002__g1800,73,68ce24bd62535e93ca29ea00a0c2f3c079e9a033400545864e489e4f99d7dcf6,ok,True,683673895149,683673895149,683673.895149,True,900.0094404742122,897.825490622,,,83f7114e04b2e92a302573bd579541efae62d59114cef080a372f30bf01faf4c,929df9f700cdd73c14aa1aed2a4b8ec88eb4dbaddb0252134dc68e9409a0829b
knn,CP-SCALE-AU-L002__g1800,79,fb238144e97baa973d8de98ebc1503b34b322219e10153efc0f044c960748350,ok,True,684615363706,684615363706,684615.363706,True,900.0099678635597,896.5779448210001,,,83f7114e04b2e92a302573bd579541efae62d59114cef080a372f30bf01faf4c,929df9f700cdd73c14aa1aed2a4b8ec88eb4dbaddb0252134dc68e9409a0829b
knn,CP-SCALE-AU-L002__g1800,83,04c2be9f90f4bedf1b16bbeac327053a9864836d68b1162261f634b0c32646ae,ok,True,683593315977,683593315977,683593.315977,True,900.0211002863944,898.9596504909999,,,83f7114e04b2e92a302573bd579541efae62d59114cef080a372f30bf01faf4c,929df9f700cdd73c14aa1aed2a4b8ec88eb4dbaddb0252134dc68e9409a0829b
knn,CP-SCALE-AU-L002__gW0340_gE1200_s0150,67,878941fa0ec35666f54e92cdaaf1d7c0e74fa51834c62bb8b07ab8015a53b0dd,ok,True,1262500097021,1262500097021,1262500.097021,True,900.0106689073145,896.6692521610003,,,83f7114e04b2e92a302573bd579541efae62d59114cef080a372f30bf01faf4c,c19525c20997580aae8cc683586362d193926c2b0a5acb702c039bb37584a967
knn,CP-SCALE-AU-L002__gW0340_gE1200_s0150,71,f6fa1367c72b96920dc11641b5a6ad6f1087bebb25dd4292095190d10cb4734b,ok,True,1262235986954,1262235986954,1262235.986954,True,900.0246040858328,899.240256057,,,83f7114e04b2e92a302573bd579541efae62d59114cef080a372f30bf01faf4c,c19525c20997580aae8cc683586362d193926c2b0a5acb702c039bb37584a967
knn,CP-SCALE-AU-L002__gW0340_gE1200_s0150,73,b6c3d10d2852e0c88d7f156442f623e4865a5788202d7335a36df5e8b0e02979,ok,True,1263002065246,1263002065246,1263002.065246,True,900.0116570368409,896.6835334349998,,,83f7114e04b2e92a302573bd579541efae62d59114cef080a372f30bf01faf4c,c19525c20997580aae8cc683586362d193926c2b0a5acb702c039bb37584a967
knn,CP-SCALE-AU-L002__gW0340_gE1200_s0150,79,0a681752875624ad261ab6048728727ce40605c87a78ced46668f7b97a154284,ok,True,1262098867901,1262098867901,1262098.867901,True,900.010683901608,897.0466892590002,,,83f7114e04b2e92a302573bd579541efae62d59114cef080a372f30bf01faf4c,c19525c20997580aae8cc683586362d193926c2b0a5acb702c039bb37584a967
knn,CP-SCALE-AU-L002__gW0340_gE1200_s0150,83,728b036b49ca3ba65f79aa194d7dda77af29923290697258a89410bd732d1b52,ok,True,1262371840509,1262371840509,1262371.840509,True,900.011402297765,899.9625894729998,,,83f7114e04b2e92a302573bd579541efae62d59114cef080a372f30bf01faf4c,c19525c20997580aae8cc683586362d193926c2b0a5acb702c039bb37584a967
knn,CP-SCALE-AU-L002__gW0680_gE1200_s0150,67,65f9463adaa1848b772beb06c00ed25cfd6df4ceed7d04e8ec6b1ea625fd8090,ok,True,1067966548596,1067966548596,1067966.548596,True,900.0159551203251,897.7460907859997,,,83f7114e04b2e92a302573bd579541efae62d59114cef080a372f30bf01faf4c,76b3ce4a426bc2159d59d0c133f7d5e3b01cafc6f3edf2313428f26881023dd4
knn,CP-SCALE-AU-L002__gW0680_gE1200_s0150,71,973be3ffdb69bd6190c835529af82e8a740adf3a9dad15a2f530ad6830a771b6,ok,True,1068434300275,1068434300275,1068434.300275,True,900.0102226100862,898.3220140789999,,,83f7114e04b2e92a302573bd579541efae62d59114cef080a372f30bf01faf4c,76b3ce4a426bc2159d59d0c133f7d5e3b01cafc6f3edf2313428f26881023dd4
knn,CP-SCALE-AU-L002__gW0680_gE1200_s0150,73,af3a50bb4f0859c27c877463ffb644486c0381403b9c915fbb73d485a8ac19ac,ok,True,1070725304725,1070725304725,1070725.304725,True,900.0123481974006,896.6732350070006,,,83f7114e04b2e92a302573bd579541efae62d59114cef080a372f30bf01faf4c,76b3ce4a426bc2159d59d0c133f7d5e3b01cafc6f3edf2313428f26881023dd4
knn,CP-SCALE-AU-L002__gW0680_gE1200_s0150,79,f2d7c32d2224539d3cb1096b9e7ed368b24d9b805245e5d335928d0e196c031b,ok,True,1069160470564,1069160470564,1069160.470564,True,900.0111608020961,896.1381360400005,,,83f7114e04b2e92a302573bd579541efae62d59114cef080a372f30bf01faf4c,76b3ce4a426bc2159d59d0c133f7d5e3b01cafc6f3edf2313428f26881023dd4
knn,CP-SCALE-AU-L002__gW0680_gE1200_s0150,83,4604dcd0ce60bc4836c5d3bf98ebad6eaff100cbc1f66039ba2b84aadff752f1,ok,True,1066681321959,1066681321959,1066681.321959,True,900.012538857758,896.3711240869998,,,83f7114e04b2e92a302573bd579541efae62d59114cef080a372f30bf01faf4c,76b3ce4a426bc2159d59d0c133f7d5e3b01cafc6f3edf2313428f26881023dd4
knn,CP-SCALE-AU-L002__gW1200_gE0340_s0150,67,89dd67bb5c30b3a4d8bca6f6990aba3c6994b5acddd1cd201cbe765af33fe841,ok,True,1263001398691,1263001398691,1263001.398691,True,900.0121069252491,896.9513991100002,,,83f7114e04b2e92a302573bd579541efae62d59114cef080a372f30bf01faf4c,68fd21ef61b7cfaa228bcc78aa122ab7ed1946dc1e9330e3ca3d0fbf6ff06af3
knn,CP-SCALE-AU-L002__gW1200_gE0340_s0150,71,9cbdf3698966ec5a0091bf5bd0974e8e42808cc7649ac0cc84a55c3c9369df03,ok,True,1260953053347,1260953053347,1260953.053347,True,900.0116946697235,899.9632516829997,,,83f7114e04b2e92a302573bd579541efae62d59114cef080a372f30bf01faf4c,68fd21ef61b7cfaa228bcc78aa122ab7ed1946dc1e9330e3ca3d0fbf6ff06af3
knn,CP-SCALE-AU-L002__gW1200_gE0340_s0150,73,431c3728127e096810446a0f7f4dc1c3badd367873b6d4dd1a34f9baaa967b2c,ok,True,1264070783123,1264070783123,1264070.783123,True,900.0104817077518,897.757963101,,,83f7114e04b2e92a302573bd579541efae62d59114cef080a372f30bf01faf4c,68fd21ef61b7cfaa228bcc78aa122ab7ed1946dc1e9330e3ca3d0fbf6ff06af3
knn,CP-SCALE-AU-L002__gW1200_gE0340_s0150,79,1d6d476dc6873ff1d6f54d12ccc773fe70d6144911daa7d4165cb2438aea5b5c,ok,True,1263030718970,1263030718970,1263030.71897,True,900.0188585966825,899.169830726,,,83f7114e04b2e92a302573bd579541efae62d59114cef080a372f30bf01faf4c,68fd21ef61b7cfaa228bcc78aa122ab7ed1946dc1e9330e3ca3d0fbf6ff06af3
knn,CP-SCALE-AU-L002__gW1200_gE0340_s0150,83,c39029d2dba506bfe776284d1e7c1256545c79daa92cf68643156e1397a6359c,ok,True,1262766151697,1262766151697,1262766.151697,True,900.0126728825271,898.0002553289999,,,83f7114e04b2e92a302573bd579541efae62d59114cef080a372f30bf01faf4c,68fd21ef61b7cfaa228bcc78aa122ab7ed1946dc1e9330e3ca3d0fbf6ff06af3
knn,CP-SCALE-AU-L002__gW1200_gE0680_s0150,67,a3fb3cd75395c88da0b2886892fa57932a0baa8775449c3dcc783fe68c18ce53,ok,True,1068202632746,1068202632746,1068202.632746,True,900.0153543055058,898.654794369,,,83f7114e04b2e92a302573bd579541efae62d59114cef080a372f30bf01faf4c,97eed4ff2c5b4a84d1d1b8e9645e81fe0d40ff8e9fc4daac45e73da590f4615c
knn,CP-SCALE-AU-L002__gW1200_gE0680_s0150,71,2861c74dd08938be8e6f61bfd0d1dca11762d26ae2bda5fb11a29d859f2679c4,ok,True,1068691440359,1068691440359,1068691.440359,True,900.0116969905794,896.7825332120005,,,83f7114e04b2e92a302573bd579541efae62d59114cef080a372f30bf01faf4c,97eed4ff2c5b4a84d1d1b8e9645e81fe0d40ff8e9fc4daac45e73da590f4615c
knn,CP-SCALE-AU-L002__gW1200_gE0680_s0150,73,d7469d2271c5481182fa243706efe0b38e3fd2cc752b826352d06b6fcaca746e,ok,True,1067006577547,1067006577547,1067006.577547,True,900.0109610743821,896.9555481759999,,,83f7114e04b2e92a302573bd579541efae62d59114cef080a372f30bf01faf4c,97eed4ff2c5b4a84d1d1b8e9645e81fe0d40ff8e9fc4daac45e73da590f4615c
knn,CP-SCALE-AU-L002__gW1200_gE0680_s0150,79,309e377aa59ac8457522eda07ef96c6d00ee115959bdef1ca55ac261bec8343e,ok,True,1068336260231,1068336260231,1068336.260231,True,900.0105561055243,897.5892143270003,,,83f7114e04b2e92a302573bd579541efae62d59114cef080a372f30bf01faf4c,97eed4ff2c5b4a84d1d1b8e9645e81fe0d40ff8e9fc4daac45e73da590f4615c
knn,CP-SCALE-AU-L002__gW1200_gE0680_s0150,83,9234a933ba9f6303a0bae08931e1abf7dd7f54a30c46858cbeba767234fd07e8,ok,True,1067626486841,1067626486841,1067626.486841,True,900.0121285580099,897.1155504019998,,,83f7114e04b2e92a302573bd579541efae62d59114cef080a372f30bf01faf4c,97eed4ff2c5b4a84d1d1b8e9645e81fe0d40ff8e9fc4daac45e73da590f4615c
linucb,CP-SCALE-AU-L002__g0340,67,431aa190420ff26e950c91efa721f60f3b93152c10b4be2fa2724a6775436ce6,ok,True,1625336960829,1625336960829,1625336.960829,True,900.0269169099629,899.301746647,,,83f7114e04b2e92a302573bd579541efae62d59114cef080a372f30bf01faf4c,f45451c354383da570944ddf0fc7898e9cd7056ac0ff54e97a2a2c4b69036697
linucb,CP-SCALE-AU-L002__g0340,71,2298158bf25bb3f9ad3182cfad4033f768d38bc62c39bb5f3f9ff5c1446311d3,ok,True,1626742217054,1626742217054,1626742.217054,True,900.0121140219271,897.9389710230002,,,83f7114e04b2e92a302573bd579541efae62d59114cef080a372f30bf01faf4c,f45451c354383da570944ddf0fc7898e9cd7056ac0ff54e97a2a2c4b69036697
linucb,CP-SCALE-AU-L002__g0340,73,fd20877696fa7b6f98280e6ec3b21ac439e6c8bad03384c58ba5a78346ff9779,ok,True,1627037533830,1627037533830,1627037.53383,True,900.0168086253107,899.156884335,,,83f7114e04b2e92a302573bd579541efae62d59114cef080a372f30bf01faf4c,f45451c354383da570944ddf0fc7898e9cd7056ac0ff54e97a2a2c4b69036697
linucb,CP-SCALE-AU-L002__g0340,79,bd2aad926074a7f4cb37b06e7a507bd0de28ce54eb41cc675ceab729e30ae494,ok,True,1626700659320,1626700659320,1626700.65932,True,900.0124774873257,896.807324549,,,83f7114e04b2e92a302573bd579541efae62d59114cef080a372f30bf01faf4c,f45451c354383da570944ddf0fc7898e9cd7056ac0ff54e97a2a2c4b69036697
linucb,CP-SCALE-AU-L002__g0340,83,3639a4e2f0c90af17a6097630acf8401f236a4c05364f6257a50bd929a71b59d,ok,True,1626296257969,1626296257969,1626296.257969,True,900.0124369710684,897.78179429,,,83f7114e04b2e92a302573bd579541efae62d59114cef080a372f30bf01faf4c,f45451c354383da570944ddf0fc7898e9cd7056ac0ff54e97a2a2c4b69036697
linucb,CP-SCALE-AU-L002__g0680,67,b29e5de20ce8eceeda92ad9c24bcd3db0b12a0d31a52106966f065b65022ef99,ok,True,1250423301389,1250423301389,1250423.301389,True,900.0115204155445,897.6812123689997,,,83f7114e04b2e92a302573bd579541efae62d59114cef080a372f30bf01faf4c,00df7ab3f84b2c1c98462e6a24a6844edfbe3af85b434c40e44bf86efcce2a7b
linucb,CP-SCALE-AU-L002__g0680,71,f01d7a75c7650779aa5d0b373a1b41ff8f67b69654ed5198cce90f1e285407fd,ok,True,1249162081188,1249162081188,1249162.081188,True,900.0169517621398,896.6834637580005,,,83f7114e04b2e92a302573bd579541efae62d59114cef080a372f30bf01faf4c,00df7ab3f84b2c1c98462e6a24a6844edfbe3af85b434c40e44bf86efcce2a7b
linucb,CP-SCALE-AU-L002__g0680,73,b7644900ef028ffa720b7cc41ff637b731bffcb2e205136f365b3758c4926f93,ok,True,1249558637146,1249558637146,1249558.637146,True,900.0107571333647,897.982838956,,,83f7114e04b2e92a302573bd579541efae62d59114cef080a372f30bf01faf4c,00df7ab3f84b2c1c98462e6a24a6844edfbe3af85b434c40e44bf86efcce2a7b
linucb,CP-SCALE-AU-L002__g0680,79,21ad692e82bb4aacc7d89818b196700823bd795745ee9c002c3f054a15de2c66,ok,True,1249657032107,1249657032107,1249657.032107,True,900.0106100998819,899.9162127190002,,,83f7114e04b2e92a302573bd579541efae62d59114cef080a372f30bf01faf4c,00df7ab3f84b2c1c98462e6a24a6844edfbe3af85b434c40e44bf86efcce2a7b
linucb,CP-SCALE-AU-L002__g0680,83,9834798080205a92feaa975502215de11d1d7e6b1ae6e4a5772f71fa3d66e2ec,ok,True,1249571767238,1249571767238,1249571.767238,True,900.0117517672479,898.1135908010001,,,83f7114e04b2e92a302573bd579541efae62d59114cef080a372f30bf01faf4c,00df7ab3f84b2c1c98462e6a24a6844edfbe3af85b434c40e44bf86efcce2a7b
linucb,CP-SCALE-AU-L002__g1200,67,be483df0dca647f6a0ebc73a06a005c9b0671f2d9c20067992ce9f4d072f5504,ok,True,883296153906,883296153906,883296.153906,True,900.0126022137702,897.846118724,,,83f7114e04b2e92a302573bd579541efae62d59114cef080a372f30bf01faf4c,daaf6d54933abd24eb20b16c253177d674328b8555bf6b795088f76ab2e671b0
linucb,CP-SCALE-AU-L002__g1200,71,22de0719747b982a322564dddd67ad96e34a0b111c317dab590d4902270bb0c0,ok,True,885848590215,885848590215,885848.590215,True,900.0135036408901,897.4730758750001,,,83f7114e04b2e92a302573bd579541efae62d59114cef080a372f30bf01faf4c,daaf6d54933abd24eb20b16c253177d674328b8555bf6b795088f76ab2e671b0
linucb,CP-SCALE-AU-L002__g1200,73,bb00b98317827d0e7b691ed142be9c19031b3f43276081c2300ebeeffc64bd32,ok,True,885399199207,885399199207,885399.199207,True,900.0116850398481,899.9577799090002,,,83f7114e04b2e92a302573bd579541efae62d59114cef080a372f30bf01faf4c,daaf6d54933abd24eb20b16c253177d674328b8555bf6b795088f76ab2e671b0
linucb,CP-SCALE-AU-L002__g1200,79,09eb110a8e9276f1a4a326fa7db93a3a55fda26a9f69e2a1abc354b29865e328,ok,True,886543312967,886543312967,886543.312967,True,900.0103296302259,898.0547818230001,,,83f7114e04b2e92a302573bd579541efae62d59114cef080a372f30bf01faf4c,daaf6d54933abd24eb20b16c253177d674328b8555bf6b795088f76ab2e671b0
linucb,CP-SCALE-AU-L002__g1200,83,b8ab1ee68f40a95596baa171c0aa96610bdd86914a6a57ef0f2e650a29b86bfa,ok,True,882873738331,882873738331,882873.738331,True,900.0170936323702,896.9456674040002,,,83f7114e04b2e92a302573bd579541efae62d59114cef080a372f30bf01faf4c,daaf6d54933abd24eb20b16c253177d674328b8555bf6b795088f76ab2e671b0
linucb,CP-SCALE-AU-L002__g1800,67,89fb565cabb0dc6ac6ade1d85fc3f39ded55bb97d65fa90d3d86e9276b2c841f,ok,True,684264864925,684264864925,684264.864925,True,900.0091093406081,897.4585500549997,,,83f7114e04b2e92a302573bd579541efae62d59114cef080a372f30bf01faf4c,929df9f700cdd73c14aa1aed2a4b8ec88eb4dbaddb0252134dc68e9409a0829b
linucb,CP-SCALE-AU-L002__g1800,71,149201641804678d3c393128fe4ed8ff9088ecd5572831100f77d6f0569feea1,ok,True,683467028481,683467028481,683467.028481,True,900.010675534606,897.240492765,,,83f7114e04b2e92a302573bd579541efae62d59114cef080a372f30bf01faf4c,929df9f700cdd73c14aa1aed2a4b8ec88eb4dbaddb0252134dc68e9409a0829b
linucb,CP-SCALE-AU-L002__g1800,73,ea93e132043aca8bb2a1ce99f17c0081a6a92d3a0e4d9e6f2eb623d6b124e2e6,ok,True,682501251431,682501251431,682501.251431,True,900.010025203228,896.614093613,,,83f7114e04b2e92a302573bd579541efae62d59114cef080a372f30bf01faf4c,929df9f700cdd73c14aa1aed2a4b8ec88eb4dbaddb0252134dc68e9409a0829b
linucb,CP-SCALE-AU-L002__g1800,79,f199f6e7f0b90cd220f18d76a0c46163c898ca42262d07051090cc7317c8d86c,ok,True,682392955036,682392955036,682392.955036,True,900.0130845047534,897.5338307339999,,,83f7114e04b2e92a302573bd579541efae62d59114cef080a372f30bf01faf4c,929df9f700cdd73c14aa1aed2a4b8ec88eb4dbaddb0252134dc68e9409a0829b
linucb,CP-SCALE-AU-L002__g1800,83,802aa6ab5da483b1e4ae56a960a204b7e7505470af12cb50cceb9ae79459c9ba,ok,True,685565876950,685565876950,685565.87695,True,900.0208972431719,899.318337389,,,83f7114e04b2e92a302573bd579541efae62d59114cef080a372f30bf01faf4c,929df9f700cdd73c14aa1aed2a4b8ec88eb4dbaddb0252134dc68e9409a0829b
linucb,CP-SCALE-AU-L002__gW0340_gE1200_s0150,67,7b1e5e02e82f0390f857b41e1846f1c7ffe72848c64657f87546aa952b30066a,ok,True,1262666934213,1262666934213,1262666.934213,True,900.0129100941122,896.9638813920001,,,83f7114e04b2e92a302573bd579541efae62d59114cef080a372f30bf01faf4c,c19525c20997580aae8cc683586362d193926c2b0a5acb702c039bb37584a967
linucb,CP-SCALE-AU-L002__gW0340_gE1200_s0150,71,4652d7858954189cd454083289dce4bef32bd23fb7f19925aa2b085ba14651f9,ok,True,1262693494073,1262693494073,1262693.494073,True,900.0130884125829,899.214522032,,,83f7114e04b2e92a302573bd579541efae62d59114cef080a372f30bf01faf4c,c19525c20997580aae8cc683586362d193926c2b0a5acb702c039bb37584a967
linucb,CP-SCALE-AU-L002__gW0340_gE1200_s0150,73,50b6ec08ffb19657f9d79b9d6797f6219d4d78bf150994e11de18b37a313c951,ok,True,1262648480256,1262648480256,1262648.480256,True,900.0118597596884,896.3859504820002,,,83f7114e04b2e92a302573bd579541efae62d59114cef080a372f30bf01faf4c,c19525c20997580aae8cc683586362d193926c2b0a5acb702c039bb37584a967
linucb,CP-SCALE-AU-L002__gW0340_gE1200_s0150,79,cf25288caa2a298d19c3145613dd68e018ecd8e784cfaf514cde80be471d797c,ok,True,1261793183404,1261793183404,1261793.183404,True,900.0108015090227,896.8634791420004,,,83f7114e04b2e92a302573bd579541efae62d59114cef080a372f30bf01faf4c,c19525c20997580aae8cc683586362d193926c2b0a5acb702c039bb37584a967
linucb,CP-SCALE-AU-L002__gW0340_gE1200_s0150,83,134ff9b171e9a0af00973a15584991ada69fb718405925302396d5d29e5f1ec1,ok,True,1263774423872,1263774423872,1263774.423872,True,900.0115666687489,899.9549550270003,,,83f7114e04b2e92a302573bd579541efae62d59114cef080a372f30bf01faf4c,c19525c20997580aae8cc683586362d193926c2b0a5acb702c039bb37584a967
linucb,CP-SCALE-AU-L002__gW0680_gE1200_s0150,67,2428d3a7e8c3444ff1e25de7176a33f2cbb141bd8b740ba6f64bbd76d8fcfaee,ok,True,1067820505277,1067820505277,1067820.505277,True,900.0123911723495,898.1305191459999,,,83f7114e04b2e92a302573bd579541efae62d59114cef080a372f30bf01faf4c,76b3ce4a426bc2159d59d0c133f7d5e3b01cafc6f3edf2313428f26881023dd4
linucb,CP-SCALE-AU-L002__gW0680_gE1200_s0150,71,4c76b03c8db95a9512ae1cfc75d071bedb587bc4c4df6621fac1075cef08837e,ok,True,1067967207997,1067967207997,1067967.207997,True,900.0114623978734,898.2764434800001,,,83f7114e04b2e92a302573bd579541efae62d59114cef080a372f30bf01faf4c,76b3ce4a426bc2159d59d0c133f7d5e3b01cafc6f3edf2313428f26881023dd4
linucb,CP-SCALE-AU-L002__gW0680_gE1200_s0150,73,bc921447cc05eb07c535584f722417cc815361a75ccc129060e10fba3ccb90df,ok,True,1069009394090,1069009394090,1069009.39409,True,900.0111261121929,897.4469193109999,,,83f7114e04b2e92a302573bd579541efae62d59114cef080a372f30bf01faf4c,76b3ce4a426bc2159d59d0c133f7d5e3b01cafc6f3edf2313428f26881023dd4
linucb,CP-SCALE-AU-L002__gW0680_gE1200_s0150,79,ba66c60e01862a96bda782c69867d78d280a703b49846c529393a4820298eb5e,ok,True,1069837758148,1069837758148,1069837.758148,True,900.0137786269188,897.0537558199999,,,83f7114e04b2e92a302573bd579541efae62d59114cef080a372f30bf01faf4c,76b3ce4a426bc2159d59d0c133f7d5e3b01cafc6f3edf2313428f26881023dd4
linucb,CP-SCALE-AU-L002__gW0680_gE1200_s0150,83,01e1ac15a565dbd5a43d996ec667762fe04a018cc4a99057e6b932f0d681ca85,ok,True,1069028547545,1069028547545,1069028.547545,True,900.0124487504363,897.8963126140002,,,83f7114e04b2e92a302573bd579541efae62d59114cef080a372f30bf01faf4c,76b3ce4a426bc2159d59d0c133f7d5e3b01cafc6f3edf2313428f26881023dd4
linucb,CP-SCALE-AU-L002__gW1200_gE0340_s0150,67,b6a83001ede6fad70b6c4454f7916f4da34f8fc15e66a5700558b39bebc99b6e,ok,True,1262881693890,1262881693890,1262881.69389,True,900.0107327587903,897.9946679610002,,,83f7114e04b2e92a302573bd579541efae62d59114cef080a372f30bf01faf4c,68fd21ef61b7cfaa228bcc78aa122ab7ed1946dc1e9330e3ca3d0fbf6ff06af3
linucb,CP-SCALE-AU-L002__gW1200_gE0340_s0150,71,741a07383aa3dabbc96bfc979bb3961185c1ab7bbfe276d1a3af2fb7707323d3,ok,True,1263019326460,1263019326460,1263019.32646,True,900.0117273889482,899.8040754160002,,,83f7114e04b2e92a302573bd579541efae62d59114cef080a372f30bf01faf4c,68fd21ef61b7cfaa228bcc78aa122ab7ed1946dc1e9330e3ca3d0fbf6ff06af3
linucb,CP-SCALE-AU-L002__gW1200_gE0340_s0150,73,996ca428721d7e3a9cbb1b5f535634d5a7ea2cb2d1d8147c8f36dc0810bfb3d2,ok,True,1264963141355,1264963141355,1264963.141355,True,900.0110190398991,897.445940158,,,83f7114e04b2e92a302573bd579541efae62d59114cef080a372f30bf01faf4c,68fd21ef61b7cfaa228bcc78aa122ab7ed1946dc1e9330e3ca3d0fbf6ff06af3
linucb,CP-SCALE-AU-L002__gW1200_gE0340_s0150,79,bc369f28dda270d86ff82a13664b3c0c02147115f40b3c99d5a79e66257f49b0,ok,True,1264463131554,1264463131554,1264463.131554,True,900.0141228549182,899.316751812,,,83f7114e04b2e92a302573bd579541efae62d59114cef080a372f30bf01faf4c,68fd21ef61b7cfaa228bcc78aa122ab7ed1946dc1e9330e3ca3d0fbf6ff06af3
linucb,CP-SCALE-AU-L002__gW1200_gE0340_s0150,83,c8967a18fb5313068256b78668e027e2b38bf134804ec4352b2dfa4f590f938b,ok,True,1262531924865,1262531924865,1262531.924865,True,900.0108454488218,897.942343461,,,83f7114e04b2e92a302573bd579541efae62d59114cef080a372f30bf01faf4c,68fd21ef61b7cfaa228bcc78aa122ab7ed1946dc1e9330e3ca3d0fbf6ff06af3
linucb,CP-SCALE-AU-L002__gW1200_gE0680_s0150,67,eb4e135f827e64f44d9a28f8fd58c9853b1c4503a914fcd8533d181414685f69,ok,True,1067497302943,1067497302943,1067497.302943,True,900.0131558440626,898.845373446,,,83f7114e04b2e92a302573bd579541efae62d59114cef080a372f30bf01faf4c,97eed4ff2c5b4a84d1d1b8e9645e81fe0d40ff8e9fc4daac45e73da590f4615c
linucb,CP-SCALE-AU-L002__gW1200_gE0680_s0150,71,c2018a556267db02ec27d3cf1f40fff8165200e9ad8a300d48352ac91e15942f,ok,True,1068353280014,1068353280014,1068353.280014,True,900.0114115737379,895.8457002379996,,,83f7114e04b2e92a302573bd579541efae62d59114cef080a372f30bf01faf4c,97eed4ff2c5b4a84d1d1b8e9645e81fe0d40ff8e9fc4daac45e73da590f4615c
linucb,CP-SCALE-AU-L002__gW1200_gE0680_s0150,73,bb1beeecd33a26d893284235eb7c5aa16cbbf5f982ec76f6589e74a165f86b95,ok,True,1067759990601,1067759990601,1067759.990601,True,900.0110896751285,896.8578596340003,,,83f7114e04b2e92a302573bd579541efae62d59114cef080a372f30bf01faf4c,97eed4ff2c5b4a84d1d1b8e9645e81fe0d40ff8e9fc4daac45e73da590f4615c
linucb,CP-SCALE-AU-L002__gW1200_gE0680_s0150,79,9f0f8f9342df52c29bf3c3db09c4d12cf5508b5a0fb0e48ca630a9fe7bbeb6ca,ok,True,1067762456045,1067762456045,1067762.456045,True,900.0098238289356,897.468140936,,,83f7114e04b2e92a302573bd579541efae62d59114cef080a372f30bf01faf4c,97eed4ff2c5b4a84d1d1b8e9645e81fe0d40ff8e9fc4daac45e73da590f4615c
linucb,CP-SCALE-AU-L002__gW1200_gE0680_s0150,83,aaa4331c559096029b338cf9b4a4139268e75fe851d1169e5c29ddcd4b12a539,ok,True,1067595458859,1067595458859,1067595.458859,True,900.0107278004289,897.810422515,,,83f7114e04b2e92a302573bd579541efae62d59114cef080a372f30bf01faf4c,97eed4ff2c5b4a84d1d1b8e9645e81fe0d40ff8e9fc4daac45e73da590f4615c
chils_p4_custom,CP-SCALE-AU-L002__g0340,67,4ad7b2a4d51fbd5020b5916cd9ae8653ebf687f0cb183cac68df7159f699f389,ok,True,1625528154095,1625528154095,1625528.154095,True,900.0081382989883,899.931567087,,,134b238004b3f7ca7fc0ee1b424c9a6826139b86656156e8adc4ecc0acd68736,f45451c354383da570944ddf0fc7898e9cd7056ac0ff54e97a2a2c4b69036697
chils_p4_custom,CP-SCALE-AU-L002__g0340,71,fe759b0f96a327fcf3263d14e346bfb32830cb5866f0f543a20aca52867f1526,ok,True,1623265206740,1623265206740,1623265.20674,True,900.012452930212,899.4394952959999,,,134b238004b3f7ca7fc0ee1b424c9a6826139b86656156e8adc4ecc0acd68736,f45451c354383da570944ddf0fc7898e9cd7056ac0ff54e97a2a2c4b69036697
chils_p4_custom,CP-SCALE-AU-L002__g0340,73,c471a8f2f926f97435a4ae91a22c4ddd4a910f486e714ff6456bf09e7493e72d,ok,True,1625013198732,1625013198732,1625013.198732,True,900.0090185180306,899.960858453,,,134b238004b3f7ca7fc0ee1b424c9a6826139b86656156e8adc4ecc0acd68736,f45451c354383da570944ddf0fc7898e9cd7056ac0ff54e97a2a2c4b69036697
chils_p4_custom,CP-SCALE-AU-L002__g0340,79,9f105c8200e04bcc9d5da26d802075f13b721baa65aa1c52900787009ac206f7,ok,True,1623684499639,1623684499639,1623684.499639,True,900.008402582258,899.5415681150002,,,134b238004b3f7ca7fc0ee1b424c9a6826139b86656156e8adc4ecc0acd68736,f45451c354383da570944ddf0fc7898e9cd7056ac0ff54e97a2a2c4b69036697
chils_p4_custom,CP-SCALE-AU-L002__g0340,83,5ad4730a353fc2d3661018e75ea5791a7a9ce2d7ac82b3d7ed74373b8f6cd2d1,ok,True,1623985447321,1623985447321,1623985.447321,True,900.0088139846921,899.5275714580001,,,134b238004b3f7ca7fc0ee1b424c9a6826139b86656156e8adc4ecc0acd68736,f45451c354383da570944ddf0fc7898e9cd7056ac0ff54e97a2a2c4b69036697
chils_p4_custom,CP-SCALE-AU-L002__g0680,67,4d33cf1cd7cdfb383e90d13634e94166b1798c1c7a4dedfe0d720c26b7a62d36,ok,True,1247862913248,1247862913248,1247862.913248,True,900.0924603044987,899.4287156490009,,,134b238004b3f7ca7fc0ee1b424c9a6826139b86656156e8adc4ecc0acd68736,00df7ab3f84b2c1c98462e6a24a6844edfbe3af85b434c40e44bf86efcce2a7b
chils_p4_custom,CP-SCALE-AU-L002__g0680,71,80eb88d6106fe74a54680d21a509f2b9622a6a644f5adcef9b82974e518b39ec,ok,True,1246915333761,1246915333761,1246915.333761,True,900.0147217959166,899.3687319280007,,,134b238004b3f7ca7fc0ee1b424c9a6826139b86656156e8adc4ecc0acd68736,00df7ab3f84b2c1c98462e6a24a6844edfbe3af85b434c40e44bf86efcce2a7b
chils_p4_custom,CP-SCALE-AU-L002__g0680,73,911c1a45dbe4e0ff9e470f67aec2fba64fb3291d32dddfa0678f6aca28619ff0,ok,True,1245727161907,1245727161907,1245727.161907,True,900.0068682543933,899.56049401,,,134b238004b3f7ca7fc0ee1b424c9a6826139b86656156e8adc4ecc0acd68736,00df7ab3f84b2c1c98462e6a24a6844edfbe3af85b434c40e44bf86efcce2a7b
chils_p4_custom,CP-SCALE-AU-L002__g0680,79,c83c2f2049aa6a9ce424b75c94df67674e810e73195682c081b13bd063e0f121,ok,True,1245171899206,1245171899206,1245171.899206,True,900.0073022916913,899.9340221840002,,,134b238004b3f7ca7fc0ee1b424c9a6826139b86656156e8adc4ecc0acd68736,00df7ab3f84b2c1c98462e6a24a6844edfbe3af85b434c40e44bf86efcce2a7b
chils_p4_custom,CP-SCALE-AU-L002__g0680,83,050d9cca4fcaa8a1b85ea5515e3558cb8ba93c19e57707ce56612aa07b5ec791,ok,True,1248436966511,1248436966511,1248436.966511,True,900.0100246965885,899.534132925,,,134b238004b3f7ca7fc0ee1b424c9a6826139b86656156e8adc4ecc0acd68736,00df7ab3f84b2c1c98462e6a24a6844edfbe3af85b434c40e44bf86efcce2a7b
chils_p4_custom,CP-SCALE-AU-L002__g1200,67,7490e2c378bd6cef302c6bd551d9bb10d7c9d243405a8e6c612ac113d426d390,ok,True,880310752047,880310752047,880310.752047,True,900.0064147114754,899.6142062610002,,,134b238004b3f7ca7fc0ee1b424c9a6826139b86656156e8adc4ecc0acd68736,daaf6d54933abd24eb20b16c253177d674328b8555bf6b795088f76ab2e671b0
chils_p4_custom,CP-SCALE-AU-L002__g1200,71,43ea36e8e0c2d134c00b1534dec39572a244ac3ce2b244eaab786fa0fa4b64c0,ok,True,876207139199,876207139199,876207.139199,True,900.007066834718,899.687897823,,,134b238004b3f7ca7fc0ee1b424c9a6826139b86656156e8adc4ecc0acd68736,daaf6d54933abd24eb20b16c253177d674328b8555bf6b795088f76ab2e671b0
chils_p4_custom,CP-SCALE-AU-L002__g1200,73,428523f94c23931b5df84645747a347ef75420be2ffcdca503b97eb71c7b64cd,ok,True,877389563067,877389563067,877389.563067,True,900.0064263120294,899.9288106399999,,,134b238004b3f7ca7fc0ee1b424c9a6826139b86656156e8adc4ecc0acd68736,daaf6d54933abd24eb20b16c253177d674328b8555bf6b795088f76ab2e671b0
chils_p4_custom,CP-SCALE-AU-L002__g1200,79,cdad29ed74c2859225ea50c6858920ffd33d0f1413bf497b52e57bde4724405f,ok,True,881235163043,881235163043,881235.163043,True,900.0062980651855,899.59878364,,,134b238004b3f7ca7fc0ee1b424c9a6826139b86656156e8adc4ecc0acd68736,daaf6d54933abd24eb20b16c253177d674328b8555bf6b795088f76ab2e671b0
chils_p4_custom,CP-SCALE-AU-L002__g1200,83,912990f57f8f2acf93a2185e85b703884977d3ac7dfe082801326623faef9c1b,ok,True,877292296629,877292296629,877292.296629,True,900.0059115439653,899.3983814760004,,,134b238004b3f7ca7fc0ee1b424c9a6826139b86656156e8adc4ecc0acd68736,daaf6d54933abd24eb20b16c253177d674328b8555bf6b795088f76ab2e671b0
chils_p4_custom,CP-SCALE-AU-L002__g1800,67,5554c917006a02705dce33b9efd6f71a9e6310b5fc5240c34c432442751fe120,ok,True,683136028961,683136028961,683136.028961,True,900.0057460442185,899.5905183639998,,,134b238004b3f7ca7fc0ee1b424c9a6826139b86656156e8adc4ecc0acd68736,929df9f700cdd73c14aa1aed2a4b8ec88eb4dbaddb0252134dc68e9409a0829b
chils_p4_custom,CP-SCALE-AU-L002__g1800,71,4a8eb91fc2b777ac65696360591030741069651adaa1cef243c962d5791e9e84,ok,True,682319002790,682319002790,682319.00279,True,900.0057014748454,899.6310072469998,,,134b238004b3f7ca7fc0ee1b424c9a6826139b86656156e8adc4ecc0acd68736,929df9f700cdd73c14aa1aed2a4b8ec88eb4dbaddb0252134dc68e9409a0829b
chils_p4_custom,CP-SCALE-AU-L002__g1800,73,188b50f34b0f7863614da8e5706d88e945135495f77b2768abbd760ebc89dcae,ok,True,681963042639,681963042639,681963.042639,True,900.0079104118049,899.6156315499998,,,134b238004b3f7ca7fc0ee1b424c9a6826139b86656156e8adc4ecc0acd68736,929df9f700cdd73c14aa1aed2a4b8ec88eb4dbaddb0252134dc68e9409a0829b
chils_p4_custom,CP-SCALE-AU-L002__g1800,79,8f3fba65ffb8e6deb03abe57de5533ce7cf4b5da21d4ad7ee34616d3398963b2,ok,True,680815490333,680815490333,680815.490333,True,900.0059802569449,899.695122385,,,134b238004b3f7ca7fc0ee1b424c9a6826139b86656156e8adc4ecc0acd68736,929df9f700cdd73c14aa1aed2a4b8ec88eb4dbaddb0252134dc68e9409a0829b
chils_p4_custom,CP-SCALE-AU-L002__g1800,83,92de186266037da34e1c683d6c6865e4155bba3d1a4ccc11c98d576395f42eaa,ok,True,682008580896,682008580896,682008.580896,True,900.0056890361011,899.949343837,,,134b238004b3f7ca7fc0ee1b424c9a6826139b86656156e8adc4ecc0acd68736,929df9f700cdd73c14aa1aed2a4b8ec88eb4dbaddb0252134dc68e9409a0829b
chils_p4_custom,CP-SCALE-AU-L002__gW0340_gE1200_s0150,67,1f25e3ec952b609af67e9525fd33df96a39a628f11fbc4eb78311bc2fbd284e4,ok,True,1259919884684,1259919884684,1259919.884684,True,900.0074806772172,899.1772973819998,,,134b238004b3f7ca7fc0ee1b424c9a6826139b86656156e8adc4ecc0acd68736,c19525c20997580aae8cc683586362d193926c2b0a5acb702c039bb37584a967
chils_p4_custom,CP-SCALE-AU-L002__gW0340_gE1200_s0150,71,5327f3af9dc32ebe0fac358ce74bedccb992ef2410b3556ce765c3553afb1598,ok,True,1259846814505,1259846814505,1259846.814505,True,900.0071067884564,899.95350207,,,134b238004b3f7ca7fc0ee1b424c9a6826139b86656156e8adc4ecc0acd68736,c19525c20997580aae8cc683586362d193926c2b0a5acb702c039bb37584a967
chils_p4_custom,CP-SCALE-AU-L002__gW0340_gE1200_s0150,73,5cd48dbb24bb1ed47fa5ebdeb77494ea1c5641962614c5a854bcba2c970bdc70,ok,True,1258784741474,1258784741474,1258784.741474,True,900.0083810985088,899.1547969929998,,,134b238004b3f7ca7fc0ee1b424c9a6826139b86656156e8adc4ecc0acd68736,c19525c20997580aae8cc683586362d193926c2b0a5acb702c039bb37584a967
chils_p4_custom,CP-SCALE-AU-L002__gW0340_gE1200_s0150,79,aaf6e2d14d796319e29c3b9211c61ee2e733ff4cb427e97618596804fc1dfd0e,ok,True,1259604692355,1259604692355,1259604.692355,True,900.0084043815732,899.1659153730002,,,134b238004b3f7ca7fc0ee1b424c9a6826139b86656156e8adc4ecc0acd68736,c19525c20997580aae8cc683586362d193926c2b0a5acb702c039bb37584a967
chils_p4_custom,CP-SCALE-AU-L002__gW0340_gE1200_s0150,83,258daf909431b4e042e708e9ea451e31a682efd69ea86d8ae2ab43d339e69589,ok,True,1258423960371,1258423960371,1258423.960371,True,900.0068860016763,899.9215046359996,,,134b238004b3f7ca7fc0ee1b424c9a6826139b86656156e8adc4ecc0acd68736,c19525c20997580aae8cc683586362d193926c2b0a5acb702c039bb37584a967
chils_p4_custom,CP-SCALE-AU-L002__gW0680_gE1200_s0150,67,6ada2ae22002e2bfbbd7669acbe37c5bb036c1fad1a375fad8a7beb0f68d8ae3,ok,True,1064677451991,1064677451991,1064677.451991,True,900.0066595599055,899.5896665970001,,,134b238004b3f7ca7fc0ee1b424c9a6826139b86656156e8adc4ecc0acd68736,76b3ce4a426bc2159d59d0c133f7d5e3b01cafc6f3edf2313428f26881023dd4
chils_p4_custom,CP-SCALE-AU-L002__gW0680_gE1200_s0150,71,cea191b917dc7caa06cdd19b719b6d8f4fe0bbc225bc66947587f7042575f359,ok,True,1066281187592,1066281187592,1066281.187592,True,900.0070400759578,899.6711046159999,,,134b238004b3f7ca7fc0ee1b424c9a6826139b86656156e8adc4ecc0acd68736,76b3ce4a426bc2159d59d0c133f7d5e3b01cafc6f3edf2313428f26881023dd4
chils_p4_custom,CP-SCALE-AU-L002__gW0680_gE1200_s0150,73,19f579e6b0cc9a93c5ef4e4b48f7e9bbe2d558da75a1248d2587c7b67c907d39,ok,True,1062710332207,1062710332207,1062710.332207,True,900.006671089679,899.4130481299999,,,134b238004b3f7ca7fc0ee1b424c9a6826139b86656156e8adc4ecc0acd68736,76b3ce4a426bc2159d59d0c133f7d5e3b01cafc6f3edf2313428f26881023dd4
chils_p4_custom,CP-SCALE-AU-L002__gW0680_gE1200_s0150,79,70d9fb260b22805019b22991abf705b85b9107c533d7c01002ff00d4826eefb4,ok,True,1066118536922,1066118536922,1066118.536922,True,900.0068741329014,899.0138828070003,,,134b238004b3f7ca7fc0ee1b424c9a6826139b86656156e8adc4ecc0acd68736,76b3ce4a426bc2159d59d0c133f7d5e3b01cafc6f3edf2313428f26881023dd4
chils_p4_custom,CP-SCALE-AU-L002__gW0680_gE1200_s0150,83,29b59e897b076ba147ac81ffcafa9c969b327a7a6732760b8cc077bc0c5b85d2,ok,True,1063772717197,1063772717197,1063772.717197,True,900.0064419135451,899.6574901180002,,,134b238004b3f7ca7fc0ee1b424c9a6826139b86656156e8adc4ecc0acd68736,76b3ce4a426bc2159d59d0c133f7d5e3b01cafc6f3edf2313428f26881023dd4
chils_p4_custom,CP-SCALE-AU-L002__gW1200_gE0340_s0150,67,0162c930ee3ac342ae0b8d1858ed8087c2fe6d139fc2a9cd9e3eccbe92025438,ok,True,1261206971327,1261206971327,1261206.971327,True,900.0077079534531,899.5003375179999,,,134b238004b3f7ca7fc0ee1b424c9a6826139b86656156e8adc4ecc0acd68736,68fd21ef61b7cfaa228bcc78aa122ab7ed1946dc1e9330e3ca3d0fbf6ff06af3
chils_p4_custom,CP-SCALE-AU-L002__gW1200_gE0340_s0150,71,4a92816c0ea59f675d32f2c61546e090c41259b2cbcb1a0799c43b2ede59795b,ok,True,1262874956311,1262874956311,1262874.956311,True,900.0083542577922,899.9274623009997,,,134b238004b3f7ca7fc0ee1b424c9a6826139b86656156e8adc4ecc0acd68736,68fd21ef61b7cfaa228bcc78aa122ab7ed1946dc1e9330e3ca3d0fbf6ff06af3
chils_p4_custom,CP-SCALE-AU-L002__gW1200_gE0340_s0150,73,cc47667a19e87c9e749d5fdd570f59f4b46580b901fd2f925155a002aac29719,ok,True,1260311417950,1260311417950,1260311.41795,True,900.0078544579446,899.707142909,,,134b238004b3f7ca7fc0ee1b424c9a6826139b86656156e8adc4ecc0acd68736,68fd21ef61b7cfaa228bcc78aa122ab7ed1946dc1e9330e3ca3d0fbf6ff06af3
chils_p4_custom,CP-SCALE-AU-L002__gW1200_gE0340_s0150,79,2b4b3a14510e3d8705c8a95467bc8bee7f557dc2d8a66452d3595f83881ceb8b,ok,True,1260644541108,1260644541108,1260644.541108,True,900.0073250979185,899.955101465,,,134b238004b3f7ca7fc0ee1b424c9a6826139b86656156e8adc4ecc0acd68736,68fd21ef61b7cfaa228bcc78aa122ab7ed1946dc1e9330e3ca3d0fbf6ff06af3
chils_p4_custom,CP-SCALE-AU-L002__gW1200_gE0340_s0150,83,7cf0649b0a2eebb50c7da7f4615c56d0177b08f16e0597087c82c4f0b5c4eaa5,ok,True,1260436083749,1260436083749,1260436.083749,True,900.0080788135529,899.678118436,,,134b238004b3f7ca7fc0ee1b424c9a6826139b86656156e8adc4ecc0acd68736,68fd21ef61b7cfaa228bcc78aa122ab7ed1946dc1e9330e3ca3d0fbf6ff06af3
chils_p4_custom,CP-SCALE-AU-L002__gW1200_gE0680_s0150,67,3a382ed955bc46683bbce59d92df2be411cac15c3d818646dbe8c5a00863fb1f,ok,True,1062965817395,1062965817395,1062965.817395,True,900.0419829264283,899.949361932,,,134b238004b3f7ca7fc0ee1b424c9a6826139b86656156e8adc4ecc0acd68736,97eed4ff2c5b4a84d1d1b8e9645e81fe0d40ff8e9fc4daac45e73da590f4615c
chils_p4_custom,CP-SCALE-AU-L002__gW1200_gE0680_s0150,71,0373ed694d381c0849f48883823a828f9d938eb28ce805ea01c1989d72a744cd,ok,True,1061563270096,1061563270096,1061563.270096,True,900.0065636374056,899.2337671129999,,,134b238004b3f7ca7fc0ee1b424c9a6826139b86656156e8adc4ecc0acd68736,97eed4ff2c5b4a84d1d1b8e9645e81fe0d40ff8e9fc4daac45e73da590f4615c
chils_p4_custom,CP-SCALE-AU-L002__gW1200_gE0680_s0150,73,937744be2cb4f83730ceaf3f3b83b58d9af45fae5ef87720d5d22075eb2c01c9,ok,True,1062894655966,1062894655966,1062894.655966,True,900.0066753178835,899.142322621,,,134b238004b3f7ca7fc0ee1b424c9a6826139b86656156e8adc4ecc0acd68736,97eed4ff2c5b4a84d1d1b8e9645e81fe0d40ff8e9fc4daac45e73da590f4615c
chils_p4_custom,CP-SCALE-AU-L002__gW1200_gE0680_s0150,79,fa7f349f5b471c78b4e395395ef96d50aba1921713f564ba2c076a8e2dc9d822,ok,True,1063820578750,1063820578750,1063820.57875,True,900.0069384537637,899.3561151390004,,,134b238004b3f7ca7fc0ee1b424c9a6826139b86656156e8adc4ecc0acd68736,97eed4ff2c5b4a84d1d1b8e9645e81fe0d40ff8e9fc4daac45e73da590f4615c
chils_p4_custom,CP-SCALE-AU-L002__gW1200_gE0680_s0150,83,441a181bd2dddd7a410a32f0e9f101229356ea8c53875a79988dfd9c1dad62ed,ok,True,1062584974687,1062584974687,1062584.974687,True,900.0085617750883,899.3112466679995,,,134b238004b3f7ca7fc0ee1b424c9a6826139b86656156e8adc4ecc0acd68736,97eed4ff2c5b4a84d1d1b8e9645e81fe0d40ff8e9fc4daac45e73da590f4615c
